ISO-10303-21;
HEADER;
FILE_DESCRIPTION(('FreeCAD Model'),'2;1');
FILE_NAME('Open CASCADE Shape Model','2026-01-12T23:40:28',(''),(''),
  'Open CASCADE STEP processor 7.8','FreeCAD','Unknown');
FILE_SCHEMA(('AUTOMOTIVE_DESIGN { 1 0 10303 214 1 1 1 1 }'));
ENDSEC;
DATA;
#1 = APPLICATION_PROTOCOL_DEFINITION('international standard',
  'automotive_design',2000,#2);
#2 = APPLICATION_CONTEXT(
  'core data for automotive mechanical design processes');
#3 = SHAPE_DEFINITION_REPRESENTATION(#4,#10);
#4 = PRODUCT_DEFINITION_SHAPE('','',#5);
#5 = PRODUCT_DEFINITION('design','',#6,#9);
#6 = PRODUCT_DEFINITION_FORMATION('','',#7);
#7 = PRODUCT('case','case','',(#8));
#8 = PRODUCT_CONTEXT('',#2,'mechanical');
#9 = PRODUCT_DEFINITION_CONTEXT('part definition',#2,'design');
#10 = ADVANCED_BREP_SHAPE_REPRESENTATION('',(#11,#15),#4710);
#11 = AXIS2_PLACEMENT_3D('',#12,#13,#14);
#12 = CARTESIAN_POINT('',(0.,0.,0.));
#13 = DIRECTION('',(0.,0.,1.));
#14 = DIRECTION('',(1.,0.,-0.));
#15 = MANIFOLD_SOLID_BREP('',#16);
#16 = CLOSED_SHELL('',(#17,#146,#171,#202,#235,#637,#662,#687,#719,#743,
    #767,#792,#817,#841,#865,#883,#908,#954,#979,#1102,#1126,#1169,#1202
    ,#1219,#1336,#1360,#1384,#1559,#1583,#1607,#1624,#1648,#1672,#1689,
    #1722,#1746,#1779,#1838,#1862,#1886,#1910,#1927,#1958,#1983,#2007,
    #2032,#2056,#2081,#2105,#2123,#2154,#2179,#2203,#2228,#2252,#2277,
    #2301,#2319,#2344,#2369,#2394,#2419,#2516,#2541,#2559,#2584,#2608,
    #2620,#2672,#2833,#2878,#3038,#3083,#3244,#3262,#3287,#3299,#3323,
    #3340,#3373,#3405,#3439,#3485,#3553,#3570,#3595,#3612,#3629,#3662,
    #3679,#3691,#3703,#3734,#3758,#3782,#3799,#3830,#3854,#3878,#3895,
    #3999,#4017,#4042,#4059,#4084,#4106,#4123,#4140,#4152,#4177,#4202,
    #4227,#4343,#4360,#4438,#4450,#4462,#4474,#4486,#4503,#4520,#4537,
    #4554,#4578,#4603,#4620,#4644,#4669,#4686,#4698));
#17 = ADVANCED_FACE('',(#18,#29,#71),#141,.F.);
#18 = FACE_BOUND('',#19,.F.);
#19 = EDGE_LOOP('',(#20));
#20 = ORIENTED_EDGE('',*,*,#21,.F.);
#21 = EDGE_CURVE('',#22,#22,#24,.T.);
#22 = VERTEX_POINT('',#23);
#23 = CARTESIAN_POINT('',(-28.,-43.67893653003,3.));
#24 = CIRCLE('',#25,2.15);
#25 = AXIS2_PLACEMENT_3D('',#26,#27,#28);
#26 = CARTESIAN_POINT('',(-28.,-45.82893653003,3.));
#27 = DIRECTION('',(1.,0.,0.));
#28 = DIRECTION('',(0.,1.,0.));
#29 = FACE_BOUND('',#30,.F.);
#30 = EDGE_LOOP('',(#31,#41,#49,#57,#65));
#31 = ORIENTED_EDGE('',*,*,#32,.F.);
#32 = EDGE_CURVE('',#33,#35,#37,.T.);
#33 = VERTEX_POINT('',#34);
#34 = CARTESIAN_POINT('',(-28.,17.,14.5));
#35 = VERTEX_POINT('',#36);
#36 = CARTESIAN_POINT('',(-28.,17.,0.));
#37 = LINE('',#38,#39);
#38 = CARTESIAN_POINT('',(-28.,17.,18.5));
#39 = VECTOR('',#40,1.);
#40 = DIRECTION('',(0.,0.,-1.));
#41 = ORIENTED_EDGE('',*,*,#42,.F.);
#42 = EDGE_CURVE('',#43,#33,#45,.T.);
#43 = VERTEX_POINT('',#44);
#44 = CARTESIAN_POINT('',(-28.,-22.29469244257,14.5));
#45 = LINE('',#46,#47);
#46 = CARTESIAN_POINT('',(-28.,-23.,14.5));
#47 = VECTOR('',#48,1.);
#48 = DIRECTION('',(0.,1.,0.));
#49 = ORIENTED_EDGE('',*,*,#50,.F.);
#50 = EDGE_CURVE('',#51,#43,#53,.T.);
#51 = VERTEX_POINT('',#52);
#52 = CARTESIAN_POINT('',(-28.,-50.82893653003,4.114390220771));
#53 = LINE('',#54,#55);
#54 = CARTESIAN_POINT('',(-28.,-49.46085662275,4.612330310586));
#55 = VECTOR('',#56,1.);
#56 = DIRECTION('',(0.,0.93969268139,0.342019976818));
#57 = ORIENTED_EDGE('',*,*,#58,.F.);
#58 = EDGE_CURVE('',#59,#51,#61,.T.);
#59 = VERTEX_POINT('',#60);
#60 = CARTESIAN_POINT('',(-28.,-50.82893653003,0.));
#61 = LINE('',#62,#63);
#62 = CARTESIAN_POINT('',(-28.,-50.82893653003,0.));
#63 = VECTOR('',#64,1.);
#64 = DIRECTION('',(0.,0.,1.));
#65 = ORIENTED_EDGE('',*,*,#66,.F.);
#66 = EDGE_CURVE('',#35,#59,#67,.T.);
#67 = LINE('',#68,#69);
#68 = CARTESIAN_POINT('',(-28.,23.,0.));
#69 = VECTOR('',#70,1.);
#70 = DIRECTION('',(0.,-1.,0.));
#71 = FACE_BOUND('',#72,.F.);
#72 = EDGE_LOOP('',(#73,#84,#92,#101,#109,#118,#126,#135));
#73 = ORIENTED_EDGE('',*,*,#74,.T.);
#74 = EDGE_CURVE('',#75,#77,#79,.T.);
#75 = VERTEX_POINT('',#76);
#76 = CARTESIAN_POINT('',(-28.,-22.03,5.16));
#77 = VERTEX_POINT('',#78);
#78 = CARTESIAN_POINT('',(-28.,-20.03,3.16));
#79 = CIRCLE('',#80,2.);
#80 = AXIS2_PLACEMENT_3D('',#81,#82,#83);
#81 = CARTESIAN_POINT('',(-28.,-22.03,3.16));
#82 = DIRECTION('',(-1.,0.,0.));
#83 = DIRECTION('',(0.,-1.,0.));
#84 = ORIENTED_EDGE('',*,*,#85,.T.);
#85 = EDGE_CURVE('',#77,#86,#88,.T.);
#86 = VERTEX_POINT('',#87);
#87 = CARTESIAN_POINT('',(-28.,-20.03,3.));
#88 = LINE('',#89,#90);
#89 = CARTESIAN_POINT('',(-28.,-20.03,3.16));
#90 = VECTOR('',#91,1.);
#91 = DIRECTION('',(0.,0.,-1.));
#92 = ORIENTED_EDGE('',*,*,#93,.T.);
#93 = EDGE_CURVE('',#86,#94,#96,.T.);
#94 = VERTEX_POINT('',#95);
#95 = CARTESIAN_POINT('',(-28.,-22.03,1.));
#96 = CIRCLE('',#97,2.);
#97 = AXIS2_PLACEMENT_3D('',#98,#99,#100);
#98 = CARTESIAN_POINT('',(-28.,-22.03,3.));
#99 = DIRECTION('',(-1.,0.,0.));
#100 = DIRECTION('',(0.,-1.,0.));
#101 = ORIENTED_EDGE('',*,*,#102,.T.);
#102 = EDGE_CURVE('',#94,#103,#105,.T.);
#103 = VERTEX_POINT('',#104);
#104 = CARTESIAN_POINT('',(-28.,-27.97,1.));
#105 = LINE('',#106,#107);
#106 = CARTESIAN_POINT('',(-28.,-22.03,1.));
#107 = VECTOR('',#108,1.);
#108 = DIRECTION('',(0.,-1.,0.));
#109 = ORIENTED_EDGE('',*,*,#110,.T.);
#110 = EDGE_CURVE('',#103,#111,#113,.T.);
#111 = VERTEX_POINT('',#112);
#112 = CARTESIAN_POINT('',(-28.,-29.97,3.));
#113 = CIRCLE('',#114,2.);
#114 = AXIS2_PLACEMENT_3D('',#115,#116,#117);
#115 = CARTESIAN_POINT('',(-28.,-27.97,3.));
#116 = DIRECTION('',(-1.,0.,0.));
#117 = DIRECTION('',(0.,-1.,0.));
#118 = ORIENTED_EDGE('',*,*,#119,.T.);
#119 = EDGE_CURVE('',#111,#120,#122,.T.);
#120 = VERTEX_POINT('',#121);
#121 = CARTESIAN_POINT('',(-28.,-29.97,3.16));
#122 = LINE('',#123,#124);
#123 = CARTESIAN_POINT('',(-28.,-29.97,3.));
#124 = VECTOR('',#125,1.);
#125 = DIRECTION('',(0.,0.,1.));
#126 = ORIENTED_EDGE('',*,*,#127,.T.);
#127 = EDGE_CURVE('',#120,#128,#130,.T.);
#128 = VERTEX_POINT('',#129);
#129 = CARTESIAN_POINT('',(-28.,-27.97,5.16));
#130 = CIRCLE('',#131,2.);
#131 = AXIS2_PLACEMENT_3D('',#132,#133,#134);
#132 = CARTESIAN_POINT('',(-28.,-27.97,3.16));
#133 = DIRECTION('',(-1.,0.,0.));
#134 = DIRECTION('',(0.,-1.,0.));
#135 = ORIENTED_EDGE('',*,*,#136,.T.);
#136 = EDGE_CURVE('',#128,#75,#137,.T.);
#137 = LINE('',#138,#139);
#138 = CARTESIAN_POINT('',(-28.,-27.97,5.16));
#139 = VECTOR('',#140,1.);
#140 = DIRECTION('',(0.,1.,0.));
#141 = PLANE('',#142);
#142 = AXIS2_PLACEMENT_3D('',#143,#144,#145);
#143 = CARTESIAN_POINT('',(-28.,-14.5472683249,7.965190899088));
#144 = DIRECTION('',(1.,0.,0.));
#145 = DIRECTION('',(0.,0.,1.));
#146 = ADVANCED_FACE('',(#147),#166,.F.);
#147 = FACE_BOUND('',#148,.F.);
#148 = EDGE_LOOP('',(#149,#157,#158,#159));
#149 = ORIENTED_EDGE('',*,*,#150,.F.);
#150 = EDGE_CURVE('',#22,#151,#153,.T.);
#151 = VERTEX_POINT('',#152);
#152 = CARTESIAN_POINT('',(-26.9,-44.77893653003,3.));
#153 = LINE('',#154,#155);
#154 = CARTESIAN_POINT('',(-26.9,-44.77893653003,3.));
#155 = VECTOR('',#156,1.);
#156 = DIRECTION('',(0.707106781187,-0.707106781187,0.));
#157 = ORIENTED_EDGE('',*,*,#21,.T.);
#158 = ORIENTED_EDGE('',*,*,#150,.T.);
#159 = ORIENTED_EDGE('',*,*,#160,.F.);
#160 = EDGE_CURVE('',#151,#151,#161,.T.);
#161 = CIRCLE('',#162,1.05);
#162 = AXIS2_PLACEMENT_3D('',#163,#164,#165);
#163 = CARTESIAN_POINT('',(-26.9,-45.82893653003,3.));
#164 = DIRECTION('',(1.,0.,0.));
#165 = DIRECTION('',(0.,1.,0.));
#166 = CONICAL_SURFACE('',#167,1.05,0.785398163397);
#167 = AXIS2_PLACEMENT_3D('',#168,#169,#170);
#168 = CARTESIAN_POINT('',(-26.9,-45.82893653003,3.));
#169 = DIRECTION('',(-1.,-0.,-0.));
#170 = DIRECTION('',(0.,1.,0.));
#171 = ADVANCED_FACE('',(#172),#197,.F.);
#172 = FACE_BOUND('',#173,.T.);
#173 = EDGE_LOOP('',(#174,#184,#190,#191));
#174 = ORIENTED_EDGE('',*,*,#175,.T.);
#175 = EDGE_CURVE('',#176,#178,#180,.T.);
#176 = VERTEX_POINT('',#177);
#177 = CARTESIAN_POINT('',(-22.,23.,14.5));
#178 = VERTEX_POINT('',#179);
#179 = CARTESIAN_POINT('',(-22.,23.,0.));
#180 = LINE('',#181,#182);
#181 = CARTESIAN_POINT('',(-22.,23.,18.5));
#182 = VECTOR('',#183,1.);
#183 = DIRECTION('',(0.,0.,-1.));
#184 = ORIENTED_EDGE('',*,*,#185,.T.);
#185 = EDGE_CURVE('',#178,#35,#186,.T.);
#186 = LINE('',#187,#188);
#187 = CARTESIAN_POINT('',(-25.,20.,-7.105427357601E-15));
#188 = VECTOR('',#189,1.);
#189 = DIRECTION('',(-0.707106781187,-0.707106781187,1.6E-16));
#190 = ORIENTED_EDGE('',*,*,#32,.F.);
#191 = ORIENTED_EDGE('',*,*,#192,.F.);
#192 = EDGE_CURVE('',#176,#33,#193,.T.);
#193 = LINE('',#194,#195);
#194 = CARTESIAN_POINT('',(-22.,23.,14.5));
#195 = VECTOR('',#196,1.);
#196 = DIRECTION('',(-0.707106781187,-0.707106781187,1.6E-16));
#197 = PLANE('',#198);
#198 = AXIS2_PLACEMENT_3D('',#199,#200,#201);
#199 = CARTESIAN_POINT('',(-25.,20.,18.5));
#200 = DIRECTION('',(0.707106781187,-0.707106781187,-1.E-17));
#201 = DIRECTION('',(7.071067811865E-18,-7.071067811865E-18,1.));
#202 = ADVANCED_FACE('',(#203),#230,.T.);
#203 = FACE_BOUND('',#204,.T.);
#204 = EDGE_LOOP('',(#205,#214,#222,#229));
#205 = ORIENTED_EDGE('',*,*,#206,.T.);
#206 = EDGE_CURVE('',#43,#207,#209,.T.);
#207 = VERTEX_POINT('',#208);
#208 = CARTESIAN_POINT('',(-24.,-23.,18.5));
#209 = ELLIPSE('',#210,4.061706384091,4.);
#210 = AXIS2_PLACEMENT_3D('',#211,#212,#213);
#211 = CARTESIAN_POINT('',(-24.,-22.29469244257,14.5));
#212 = DIRECTION('',(-0.,0.984807768397,0.173648090416));
#213 = DIRECTION('',(0.,-0.173648090416,0.984807768397));
#214 = ORIENTED_EDGE('',*,*,#215,.T.);
#215 = EDGE_CURVE('',#207,#216,#218,.T.);
#216 = VERTEX_POINT('',#217);
#217 = CARTESIAN_POINT('',(-24.,15.343145750508,18.5));
#218 = LINE('',#219,#220);
#219 = CARTESIAN_POINT('',(-24.,-23.,18.5));
#220 = VECTOR('',#221,1.);
#221 = DIRECTION('',(0.,1.,0.));
#222 = ORIENTED_EDGE('',*,*,#223,.F.);
#223 = EDGE_CURVE('',#33,#216,#224,.T.);
#224 = ELLIPSE('',#225,4.32956880117,4.);
#225 = AXIS2_PLACEMENT_3D('',#226,#227,#228);
#226 = CARTESIAN_POINT('',(-24.,15.343145750508,14.5));
#227 = DIRECTION('',(0.382683432365,0.923879532511,-8.E-17));
#228 = DIRECTION('',(-0.923879532511,0.382683432365,2.E-16));
#229 = ORIENTED_EDGE('',*,*,#42,.F.);
#230 = CYLINDRICAL_SURFACE('',#231,4.);
#231 = AXIS2_PLACEMENT_3D('',#232,#233,#234);
#232 = CARTESIAN_POINT('',(-24.,-23.,14.5));
#233 = DIRECTION('',(0.,1.,0.));
#234 = DIRECTION('',(-1.,0.,0.));
#235 = ADVANCED_FACE('',(#236,#286,#448,#518,#588,#599,#610,#621),#632,
  .T.);
#236 = FACE_BOUND('',#237,.T.);
#237 = EDGE_LOOP('',(#238,#246,#254,#262,#270,#278,#284,#285));
#238 = ORIENTED_EDGE('',*,*,#239,.T.);
#239 = EDGE_CURVE('',#178,#240,#242,.T.);
#240 = VERTEX_POINT('',#241);
#241 = CARTESIAN_POINT('',(22.,23.,-3.552713678801E-15));
#242 = LINE('',#243,#244);
#243 = CARTESIAN_POINT('',(-28.,23.,-3.552713678801E-15));
#244 = VECTOR('',#245,1.);
#245 = DIRECTION('',(1.,-2.2E-16,0.));
#246 = ORIENTED_EDGE('',*,*,#247,.T.);
#247 = EDGE_CURVE('',#240,#248,#250,.T.);
#248 = VERTEX_POINT('',#249);
#249 = CARTESIAN_POINT('',(28.,17.,0.));
#250 = LINE('',#251,#252);
#251 = CARTESIAN_POINT('',(11.,34.,-1.06581410364E-14));
#252 = VECTOR('',#253,1.);
#253 = DIRECTION('',(0.707106781187,-0.707106781187,1.6E-16));
#254 = ORIENTED_EDGE('',*,*,#255,.T.);
#255 = EDGE_CURVE('',#248,#256,#258,.T.);
#256 = VERTEX_POINT('',#257);
#257 = CARTESIAN_POINT('',(28.,-50.82893653003,0.));
#258 = LINE('',#259,#260);
#259 = CARTESIAN_POINT('',(28.,23.,0.));
#260 = VECTOR('',#261,1.);
#261 = DIRECTION('',(0.,-1.,0.));
#262 = ORIENTED_EDGE('',*,*,#263,.F.);
#263 = EDGE_CURVE('',#264,#256,#266,.T.);
#264 = VERTEX_POINT('',#265);
#265 = CARTESIAN_POINT('',(22.,-56.82893653003,1.42108547152E-14));
#266 = LINE('',#267,#268);
#267 = CARTESIAN_POINT('',(30.957234132508,-47.87170239752,
    1.06581410364E-14));
#268 = VECTOR('',#269,1.);
#269 = DIRECTION('',(0.707106781187,0.707106781187,-1.6E-16));
#270 = ORIENTED_EDGE('',*,*,#271,.F.);
#271 = EDGE_CURVE('',#272,#264,#274,.T.);
#272 = VERTEX_POINT('',#273);
#273 = CARTESIAN_POINT('',(-22.,-56.82893653003,1.42108547152E-14));
#274 = LINE('',#275,#276);
#275 = CARTESIAN_POINT('',(-28.,-56.82893653003,1.42108547152E-14));
#276 = VECTOR('',#277,1.);
#277 = DIRECTION('',(1.,-2.2E-16,0.));
#278 = ORIENTED_EDGE('',*,*,#279,.T.);
#279 = EDGE_CURVE('',#272,#59,#280,.T.);
#280 = LINE('',#281,#282);
#281 = CARTESIAN_POINT('',(-44.9572341325,-33.87170239752,
    7.105427357601E-15));
#282 = VECTOR('',#283,1.);
#283 = DIRECTION('',(-0.707106781187,0.707106781187,-1.6E-16));
#284 = ORIENTED_EDGE('',*,*,#66,.F.);
#285 = ORIENTED_EDGE('',*,*,#185,.F.);
#286 = FACE_BOUND('',#287,.T.);
#287 = EDGE_LOOP('',(#288,#298,#306,#314,#322,#330,#338,#346,#354,#362,
    #370,#378,#386,#394,#402,#410,#418,#426,#434,#442));
#288 = ORIENTED_EDGE('',*,*,#289,.F.);
#289 = EDGE_CURVE('',#290,#292,#294,.T.);
#290 = VERTEX_POINT('',#291);
#291 = CARTESIAN_POINT('',(-21.,21.,-3.552713678801E-15));
#292 = VERTEX_POINT('',#293);
#293 = CARTESIAN_POINT('',(21.,21.,-3.552713678801E-15));
#294 = LINE('',#295,#296);
#295 = CARTESIAN_POINT('',(-28.,21.,-3.552713678801E-15));
#296 = VECTOR('',#297,1.);
#297 = DIRECTION('',(1.,-2.2E-16,0.));
#298 = ORIENTED_EDGE('',*,*,#299,.T.);
#299 = EDGE_CURVE('',#290,#300,#302,.T.);
#300 = VERTEX_POINT('',#301);
#301 = CARTESIAN_POINT('',(-21.,-10.74842712474,0.));
#302 = LINE('',#303,#304);
#303 = CARTESIAN_POINT('',(-21.,21.171572875254,0.));
#304 = VECTOR('',#305,1.);
#305 = DIRECTION('',(0.,-1.,0.));
#306 = ORIENTED_EDGE('',*,*,#307,.T.);
#307 = EDGE_CURVE('',#300,#308,#310,.T.);
#308 = VERTEX_POINT('',#309);
#309 = CARTESIAN_POINT('',(-26.,-10.74842712474,0.));
#310 = LINE('',#311,#312);
#311 = CARTESIAN_POINT('',(-21.,-10.74842712474,0.));
#312 = VECTOR('',#313,1.);
#313 = DIRECTION('',(-1.,0.,0.));
#314 = ORIENTED_EDGE('',*,*,#315,.T.);
#315 = EDGE_CURVE('',#308,#316,#318,.T.);
#316 = VERTEX_POINT('',#317);
#317 = CARTESIAN_POINT('',(-26.,-14.83000209148,0.));
#318 = LINE('',#319,#320);
#319 = CARTESIAN_POINT('',(-26.,23.,0.));
#320 = VECTOR('',#321,1.);
#321 = DIRECTION('',(0.,-1.,0.));
#322 = ORIENTED_EDGE('',*,*,#323,.T.);
#323 = EDGE_CURVE('',#316,#324,#326,.T.);
#324 = VERTEX_POINT('',#325);
#325 = CARTESIAN_POINT('',(-24.4,-16.43000156861,0.));
#326 = LINE('',#327,#328);
#327 = CARTESIAN_POINT('',(-26.,-14.83000209148,0.));
#328 = VECTOR('',#329,1.);
#329 = DIRECTION('',(0.707106896726,-0.707106665647,0.));
#330 = ORIENTED_EDGE('',*,*,#331,.T.);
#331 = EDGE_CURVE('',#324,#332,#334,.T.);
#332 = VERTEX_POINT('',#333);
#333 = CARTESIAN_POINT('',(-24.4,-18.43000156861,0.));
#334 = LINE('',#335,#336);
#335 = CARTESIAN_POINT('',(-24.4,-16.43000156861,0.));
#336 = VECTOR('',#337,1.);
#337 = DIRECTION('',(0.,-1.,0.));
#338 = ORIENTED_EDGE('',*,*,#339,.T.);
#339 = EDGE_CURVE('',#332,#340,#342,.T.);
#340 = VERTEX_POINT('',#341);
#341 = CARTESIAN_POINT('',(-26.,-20.03,0.));
#342 = LINE('',#343,#344);
#343 = CARTESIAN_POINT('',(-24.4,-18.43000156861,0.));
#344 = VECTOR('',#345,1.);
#345 = DIRECTION('',(-0.707107127805,-0.707106434568,0.));
#346 = ORIENTED_EDGE('',*,*,#347,.T.);
#347 = EDGE_CURVE('',#340,#348,#350,.T.);
#348 = VERTEX_POINT('',#349);
#349 = CARTESIAN_POINT('',(-26.,-29.97,0.));
#350 = LINE('',#351,#352);
#351 = CARTESIAN_POINT('',(-26.,23.,0.));
#352 = VECTOR('',#353,1.);
#353 = DIRECTION('',(0.,-1.,0.));
#354 = ORIENTED_EDGE('',*,*,#355,.T.);
#355 = EDGE_CURVE('',#348,#356,#358,.T.);
#356 = VERTEX_POINT('',#357);
#357 = CARTESIAN_POINT('',(-24.4,-31.56999947712,0.));
#358 = LINE('',#359,#360);
#359 = CARTESIAN_POINT('',(-26.,-29.97,0.));
#360 = VECTOR('',#361,1.);
#361 = DIRECTION('',(0.707106896726,-0.707106665647,0.));
#362 = ORIENTED_EDGE('',*,*,#363,.T.);
#363 = EDGE_CURVE('',#356,#364,#366,.T.);
#364 = VERTEX_POINT('',#365);
#365 = CARTESIAN_POINT('',(-24.4,-33.56999947712,0.));
#366 = LINE('',#367,#368);
#367 = CARTESIAN_POINT('',(-24.4,-31.56999947712,0.));
#368 = VECTOR('',#369,1.);
#369 = DIRECTION('',(0.,-1.,0.));
#370 = ORIENTED_EDGE('',*,*,#371,.T.);
#371 = EDGE_CURVE('',#364,#372,#374,.T.);
#372 = VERTEX_POINT('',#373);
#373 = CARTESIAN_POINT('',(-26.,-35.16999947712,0.));
#374 = LINE('',#375,#376);
#375 = CARTESIAN_POINT('',(-24.4,-33.56999947712,0.));
#376 = VECTOR('',#377,1.);
#377 = DIRECTION('',(-0.707106781187,-0.707106781187,0.));
#378 = ORIENTED_EDGE('',*,*,#379,.T.);
#379 = EDGE_CURVE('',#372,#380,#382,.T.);
#380 = VERTEX_POINT('',#381);
#381 = CARTESIAN_POINT('',(-26.,-50.00050940528,1.06581410364E-14));
#382 = LINE('',#383,#384);
#383 = CARTESIAN_POINT('',(-26.,23.,0.));
#384 = VECTOR('',#385,1.);
#385 = DIRECTION('',(0.,-1.,0.));
#386 = ORIENTED_EDGE('',*,*,#387,.F.);
#387 = EDGE_CURVE('',#388,#380,#390,.T.);
#388 = VERTEX_POINT('',#389);
#389 = CARTESIAN_POINT('',(-21.17157287525,-54.82893653003,
    1.7763568394E-14));
#390 = LINE('',#391,#392);
#391 = CARTESIAN_POINT('',(-43.54302057013,-32.45748883515,
    7.105427357601E-15));
#392 = VECTOR('',#393,1.);
#393 = DIRECTION('',(-0.707106781187,0.707106781187,-1.6E-16));
#394 = ORIENTED_EDGE('',*,*,#395,.T.);
#395 = EDGE_CURVE('',#388,#396,#398,.T.);
#396 = VERTEX_POINT('',#397);
#397 = CARTESIAN_POINT('',(21.171572875254,-54.82893653003,
    2.13162820728E-14));
#398 = LINE('',#399,#400);
#399 = CARTESIAN_POINT('',(-28.,-54.82893653003,1.42108547152E-14));
#400 = VECTOR('',#401,1.);
#401 = DIRECTION('',(1.,-2.2E-16,0.));
#402 = ORIENTED_EDGE('',*,*,#403,.T.);
#403 = EDGE_CURVE('',#396,#404,#406,.T.);
#404 = VERTEX_POINT('',#405);
#405 = CARTESIAN_POINT('',(26.,-50.00050940528,1.7763568394E-14));
#406 = LINE('',#407,#408);
#407 = CARTESIAN_POINT('',(29.543020570134,-46.45748883515,
    1.06581410364E-14));
#408 = VECTOR('',#409,1.);
#409 = DIRECTION('',(0.707106781187,0.707106781187,-1.6E-16));
#410 = ORIENTED_EDGE('',*,*,#411,.F.);
#411 = EDGE_CURVE('',#412,#404,#414,.T.);
#412 = VERTEX_POINT('',#413);
#413 = CARTESIAN_POINT('',(26.,-30.803238,0.));
#414 = LINE('',#415,#416);
#415 = CARTESIAN_POINT('',(26.,23.,0.));
#416 = VECTOR('',#417,1.);
#417 = DIRECTION('',(0.,-1.,0.));
#418 = ORIENTED_EDGE('',*,*,#419,.F.);
#419 = EDGE_CURVE('',#420,#412,#422,.T.);
#420 = VERTEX_POINT('',#421);
#421 = CARTESIAN_POINT('',(16.6,-30.803238,0.));
#422 = LINE('',#423,#424);
#423 = CARTESIAN_POINT('',(16.6,-30.803238,0.));
#424 = VECTOR('',#425,1.);
#425 = DIRECTION('',(1.,0.,0.));
#426 = ORIENTED_EDGE('',*,*,#427,.F.);
#427 = EDGE_CURVE('',#428,#420,#430,.T.);
#428 = VERTEX_POINT('',#429);
#429 = CARTESIAN_POINT('',(16.6,-17.407137,0.));
#430 = LINE('',#431,#432);
#431 = CARTESIAN_POINT('',(16.6,-17.407137,0.));
#432 = VECTOR('',#433,1.);
#433 = DIRECTION('',(0.,-1.,0.));
#434 = ORIENTED_EDGE('',*,*,#435,.F.);
#435 = EDGE_CURVE('',#436,#428,#438,.T.);
#436 = VERTEX_POINT('',#437);
#437 = CARTESIAN_POINT('',(21.,-10.74842712474,0.));
#438 = LINE('',#439,#440);
#439 = CARTESIAN_POINT('',(21.,-10.74842712474,0.));
#440 = VECTOR('',#441,1.);
#441 = DIRECTION('',(-0.551300461447,-0.834306778834,0.));
#442 = ORIENTED_EDGE('',*,*,#443,.F.);
#443 = EDGE_CURVE('',#292,#436,#444,.T.);
#444 = LINE('',#445,#446);
#445 = CARTESIAN_POINT('',(21.,21.171572875254,0.));
#446 = VECTOR('',#447,1.);
#447 = DIRECTION('',(0.,-1.,0.));
#448 = FACE_BOUND('',#449,.T.);
#449 = EDGE_LOOP('',(#450,#460,#469,#477,#486,#494,#503,#511));
#450 = ORIENTED_EDGE('',*,*,#451,.F.);
#451 = EDGE_CURVE('',#452,#454,#456,.T.);
#452 = VERTEX_POINT('',#453);
#453 = CARTESIAN_POINT('',(17.8,-22.2,0.));
#454 = VERTEX_POINT('',#455);
#455 = CARTESIAN_POINT('',(17.8,-22.1,0.));
#456 = LINE('',#457,#458);
#457 = CARTESIAN_POINT('',(17.8,-22.2,0.));
#458 = VECTOR('',#459,1.);
#459 = DIRECTION('',(0.,1.,0.));
#460 = ORIENTED_EDGE('',*,*,#461,.F.);
#461 = EDGE_CURVE('',#462,#452,#464,.T.);
#462 = VERTEX_POINT('',#463);
#463 = CARTESIAN_POINT('',(18.8,-23.2,0.));
#464 = CIRCLE('',#465,1.);
#465 = AXIS2_PLACEMENT_3D('',#466,#467,#468);
#466 = CARTESIAN_POINT('',(18.8,-22.2,0.));
#467 = DIRECTION('',(0.,0.,-1.));
#468 = DIRECTION('',(1.,0.,0.));
#469 = ORIENTED_EDGE('',*,*,#470,.F.);
#470 = EDGE_CURVE('',#471,#462,#473,.T.);
#471 = VERTEX_POINT('',#472);
#472 = CARTESIAN_POINT('',(23.8,-23.2,0.));
#473 = LINE('',#474,#475);
#474 = CARTESIAN_POINT('',(23.8,-23.2,0.));
#475 = VECTOR('',#476,1.);
#476 = DIRECTION('',(-1.,0.,0.));
#477 = ORIENTED_EDGE('',*,*,#478,.F.);
#478 = EDGE_CURVE('',#479,#471,#481,.T.);
#479 = VERTEX_POINT('',#480);
#480 = CARTESIAN_POINT('',(24.8,-22.2,0.));
#481 = CIRCLE('',#482,1.);
#482 = AXIS2_PLACEMENT_3D('',#483,#484,#485);
#483 = CARTESIAN_POINT('',(23.8,-22.2,0.));
#484 = DIRECTION('',(0.,0.,-1.));
#485 = DIRECTION('',(1.,0.,0.));
#486 = ORIENTED_EDGE('',*,*,#487,.F.);
#487 = EDGE_CURVE('',#488,#479,#490,.T.);
#488 = VERTEX_POINT('',#489);
#489 = CARTESIAN_POINT('',(24.8,-22.1,0.));
#490 = LINE('',#491,#492);
#491 = CARTESIAN_POINT('',(24.8,-22.1,0.));
#492 = VECTOR('',#493,1.);
#493 = DIRECTION('',(0.,-1.,0.));
#494 = ORIENTED_EDGE('',*,*,#495,.F.);
#495 = EDGE_CURVE('',#496,#488,#498,.T.);
#496 = VERTEX_POINT('',#497);
#497 = CARTESIAN_POINT('',(23.8,-21.1,0.));
#498 = CIRCLE('',#499,1.);
#499 = AXIS2_PLACEMENT_3D('',#500,#501,#502);
#500 = CARTESIAN_POINT('',(23.8,-22.1,0.));
#501 = DIRECTION('',(0.,0.,-1.));
#502 = DIRECTION('',(1.,0.,0.));
#503 = ORIENTED_EDGE('',*,*,#504,.F.);
#504 = EDGE_CURVE('',#505,#496,#507,.T.);
#505 = VERTEX_POINT('',#506);
#506 = CARTESIAN_POINT('',(18.8,-21.1,0.));
#507 = LINE('',#508,#509);
#508 = CARTESIAN_POINT('',(18.8,-21.1,0.));
#509 = VECTOR('',#510,1.);
#510 = DIRECTION('',(1.,0.,0.));
#511 = ORIENTED_EDGE('',*,*,#512,.F.);
#512 = EDGE_CURVE('',#454,#505,#513,.T.);
#513 = CIRCLE('',#514,1.);
#514 = AXIS2_PLACEMENT_3D('',#515,#516,#517);
#515 = CARTESIAN_POINT('',(18.8,-22.1,0.));
#516 = DIRECTION('',(0.,0.,-1.));
#517 = DIRECTION('',(1.,0.,0.));
#518 = FACE_BOUND('',#519,.T.);
#519 = EDGE_LOOP('',(#520,#530,#539,#547,#556,#564,#573,#581));
#520 = ORIENTED_EDGE('',*,*,#521,.F.);
#521 = EDGE_CURVE('',#522,#524,#526,.T.);
#522 = VERTEX_POINT('',#523);
#523 = CARTESIAN_POINT('',(17.805538083568,-27.9,0.));
#524 = VERTEX_POINT('',#525);
#525 = CARTESIAN_POINT('',(17.805538083568,-27.8,0.));
#526 = LINE('',#527,#528);
#527 = CARTESIAN_POINT('',(17.805538083568,-27.9,0.));
#528 = VECTOR('',#529,1.);
#529 = DIRECTION('',(0.,1.,0.));
#530 = ORIENTED_EDGE('',*,*,#531,.F.);
#531 = EDGE_CURVE('',#532,#522,#534,.T.);
#532 = VERTEX_POINT('',#533);
#533 = CARTESIAN_POINT('',(18.805538083568,-28.9,0.));
#534 = CIRCLE('',#535,1.);
#535 = AXIS2_PLACEMENT_3D('',#536,#537,#538);
#536 = CARTESIAN_POINT('',(18.805538083568,-27.9,0.));
#537 = DIRECTION('',(0.,0.,-1.));
#538 = DIRECTION('',(1.,0.,0.));
#539 = ORIENTED_EDGE('',*,*,#540,.F.);
#540 = EDGE_CURVE('',#541,#532,#543,.T.);
#541 = VERTEX_POINT('',#542);
#542 = CARTESIAN_POINT('',(23.805538083568,-28.9,0.));
#543 = LINE('',#544,#545);
#544 = CARTESIAN_POINT('',(23.805538083568,-28.9,0.));
#545 = VECTOR('',#546,1.);
#546 = DIRECTION('',(-1.,0.,0.));
#547 = ORIENTED_EDGE('',*,*,#548,.F.);
#548 = EDGE_CURVE('',#549,#541,#551,.T.);
#549 = VERTEX_POINT('',#550);
#550 = CARTESIAN_POINT('',(24.805538083568,-27.9,0.));
#551 = CIRCLE('',#552,1.);
#552 = AXIS2_PLACEMENT_3D('',#553,#554,#555);
#553 = CARTESIAN_POINT('',(23.805538083568,-27.9,0.));
#554 = DIRECTION('',(0.,0.,-1.));
#555 = DIRECTION('',(1.,0.,0.));
#556 = ORIENTED_EDGE('',*,*,#557,.F.);
#557 = EDGE_CURVE('',#558,#549,#560,.T.);
#558 = VERTEX_POINT('',#559);
#559 = CARTESIAN_POINT('',(24.805538083568,-27.8,0.));
#560 = LINE('',#561,#562);
#561 = CARTESIAN_POINT('',(24.805538083568,-27.8,0.));
#562 = VECTOR('',#563,1.);
#563 = DIRECTION('',(0.,-1.,0.));
#564 = ORIENTED_EDGE('',*,*,#565,.F.);
#565 = EDGE_CURVE('',#566,#558,#568,.T.);
#566 = VERTEX_POINT('',#567);
#567 = CARTESIAN_POINT('',(23.805538083568,-26.8,0.));
#568 = CIRCLE('',#569,1.);
#569 = AXIS2_PLACEMENT_3D('',#570,#571,#572);
#570 = CARTESIAN_POINT('',(23.805538083568,-27.8,0.));
#571 = DIRECTION('',(0.,0.,-1.));
#572 = DIRECTION('',(1.,0.,0.));
#573 = ORIENTED_EDGE('',*,*,#574,.F.);
#574 = EDGE_CURVE('',#575,#566,#577,.T.);
#575 = VERTEX_POINT('',#576);
#576 = CARTESIAN_POINT('',(18.805538083568,-26.8,0.));
#577 = LINE('',#578,#579);
#578 = CARTESIAN_POINT('',(18.805538083568,-26.8,0.));
#579 = VECTOR('',#580,1.);
#580 = DIRECTION('',(1.,0.,0.));
#581 = ORIENTED_EDGE('',*,*,#582,.F.);
#582 = EDGE_CURVE('',#524,#575,#583,.T.);
#583 = CIRCLE('',#584,1.);
#584 = AXIS2_PLACEMENT_3D('',#585,#586,#587);
#585 = CARTESIAN_POINT('',(18.805538083568,-27.8,0.));
#586 = DIRECTION('',(0.,0.,-1.));
#587 = DIRECTION('',(1.,0.,0.));
#588 = FACE_BOUND('',#589,.T.);
#589 = EDGE_LOOP('',(#590));
#590 = ORIENTED_EDGE('',*,*,#591,.F.);
#591 = EDGE_CURVE('',#592,#592,#594,.T.);
#592 = VERTEX_POINT('',#593);
#593 = CARTESIAN_POINT('',(-22.45,-8.75,0.));
#594 = CIRCLE('',#595,1.05);
#595 = AXIS2_PLACEMENT_3D('',#596,#597,#598);
#596 = CARTESIAN_POINT('',(-23.5,-8.75,0.));
#597 = DIRECTION('',(0.,0.,-1.));
#598 = DIRECTION('',(1.,0.,0.));
#599 = FACE_BOUND('',#600,.T.);
#600 = EDGE_LOOP('',(#601));
#601 = ORIENTED_EDGE('',*,*,#602,.F.);
#602 = EDGE_CURVE('',#603,#603,#605,.T.);
#603 = VERTEX_POINT('',#604);
#604 = CARTESIAN_POINT('',(-22.45,8.75,0.));
#605 = CIRCLE('',#606,1.05);
#606 = AXIS2_PLACEMENT_3D('',#607,#608,#609);
#607 = CARTESIAN_POINT('',(-23.5,8.75,0.));
#608 = DIRECTION('',(0.,0.,-1.));
#609 = DIRECTION('',(1.,0.,0.));
#610 = FACE_BOUND('',#611,.T.);
#611 = EDGE_LOOP('',(#612));
#612 = ORIENTED_EDGE('',*,*,#613,.F.);
#613 = EDGE_CURVE('',#614,#614,#616,.T.);
#614 = VERTEX_POINT('',#615);
#615 = CARTESIAN_POINT('',(24.55,-8.75,0.));
#616 = CIRCLE('',#617,1.05);
#617 = AXIS2_PLACEMENT_3D('',#618,#619,#620);
#618 = CARTESIAN_POINT('',(23.5,-8.75,0.));
#619 = DIRECTION('',(0.,0.,-1.));
#620 = DIRECTION('',(1.,0.,0.));
#621 = FACE_BOUND('',#622,.T.);
#622 = EDGE_LOOP('',(#623));
#623 = ORIENTED_EDGE('',*,*,#624,.F.);
#624 = EDGE_CURVE('',#625,#625,#627,.T.);
#625 = VERTEX_POINT('',#626);
#626 = CARTESIAN_POINT('',(24.55,8.75,0.));
#627 = CIRCLE('',#628,1.05);
#628 = AXIS2_PLACEMENT_3D('',#629,#630,#631);
#629 = CARTESIAN_POINT('',(23.5,8.75,0.));
#630 = DIRECTION('',(0.,0.,-1.));
#631 = DIRECTION('',(1.,0.,0.));
#632 = PLANE('',#633);
#633 = AXIS2_PLACEMENT_3D('',#634,#635,#636);
#634 = CARTESIAN_POINT('',(1.7763568394E-15,-16.91446826501,
    3.552713678801E-15));
#635 = DIRECTION('',(-0.,-2.3E-16,-1.));
#636 = DIRECTION('',(0.,-1.,2.3E-16));
#637 = ADVANCED_FACE('',(#638),#657,.T.);
#638 = FACE_BOUND('',#639,.T.);
#639 = EDGE_LOOP('',(#640,#649,#655,#656));
#640 = ORIENTED_EDGE('',*,*,#641,.T.);
#641 = EDGE_CURVE('',#51,#642,#644,.T.);
#642 = VERTEX_POINT('',#643);
#643 = CARTESIAN_POINT('',(-24.,-54.82893653003,6.91522090175));
#644 = ELLIPSE('',#645,6.019898166203,4.);
#645 = AXIS2_PLACEMENT_3D('',#646,#647,#648);
#646 = CARTESIAN_POINT('',(-24.,-54.82893653003,2.658510086375));
#647 = DIRECTION('',(0.707106781187,0.707106781187,2.585975911456E-17));
#648 = DIRECTION('',(-0.62870744352,0.62870744352,0.457661338683));
#649 = ORIENTED_EDGE('',*,*,#650,.T.);
#650 = EDGE_CURVE('',#642,#207,#651,.T.);
#651 = LINE('',#652,#653);
#652 = CARTESIAN_POINT('',(-24.,-50.82893653003,8.371101036145));
#653 = VECTOR('',#654,1.);
#654 = DIRECTION('',(0.,0.93969268139,0.342019976818));
#655 = ORIENTED_EDGE('',*,*,#206,.F.);
#656 = ORIENTED_EDGE('',*,*,#50,.F.);
#657 = CYLINDRICAL_SURFACE('',#658,4.);
#658 = AXIS2_PLACEMENT_3D('',#659,#660,#661);
#659 = CARTESIAN_POINT('',(-24.,-49.46085662275,4.612330310586));
#660 = DIRECTION('',(0.,0.93969268139,0.342019976818));
#661 = DIRECTION('',(-1.,0.,0.));
#662 = ADVANCED_FACE('',(#663),#682,.F.);
#663 = FACE_BOUND('',#664,.T.);
#664 = EDGE_LOOP('',(#665,#666,#667,#675,#681));
#665 = ORIENTED_EDGE('',*,*,#58,.F.);
#666 = ORIENTED_EDGE('',*,*,#279,.F.);
#667 = ORIENTED_EDGE('',*,*,#668,.T.);
#668 = EDGE_CURVE('',#272,#669,#671,.T.);
#669 = VERTEX_POINT('',#670);
#670 = CARTESIAN_POINT('',(-22.,-56.82893653003,6.187280834552));
#671 = LINE('',#672,#673);
#672 = CARTESIAN_POINT('',(-22.,-56.82893653003,0.));
#673 = VECTOR('',#674,1.);
#674 = DIRECTION('',(0.,0.,1.));
#675 = ORIENTED_EDGE('',*,*,#676,.T.);
#676 = EDGE_CURVE('',#669,#642,#677,.T.);
#677 = LINE('',#678,#679);
#678 = CARTESIAN_POINT('',(-24.2856115337,-54.54332499632,7.019174941269
    ));
#679 = VECTOR('',#680,1.);
#680 = DIRECTION('',(-0.684791102226,0.684791102226,0.249243440485));
#681 = ORIENTED_EDGE('',*,*,#641,.F.);
#682 = PLANE('',#683);
#683 = AXIS2_PLACEMENT_3D('',#684,#685,#686);
#684 = CARTESIAN_POINT('',(-25.,-53.82893653003,0.));
#685 = DIRECTION('',(0.707106781187,0.707106781187,1.E-17));
#686 = DIRECTION('',(7.071067811865E-18,7.071067811865E-18,-1.));
#687 = ADVANCED_FACE('',(#688),#714,.F.);
#688 = FACE_BOUND('',#689,.F.);
#689 = EDGE_LOOP('',(#690,#691,#699,#708));
#690 = ORIENTED_EDGE('',*,*,#74,.F.);
#691 = ORIENTED_EDGE('',*,*,#692,.T.);
#692 = EDGE_CURVE('',#75,#693,#695,.T.);
#693 = VERTEX_POINT('',#694);
#694 = CARTESIAN_POINT('',(-26.,-22.03,5.16));
#695 = LINE('',#696,#697);
#696 = CARTESIAN_POINT('',(-28.,-22.03,5.16));
#697 = VECTOR('',#698,1.);
#698 = DIRECTION('',(1.,0.,0.));
#699 = ORIENTED_EDGE('',*,*,#700,.T.);
#700 = EDGE_CURVE('',#693,#701,#703,.T.);
#701 = VERTEX_POINT('',#702);
#702 = CARTESIAN_POINT('',(-26.,-20.03,3.16));
#703 = CIRCLE('',#704,2.);
#704 = AXIS2_PLACEMENT_3D('',#705,#706,#707);
#705 = CARTESIAN_POINT('',(-26.,-22.03,3.16));
#706 = DIRECTION('',(-1.,0.,0.));
#707 = DIRECTION('',(0.,-1.,0.));
#708 = ORIENTED_EDGE('',*,*,#709,.F.);
#709 = EDGE_CURVE('',#77,#701,#710,.T.);
#710 = LINE('',#711,#712);
#711 = CARTESIAN_POINT('',(-28.,-20.03,3.16));
#712 = VECTOR('',#713,1.);
#713 = DIRECTION('',(1.,0.,0.));
#714 = CYLINDRICAL_SURFACE('',#715,2.);
#715 = AXIS2_PLACEMENT_3D('',#716,#717,#718);
#716 = CARTESIAN_POINT('',(-28.,-22.03,3.16));
#717 = DIRECTION('',(-1.,0.,0.));
#718 = DIRECTION('',(0.,-1.,0.));
#719 = ADVANCED_FACE('',(#720),#738,.F.);
#720 = FACE_BOUND('',#721,.F.);
#721 = EDGE_LOOP('',(#722,#723,#731,#737));
#722 = ORIENTED_EDGE('',*,*,#136,.F.);
#723 = ORIENTED_EDGE('',*,*,#724,.T.);
#724 = EDGE_CURVE('',#128,#725,#727,.T.);
#725 = VERTEX_POINT('',#726);
#726 = CARTESIAN_POINT('',(-26.,-27.97,5.16));
#727 = LINE('',#728,#729);
#728 = CARTESIAN_POINT('',(-28.,-27.97,5.16));
#729 = VECTOR('',#730,1.);
#730 = DIRECTION('',(1.,0.,0.));
#731 = ORIENTED_EDGE('',*,*,#732,.F.);
#732 = EDGE_CURVE('',#693,#725,#733,.T.);
#733 = LINE('',#734,#735);
#734 = CARTESIAN_POINT('',(-26.,-21.25863416245,5.16));
#735 = VECTOR('',#736,1.);
#736 = DIRECTION('',(0.,-1.,0.));
#737 = ORIENTED_EDGE('',*,*,#692,.F.);
#738 = PLANE('',#739);
#739 = AXIS2_PLACEMENT_3D('',#740,#741,#742);
#740 = CARTESIAN_POINT('',(-28.,-27.97,5.16));
#741 = DIRECTION('',(0.,0.,1.));
#742 = DIRECTION('',(0.,1.,0.));
#743 = ADVANCED_FACE('',(#744),#762,.F.);
#744 = FACE_BOUND('',#745,.F.);
#745 = EDGE_LOOP('',(#746,#747,#748,#756));
#746 = ORIENTED_EDGE('',*,*,#85,.F.);
#747 = ORIENTED_EDGE('',*,*,#709,.T.);
#748 = ORIENTED_EDGE('',*,*,#749,.F.);
#749 = EDGE_CURVE('',#750,#701,#752,.T.);
#750 = VERTEX_POINT('',#751);
#751 = CARTESIAN_POINT('',(-26.,-20.03,3.));
#752 = LINE('',#753,#754);
#753 = CARTESIAN_POINT('',(-26.,-20.03,5.562595449544));
#754 = VECTOR('',#755,1.);
#755 = DIRECTION('',(-1.1E-16,0.,1.));
#756 = ORIENTED_EDGE('',*,*,#757,.F.);
#757 = EDGE_CURVE('',#86,#750,#758,.T.);
#758 = LINE('',#759,#760);
#759 = CARTESIAN_POINT('',(-28.,-20.03,3.));
#760 = VECTOR('',#761,1.);
#761 = DIRECTION('',(1.,0.,0.));
#762 = PLANE('',#763);
#763 = AXIS2_PLACEMENT_3D('',#764,#765,#766);
#764 = CARTESIAN_POINT('',(-28.,-20.03,3.16));
#765 = DIRECTION('',(0.,1.,0.));
#766 = DIRECTION('',(0.,0.,-1.));
#767 = ADVANCED_FACE('',(#768),#787,.F.);
#768 = FACE_BOUND('',#769,.F.);
#769 = EDGE_LOOP('',(#770,#771,#779,#786));
#770 = ORIENTED_EDGE('',*,*,#127,.F.);
#771 = ORIENTED_EDGE('',*,*,#772,.T.);
#772 = EDGE_CURVE('',#120,#773,#775,.T.);
#773 = VERTEX_POINT('',#774);
#774 = CARTESIAN_POINT('',(-26.,-29.97,3.16));
#775 = LINE('',#776,#777);
#776 = CARTESIAN_POINT('',(-28.,-29.97,3.16));
#777 = VECTOR('',#778,1.);
#778 = DIRECTION('',(1.,0.,0.));
#779 = ORIENTED_EDGE('',*,*,#780,.T.);
#780 = EDGE_CURVE('',#773,#725,#781,.T.);
#781 = CIRCLE('',#782,2.);
#782 = AXIS2_PLACEMENT_3D('',#783,#784,#785);
#783 = CARTESIAN_POINT('',(-26.,-27.97,3.16));
#784 = DIRECTION('',(-1.,0.,0.));
#785 = DIRECTION('',(0.,-1.,0.));
#786 = ORIENTED_EDGE('',*,*,#724,.F.);
#787 = CYLINDRICAL_SURFACE('',#788,2.);
#788 = AXIS2_PLACEMENT_3D('',#789,#790,#791);
#789 = CARTESIAN_POINT('',(-28.,-27.97,3.16));
#790 = DIRECTION('',(-1.,0.,0.));
#791 = DIRECTION('',(0.,-1.,0.));
#792 = ADVANCED_FACE('',(#793),#812,.F.);
#793 = FACE_BOUND('',#794,.F.);
#794 = EDGE_LOOP('',(#795,#796,#797,#806));
#795 = ORIENTED_EDGE('',*,*,#93,.F.);
#796 = ORIENTED_EDGE('',*,*,#757,.T.);
#797 = ORIENTED_EDGE('',*,*,#798,.T.);
#798 = EDGE_CURVE('',#750,#799,#801,.T.);
#799 = VERTEX_POINT('',#800);
#800 = CARTESIAN_POINT('',(-26.,-22.03,1.));
#801 = CIRCLE('',#802,2.);
#802 = AXIS2_PLACEMENT_3D('',#803,#804,#805);
#803 = CARTESIAN_POINT('',(-26.,-22.03,3.));
#804 = DIRECTION('',(-1.,0.,0.));
#805 = DIRECTION('',(0.,-1.,0.));
#806 = ORIENTED_EDGE('',*,*,#807,.F.);
#807 = EDGE_CURVE('',#94,#799,#808,.T.);
#808 = LINE('',#809,#810);
#809 = CARTESIAN_POINT('',(-28.,-22.03,1.));
#810 = VECTOR('',#811,1.);
#811 = DIRECTION('',(1.,0.,0.));
#812 = CYLINDRICAL_SURFACE('',#813,2.);
#813 = AXIS2_PLACEMENT_3D('',#814,#815,#816);
#814 = CARTESIAN_POINT('',(-28.,-22.03,3.));
#815 = DIRECTION('',(-1.,0.,0.));
#816 = DIRECTION('',(0.,-1.,0.));
#817 = ADVANCED_FACE('',(#818),#836,.F.);
#818 = FACE_BOUND('',#819,.F.);
#819 = EDGE_LOOP('',(#820,#821,#829,#835));
#820 = ORIENTED_EDGE('',*,*,#119,.F.);
#821 = ORIENTED_EDGE('',*,*,#822,.T.);
#822 = EDGE_CURVE('',#111,#823,#825,.T.);
#823 = VERTEX_POINT('',#824);
#824 = CARTESIAN_POINT('',(-26.,-29.97,3.));
#825 = LINE('',#826,#827);
#826 = CARTESIAN_POINT('',(-28.,-29.97,3.));
#827 = VECTOR('',#828,1.);
#828 = DIRECTION('',(1.,0.,0.));
#829 = ORIENTED_EDGE('',*,*,#830,.F.);
#830 = EDGE_CURVE('',#773,#823,#831,.T.);
#831 = LINE('',#832,#833);
#832 = CARTESIAN_POINT('',(-26.,-29.97,5.482595449544));
#833 = VECTOR('',#834,1.);
#834 = DIRECTION('',(1.1E-16,0.,-1.));
#835 = ORIENTED_EDGE('',*,*,#772,.F.);
#836 = PLANE('',#837);
#837 = AXIS2_PLACEMENT_3D('',#838,#839,#840);
#838 = CARTESIAN_POINT('',(-28.,-29.97,3.));
#839 = DIRECTION('',(0.,-1.,0.));
#840 = DIRECTION('',(0.,0.,1.));
#841 = ADVANCED_FACE('',(#842),#860,.F.);
#842 = FACE_BOUND('',#843,.F.);
#843 = EDGE_LOOP('',(#844,#845,#846,#854));
#844 = ORIENTED_EDGE('',*,*,#102,.F.);
#845 = ORIENTED_EDGE('',*,*,#807,.T.);
#846 = ORIENTED_EDGE('',*,*,#847,.F.);
#847 = EDGE_CURVE('',#848,#799,#850,.T.);
#848 = VERTEX_POINT('',#849);
#849 = CARTESIAN_POINT('',(-26.,-27.97,1.));
#850 = LINE('',#851,#852);
#851 = CARTESIAN_POINT('',(-26.,-18.28863416245,1.));
#852 = VECTOR('',#853,1.);
#853 = DIRECTION('',(0.,1.,0.));
#854 = ORIENTED_EDGE('',*,*,#855,.F.);
#855 = EDGE_CURVE('',#103,#848,#856,.T.);
#856 = LINE('',#857,#858);
#857 = CARTESIAN_POINT('',(-28.,-27.97,1.));
#858 = VECTOR('',#859,1.);
#859 = DIRECTION('',(1.,0.,0.));
#860 = PLANE('',#861);
#861 = AXIS2_PLACEMENT_3D('',#862,#863,#864);
#862 = CARTESIAN_POINT('',(-28.,-22.03,1.));
#863 = DIRECTION('',(0.,0.,-1.));
#864 = DIRECTION('',(0.,-1.,0.));
#865 = ADVANCED_FACE('',(#866),#878,.F.);
#866 = FACE_BOUND('',#867,.F.);
#867 = EDGE_LOOP('',(#868,#869,#870,#877));
#868 = ORIENTED_EDGE('',*,*,#110,.F.);
#869 = ORIENTED_EDGE('',*,*,#855,.T.);
#870 = ORIENTED_EDGE('',*,*,#871,.T.);
#871 = EDGE_CURVE('',#848,#823,#872,.T.);
#872 = CIRCLE('',#873,2.);
#873 = AXIS2_PLACEMENT_3D('',#874,#875,#876);
#874 = CARTESIAN_POINT('',(-26.,-27.97,3.));
#875 = DIRECTION('',(-1.,0.,0.));
#876 = DIRECTION('',(0.,-1.,0.));
#877 = ORIENTED_EDGE('',*,*,#822,.F.);
#878 = CYLINDRICAL_SURFACE('',#879,2.);
#879 = AXIS2_PLACEMENT_3D('',#880,#881,#882);
#880 = CARTESIAN_POINT('',(-28.,-27.97,3.));
#881 = DIRECTION('',(-1.,0.,0.));
#882 = DIRECTION('',(0.,-1.,0.));
#883 = ADVANCED_FACE('',(#884),#903,.F.);
#884 = FACE_BOUND('',#885,.F.);
#885 = EDGE_LOOP('',(#886,#894,#901,#902));
#886 = ORIENTED_EDGE('',*,*,#887,.F.);
#887 = EDGE_CURVE('',#888,#151,#890,.T.);
#888 = VERTEX_POINT('',#889);
#889 = CARTESIAN_POINT('',(-26.,-44.77893653003,3.));
#890 = LINE('',#891,#892);
#891 = CARTESIAN_POINT('',(28.,-44.77893653003,3.));
#892 = VECTOR('',#893,1.);
#893 = DIRECTION('',(-1.,-0.,-0.));
#894 = ORIENTED_EDGE('',*,*,#895,.F.);
#895 = EDGE_CURVE('',#888,#888,#896,.T.);
#896 = CIRCLE('',#897,1.05);
#897 = AXIS2_PLACEMENT_3D('',#898,#899,#900);
#898 = CARTESIAN_POINT('',(-26.,-45.82893653003,3.));
#899 = DIRECTION('',(1.,0.,0.));
#900 = DIRECTION('',(0.,1.,0.));
#901 = ORIENTED_EDGE('',*,*,#887,.T.);
#902 = ORIENTED_EDGE('',*,*,#160,.T.);
#903 = CYLINDRICAL_SURFACE('',#904,1.05);
#904 = AXIS2_PLACEMENT_3D('',#905,#906,#907);
#905 = CARTESIAN_POINT('',(28.,-45.82893653003,3.));
#906 = DIRECTION('',(1.,0.,0.));
#907 = DIRECTION('',(0.,1.,0.));
#908 = ADVANCED_FACE('',(#909,#920,#938),#949,.T.);
#909 = FACE_BOUND('',#910,.T.);
#910 = EDGE_LOOP('',(#911));
#911 = ORIENTED_EDGE('',*,*,#912,.F.);
#912 = EDGE_CURVE('',#913,#913,#915,.T.);
#913 = VERTEX_POINT('',#914);
#914 = CARTESIAN_POINT('',(14.85,23.,3.));
#915 = CIRCLE('',#916,2.15);
#916 = AXIS2_PLACEMENT_3D('',#917,#918,#919);
#917 = CARTESIAN_POINT('',(17.,23.,3.));
#918 = DIRECTION('',(2.2E-16,1.,0.));
#919 = DIRECTION('',(-1.,2.2E-16,-1.691768418476E-15));
#920 = FACE_BOUND('',#921,.T.);
#921 = EDGE_LOOP('',(#922,#923,#931,#937));
#922 = ORIENTED_EDGE('',*,*,#175,.F.);
#923 = ORIENTED_EDGE('',*,*,#924,.T.);
#924 = EDGE_CURVE('',#176,#925,#927,.T.);
#925 = VERTEX_POINT('',#926);
#926 = CARTESIAN_POINT('',(22.,23.,14.5));
#927 = LINE('',#928,#929);
#928 = CARTESIAN_POINT('',(-22.,23.,14.5));
#929 = VECTOR('',#930,1.);
#930 = DIRECTION('',(1.,-2.2E-16,0.));
#931 = ORIENTED_EDGE('',*,*,#932,.T.);
#932 = EDGE_CURVE('',#925,#240,#933,.T.);
#933 = LINE('',#934,#935);
#934 = CARTESIAN_POINT('',(22.,23.,18.5));
#935 = VECTOR('',#936,1.);
#936 = DIRECTION('',(0.,0.,-1.));
#937 = ORIENTED_EDGE('',*,*,#239,.F.);
#938 = FACE_BOUND('',#939,.T.);
#939 = EDGE_LOOP('',(#940));
#940 = ORIENTED_EDGE('',*,*,#941,.F.);
#941 = EDGE_CURVE('',#942,#942,#944,.T.);
#942 = VERTEX_POINT('',#943);
#943 = CARTESIAN_POINT('',(-19.15,23.,3.));
#944 = CIRCLE('',#945,2.15);
#945 = AXIS2_PLACEMENT_3D('',#946,#947,#948);
#946 = CARTESIAN_POINT('',(-17.,23.,3.));
#947 = DIRECTION('',(2.2E-16,1.,-1.741711239665E-48));
#948 = DIRECTION('',(-1.,2.2E-16,-1.216946475021E-62));
#949 = PLANE('',#950);
#950 = AXIS2_PLACEMENT_3D('',#951,#952,#953);
#951 = CARTESIAN_POINT('',(-28.,23.,18.5));
#952 = DIRECTION('',(2.2E-16,1.,0.));
#953 = DIRECTION('',(2.2E-16,-4.84E-32,-1.));
#954 = ADVANCED_FACE('',(#955),#974,.T.);
#955 = FACE_BOUND('',#956,.F.);
#956 = EDGE_LOOP('',(#957,#966,#972,#973));
#957 = ORIENTED_EDGE('',*,*,#958,.T.);
#958 = EDGE_CURVE('',#176,#959,#961,.T.);
#959 = VERTEX_POINT('',#960);
#960 = CARTESIAN_POINT('',(-20.3431457505,19.,18.5));
#961 = ELLIPSE('',#962,4.32956880117,4.);
#962 = AXIS2_PLACEMENT_3D('',#963,#964,#965);
#963 = CARTESIAN_POINT('',(-20.3431457505,19.,14.5));
#964 = DIRECTION('',(0.923879532511,0.382683432365,-8.E-17));
#965 = DIRECTION('',(0.382683432365,-0.923879532511,2.E-16));
#966 = ORIENTED_EDGE('',*,*,#967,.T.);
#967 = EDGE_CURVE('',#959,#216,#968,.T.);
#968 = LINE('',#969,#970);
#969 = CARTESIAN_POINT('',(-19.17157287525,20.171572875254,18.5));
#970 = VECTOR('',#971,1.);
#971 = DIRECTION('',(-0.707106781187,-0.707106781187,1.6E-16));
#972 = ORIENTED_EDGE('',*,*,#223,.F.);
#973 = ORIENTED_EDGE('',*,*,#192,.F.);
#974 = CYLINDRICAL_SURFACE('',#975,4.);
#975 = AXIS2_PLACEMENT_3D('',#976,#977,#978);
#976 = CARTESIAN_POINT('',(-19.17157287525,20.171572875254,14.5));
#977 = DIRECTION('',(-0.707106781187,-0.707106781187,1.6E-16));
#978 = DIRECTION('',(-0.707106781187,0.707106781187,1.E-17));
#979 = ADVANCED_FACE('',(#980,#1014),#1097,.T.);
#980 = FACE_BOUND('',#981,.T.);
#981 = EDGE_LOOP('',(#982,#990,#998,#1006,#1012,#1013));
#982 = ORIENTED_EDGE('',*,*,#983,.T.);
#983 = EDGE_CURVE('',#207,#984,#986,.T.);
#984 = VERTEX_POINT('',#985);
#985 = CARTESIAN_POINT('',(24.,-23.,18.5));
#986 = LINE('',#987,#988);
#987 = CARTESIAN_POINT('',(-28.,-23.,18.5));
#988 = VECTOR('',#989,1.);
#989 = DIRECTION('',(1.,-2.2E-16,0.));
#990 = ORIENTED_EDGE('',*,*,#991,.T.);
#991 = EDGE_CURVE('',#984,#992,#994,.T.);
#992 = VERTEX_POINT('',#993);
#993 = CARTESIAN_POINT('',(24.,15.343145750508,18.5));
#994 = LINE('',#995,#996);
#995 = CARTESIAN_POINT('',(24.,-23.,18.5));
#996 = VECTOR('',#997,1.);
#997 = DIRECTION('',(0.,1.,0.));
#998 = ORIENTED_EDGE('',*,*,#999,.F.);
#999 = EDGE_CURVE('',#1000,#992,#1002,.T.);
#1000 = VERTEX_POINT('',#1001);
#1001 = CARTESIAN_POINT('',(20.343145750508,19.,18.5));
#1002 = LINE('',#1003,#1004);
#1003 = CARTESIAN_POINT('',(19.171572875254,20.171572875254,18.5));
#1004 = VECTOR('',#1005,1.);
#1005 = DIRECTION('',(0.707106781187,-0.707106781187,1.6E-16));
#1006 = ORIENTED_EDGE('',*,*,#1007,.F.);
#1007 = EDGE_CURVE('',#959,#1000,#1008,.T.);
#1008 = LINE('',#1009,#1010);
#1009 = CARTESIAN_POINT('',(-22.,19.,18.5));
#1010 = VECTOR('',#1011,1.);
#1011 = DIRECTION('',(1.,-2.2E-16,0.));
#1012 = ORIENTED_EDGE('',*,*,#967,.T.);
#1013 = ORIENTED_EDGE('',*,*,#215,.F.);
#1014 = FACE_BOUND('',#1015,.T.);
#1015 = EDGE_LOOP('',(#1016,#1027,#1036,#1045,#1054,#1063,#1072,#1081,
    #1090));
#1016 = ORIENTED_EDGE('',*,*,#1017,.F.);
#1017 = EDGE_CURVE('',#1018,#1020,#1022,.T.);
#1018 = VERTEX_POINT('',#1019);
#1019 = CARTESIAN_POINT('',(18.8,5.329070518201E-15,18.5));
#1020 = VERTEX_POINT('',#1021);
#1021 = CARTESIAN_POINT('',(10.532999032066,15.572280866672,18.5));
#1022 = CIRCLE('',#1023,18.8);
#1023 = AXIS2_PLACEMENT_3D('',#1024,#1025,#1026);
#1024 = CARTESIAN_POINT('',(-3.552713678801E-15,7.105427357601E-15,18.5)
  );
#1025 = DIRECTION('',(-1.1E-16,3.3E-16,1.));
#1026 = DIRECTION('',(1.,-6.E-17,1.1E-16));
#1027 = ORIENTED_EDGE('',*,*,#1028,.F.);
#1028 = EDGE_CURVE('',#1029,#1018,#1031,.T.);
#1029 = VERTEX_POINT('',#1030);
#1030 = CARTESIAN_POINT('',(10.532999032066,-15.57228086667,18.5));
#1031 = CIRCLE('',#1032,18.8);
#1032 = AXIS2_PLACEMENT_3D('',#1033,#1034,#1035);
#1033 = CARTESIAN_POINT('',(-3.552713678801E-15,7.105427357601E-15,18.5)
  );
#1034 = DIRECTION('',(-1.1E-16,3.3E-16,1.));
#1035 = DIRECTION('',(1.,-6.E-17,1.1E-16));
#1036 = ORIENTED_EDGE('',*,*,#1037,.F.);
#1037 = EDGE_CURVE('',#1038,#1029,#1040,.T.);
#1038 = VERTEX_POINT('',#1039);
#1039 = CARTESIAN_POINT('',(10.533101431739,-15.59,18.5));
#1040 = CIRCLE('',#1041,1.533101431739);
#1041 = AXIS2_PLACEMENT_3D('',#1042,#1043,#1044);
#1042 = CARTESIAN_POINT('',(9.,-15.59,18.5));
#1043 = DIRECTION('',(0.,0.,1.));
#1044 = DIRECTION('',(1.,0.,0.));
#1045 = ORIENTED_EDGE('',*,*,#1046,.F.);
#1046 = EDGE_CURVE('',#1047,#1038,#1049,.T.);
#1047 = VERTEX_POINT('',#1048);
#1048 = CARTESIAN_POINT('',(8.218042248534,-16.90868952939,18.5));
#1049 = CIRCLE('',#1050,1.533101431739);
#1050 = AXIS2_PLACEMENT_3D('',#1051,#1052,#1053);
#1051 = CARTESIAN_POINT('',(9.,-15.59,18.5));
#1052 = DIRECTION('',(0.,0.,1.));
#1053 = DIRECTION('',(1.,0.,0.));
#1054 = ORIENTED_EDGE('',*,*,#1055,.F.);
#1055 = EDGE_CURVE('',#1056,#1047,#1058,.T.);
#1056 = VERTEX_POINT('',#1057);
#1057 = CARTESIAN_POINT('',(-18.75248888888,-1.335724699217,18.5));
#1058 = CIRCLE('',#1059,18.8);
#1059 = AXIS2_PLACEMENT_3D('',#1060,#1061,#1062);
#1060 = CARTESIAN_POINT('',(-3.552713678801E-15,7.105427357601E-15,18.5)
  );
#1061 = DIRECTION('',(-1.1E-16,3.3E-16,1.));
#1062 = DIRECTION('',(1.,-6.E-17,1.1E-16));
#1063 = ORIENTED_EDGE('',*,*,#1064,.F.);
#1064 = EDGE_CURVE('',#1065,#1056,#1067,.T.);
#1065 = VERTEX_POINT('',#1066);
#1066 = CARTESIAN_POINT('',(-18.75248888888,1.335724699217,18.5));
#1067 = CIRCLE('',#1068,1.533101431739);
#1068 = AXIS2_PLACEMENT_3D('',#1069,#1070,#1071);
#1069 = CARTESIAN_POINT('',(-18.,0.,18.5));
#1070 = DIRECTION('',(0.,0.,1.));
#1071 = DIRECTION('',(1.,0.,0.));
#1072 = ORIENTED_EDGE('',*,*,#1073,.F.);
#1073 = EDGE_CURVE('',#1074,#1065,#1076,.T.);
#1074 = VERTEX_POINT('',#1075);
#1075 = CARTESIAN_POINT('',(8.218042248534,16.90868952939,18.5));
#1076 = CIRCLE('',#1077,18.8);
#1077 = AXIS2_PLACEMENT_3D('',#1078,#1079,#1080);
#1078 = CARTESIAN_POINT('',(-3.552713678801E-15,7.105427357601E-15,18.5)
  );
#1079 = DIRECTION('',(-1.1E-16,3.3E-16,1.));
#1080 = DIRECTION('',(1.,-6.E-17,1.1E-16));
#1081 = ORIENTED_EDGE('',*,*,#1082,.F.);
#1082 = EDGE_CURVE('',#1083,#1074,#1085,.T.);
#1083 = VERTEX_POINT('',#1084);
#1084 = CARTESIAN_POINT('',(10.533101431739,15.59,18.5));
#1085 = CIRCLE('',#1086,1.533101431739);
#1086 = AXIS2_PLACEMENT_3D('',#1087,#1088,#1089);
#1087 = CARTESIAN_POINT('',(9.,15.59,18.5));
#1088 = DIRECTION('',(0.,0.,1.));
#1089 = DIRECTION('',(1.,0.,0.));
#1090 = ORIENTED_EDGE('',*,*,#1091,.F.);
#1091 = EDGE_CURVE('',#1020,#1083,#1092,.T.);
#1092 = CIRCLE('',#1093,1.533101431739);
#1093 = AXIS2_PLACEMENT_3D('',#1094,#1095,#1096);
#1094 = CARTESIAN_POINT('',(9.,15.59,18.5));
#1095 = DIRECTION('',(0.,0.,1.));
#1096 = DIRECTION('',(1.,0.,0.));
#1097 = PLANE('',#1098);
#1098 = AXIS2_PLACEMENT_3D('',#1099,#1100,#1101);
#1099 = CARTESIAN_POINT('',(-28.,-23.,18.5));
#1100 = DIRECTION('',(0.,2.2E-16,1.));
#1101 = DIRECTION('',(0.,1.,-2.2E-16));
#1102 = ADVANCED_FACE('',(#1103),#1121,.T.);
#1103 = FACE_BOUND('',#1104,.F.);
#1104 = EDGE_LOOP('',(#1105,#1106,#1107,#1115));
#1105 = ORIENTED_EDGE('',*,*,#932,.T.);
#1106 = ORIENTED_EDGE('',*,*,#247,.T.);
#1107 = ORIENTED_EDGE('',*,*,#1108,.F.);
#1108 = EDGE_CURVE('',#1109,#248,#1111,.T.);
#1109 = VERTEX_POINT('',#1110);
#1110 = CARTESIAN_POINT('',(28.,17.,14.5));
#1111 = LINE('',#1112,#1113);
#1112 = CARTESIAN_POINT('',(28.,17.,18.5));
#1113 = VECTOR('',#1114,1.);
#1114 = DIRECTION('',(0.,0.,-1.));
#1115 = ORIENTED_EDGE('',*,*,#1116,.F.);
#1116 = EDGE_CURVE('',#925,#1109,#1117,.T.);
#1117 = LINE('',#1118,#1119);
#1118 = CARTESIAN_POINT('',(22.,23.,14.5));
#1119 = VECTOR('',#1120,1.);
#1120 = DIRECTION('',(0.707106781187,-0.707106781187,1.6E-16));
#1121 = PLANE('',#1122);
#1122 = AXIS2_PLACEMENT_3D('',#1123,#1124,#1125);
#1123 = CARTESIAN_POINT('',(25.,20.,18.5));
#1124 = DIRECTION('',(0.707106781187,0.707106781187,1.E-17));
#1125 = DIRECTION('',(-7.071067811865E-18,-7.071067811865E-18,1.));
#1126 = ADVANCED_FACE('',(#1127,#1138),#1164,.T.);
#1127 = FACE_BOUND('',#1128,.T.);
#1128 = EDGE_LOOP('',(#1129));
#1129 = ORIENTED_EDGE('',*,*,#1130,.F.);
#1130 = EDGE_CURVE('',#1131,#1131,#1133,.T.);
#1131 = VERTEX_POINT('',#1132);
#1132 = CARTESIAN_POINT('',(28.,-43.67893653003,3.));
#1133 = CIRCLE('',#1134,2.15);
#1134 = AXIS2_PLACEMENT_3D('',#1135,#1136,#1137);
#1135 = CARTESIAN_POINT('',(28.,-45.82893653003,3.));
#1136 = DIRECTION('',(1.,0.,0.));
#1137 = DIRECTION('',(0.,1.,0.));
#1138 = FACE_BOUND('',#1139,.T.);
#1139 = EDGE_LOOP('',(#1140,#1141,#1149,#1157,#1163));
#1140 = ORIENTED_EDGE('',*,*,#1108,.F.);
#1141 = ORIENTED_EDGE('',*,*,#1142,.F.);
#1142 = EDGE_CURVE('',#1143,#1109,#1145,.T.);
#1143 = VERTEX_POINT('',#1144);
#1144 = CARTESIAN_POINT('',(28.,-22.29469244257,14.5));
#1145 = LINE('',#1146,#1147);
#1146 = CARTESIAN_POINT('',(28.,-23.,14.5));
#1147 = VECTOR('',#1148,1.);
#1148 = DIRECTION('',(0.,1.,0.));
#1149 = ORIENTED_EDGE('',*,*,#1150,.F.);
#1150 = EDGE_CURVE('',#1151,#1143,#1153,.T.);
#1151 = VERTEX_POINT('',#1152);
#1152 = CARTESIAN_POINT('',(28.,-50.82893653003,4.114390220771));
#1153 = LINE('',#1154,#1155);
#1154 = CARTESIAN_POINT('',(28.,-49.46085662275,4.612330310586));
#1155 = VECTOR('',#1156,1.);
#1156 = DIRECTION('',(0.,0.93969268139,0.342019976818));
#1157 = ORIENTED_EDGE('',*,*,#1158,.F.);
#1158 = EDGE_CURVE('',#256,#1151,#1159,.T.);
#1159 = LINE('',#1160,#1161);
#1160 = CARTESIAN_POINT('',(28.,-50.82893653003,0.));
#1161 = VECTOR('',#1162,1.);
#1162 = DIRECTION('',(0.,0.,1.));
#1163 = ORIENTED_EDGE('',*,*,#255,.F.);
#1164 = PLANE('',#1165);
#1165 = AXIS2_PLACEMENT_3D('',#1166,#1167,#1168);
#1166 = CARTESIAN_POINT('',(28.,-14.5472683249,7.965190899088));
#1167 = DIRECTION('',(1.,0.,0.));
#1168 = DIRECTION('',(0.,0.,1.));
#1169 = ADVANCED_FACE('',(#1170),#1197,.T.);
#1170 = FACE_BOUND('',#1171,.F.);
#1171 = EDGE_LOOP('',(#1172,#1173,#1174,#1182,#1190));
#1172 = ORIENTED_EDGE('',*,*,#1158,.F.);
#1173 = ORIENTED_EDGE('',*,*,#263,.F.);
#1174 = ORIENTED_EDGE('',*,*,#1175,.T.);
#1175 = EDGE_CURVE('',#264,#1176,#1178,.T.);
#1176 = VERTEX_POINT('',#1177);
#1177 = CARTESIAN_POINT('',(22.,-56.82893653003,6.187280834552));
#1178 = LINE('',#1179,#1180);
#1179 = CARTESIAN_POINT('',(22.,-56.82893653003,0.));
#1180 = VECTOR('',#1181,1.);
#1181 = DIRECTION('',(0.,0.,1.));
#1182 = ORIENTED_EDGE('',*,*,#1183,.T.);
#1183 = EDGE_CURVE('',#1176,#1184,#1186,.T.);
#1184 = VERTEX_POINT('',#1185);
#1185 = CARTESIAN_POINT('',(24.,-54.82893653003,6.91522090175));
#1186 = LINE('',#1187,#1188);
#1187 = CARTESIAN_POINT('',(11.155323630454,-67.67361289957,
    2.24014361196));
#1188 = VECTOR('',#1189,1.);
#1189 = DIRECTION('',(0.684791102226,0.684791102226,0.249243440485));
#1190 = ORIENTED_EDGE('',*,*,#1191,.F.);
#1191 = EDGE_CURVE('',#1151,#1184,#1192,.T.);
#1192 = ELLIPSE('',#1193,6.019898166203,4.);
#1193 = AXIS2_PLACEMENT_3D('',#1194,#1195,#1196);
#1194 = CARTESIAN_POINT('',(24.,-54.82893653003,2.658510086375));
#1195 = DIRECTION('',(0.707106781187,-0.707106781187,-2.585975911456E-17
    ));
#1196 = DIRECTION('',(0.62870744352,0.62870744352,0.457661338683));
#1197 = PLANE('',#1198);
#1198 = AXIS2_PLACEMENT_3D('',#1199,#1200,#1201);
#1199 = CARTESIAN_POINT('',(25.,-53.82893653003,0.));
#1200 = DIRECTION('',(0.707106781187,-0.707106781187,-1.E-17));
#1201 = DIRECTION('',(-7.071067811865E-18,7.071067811865E-18,-1.));
#1202 = ADVANCED_FACE('',(#1203),#1214,.T.);
#1203 = FACE_BOUND('',#1204,.T.);
#1204 = EDGE_LOOP('',(#1205,#1206,#1207,#1213));
#1205 = ORIENTED_EDGE('',*,*,#271,.T.);
#1206 = ORIENTED_EDGE('',*,*,#1175,.T.);
#1207 = ORIENTED_EDGE('',*,*,#1208,.F.);
#1208 = EDGE_CURVE('',#669,#1176,#1209,.T.);
#1209 = LINE('',#1210,#1211);
#1210 = CARTESIAN_POINT('',(-28.,-56.82893653003,6.187280834552));
#1211 = VECTOR('',#1212,1.);
#1212 = DIRECTION('',(1.,-2.2E-16,0.));
#1213 = ORIENTED_EDGE('',*,*,#668,.F.);
#1214 = PLANE('',#1215);
#1215 = AXIS2_PLACEMENT_3D('',#1216,#1217,#1218);
#1216 = CARTESIAN_POINT('',(-28.,-56.82893653003,1.42108547152E-14));
#1217 = DIRECTION('',(-2.2E-16,-1.,-0.));
#1218 = DIRECTION('',(-2.2E-16,4.84E-32,1.));
#1219 = ADVANCED_FACE('',(#1220,#1309,#1320),#1331,.F.);
#1220 = FACE_BOUND('',#1221,.F.);
#1221 = EDGE_LOOP('',(#1222,#1232,#1240,#1248,#1256,#1264,#1272,#1280,
    #1288,#1296,#1302,#1303));
#1222 = ORIENTED_EDGE('',*,*,#1223,.F.);
#1223 = EDGE_CURVE('',#1224,#1226,#1228,.T.);
#1224 = VERTEX_POINT('',#1225);
#1225 = CARTESIAN_POINT('',(-21.17157287525,21.,2.));
#1226 = VERTEX_POINT('',#1227);
#1227 = CARTESIAN_POINT('',(-21.,21.,2.));
#1228 = LINE('',#1229,#1230);
#1229 = CARTESIAN_POINT('',(-10.54192352674,21.,2.));
#1230 = VECTOR('',#1231,1.);
#1231 = DIRECTION('',(1.,-2.2E-16,0.));
#1232 = ORIENTED_EDGE('',*,*,#1233,.T.);
#1233 = EDGE_CURVE('',#1224,#1234,#1236,.T.);
#1234 = VERTEX_POINT('',#1235);
#1235 = CARTESIAN_POINT('',(-21.17157287525,21.,14.5));
#1236 = LINE('',#1237,#1238);
#1237 = CARTESIAN_POINT('',(-21.17157287525,21.,18.5));
#1238 = VECTOR('',#1239,1.);
#1239 = DIRECTION('',(-1.E-16,1.1E-16,1.));
#1240 = ORIENTED_EDGE('',*,*,#1241,.T.);
#1241 = EDGE_CURVE('',#1234,#1242,#1244,.T.);
#1242 = VERTEX_POINT('',#1243);
#1243 = CARTESIAN_POINT('',(5.626924978209,21.,14.5));
#1244 = LINE('',#1245,#1246);
#1245 = CARTESIAN_POINT('',(-22.,21.,14.5));
#1246 = VECTOR('',#1247,1.);
#1247 = DIRECTION('',(1.,-2.2E-16,0.));
#1248 = ORIENTED_EDGE('',*,*,#1249,.F.);
#1249 = EDGE_CURVE('',#1250,#1242,#1252,.T.);
#1250 = VERTEX_POINT('',#1251);
#1251 = CARTESIAN_POINT('',(5.626924978209,21.,12.5));
#1252 = LINE('',#1253,#1254);
#1253 = CARTESIAN_POINT('',(5.626924978209,21.,17.5));
#1254 = VECTOR('',#1255,1.);
#1255 = DIRECTION('',(3.E-17,1.1E-16,1.));
#1256 = ORIENTED_EDGE('',*,*,#1257,.T.);
#1257 = EDGE_CURVE('',#1250,#1258,#1260,.T.);
#1258 = VERTEX_POINT('',#1259);
#1259 = CARTESIAN_POINT('',(6.557438644392,21.,12.5));
#1260 = LINE('',#1261,#1262);
#1261 = CARTESIAN_POINT('',(-14.00000039568,21.,12.5));
#1262 = VECTOR('',#1263,1.);
#1263 = DIRECTION('',(1.,-2.2E-16,0.));
#1264 = ORIENTED_EDGE('',*,*,#1265,.T.);
#1265 = EDGE_CURVE('',#1258,#1266,#1268,.T.);
#1266 = VERTEX_POINT('',#1267);
#1267 = CARTESIAN_POINT('',(6.557438644392,21.,14.5));
#1268 = LINE('',#1269,#1270);
#1269 = CARTESIAN_POINT('',(6.557438644392,21.,16.5));
#1270 = VECTOR('',#1271,1.);
#1271 = DIRECTION('',(0.,0.,1.));
#1272 = ORIENTED_EDGE('',*,*,#1273,.T.);
#1273 = EDGE_CURVE('',#1266,#1274,#1276,.T.);
#1274 = VERTEX_POINT('',#1275);
#1275 = CARTESIAN_POINT('',(21.171572875254,21.,14.5));
#1276 = LINE('',#1277,#1278);
#1277 = CARTESIAN_POINT('',(-22.,21.,14.5));
#1278 = VECTOR('',#1279,1.);
#1279 = DIRECTION('',(1.,-2.2E-16,0.));
#1280 = ORIENTED_EDGE('',*,*,#1281,.F.);
#1281 = EDGE_CURVE('',#1282,#1274,#1284,.T.);
#1282 = VERTEX_POINT('',#1283);
#1283 = CARTESIAN_POINT('',(21.171572875254,21.,2.));
#1284 = LINE('',#1285,#1286);
#1285 = CARTESIAN_POINT('',(21.171572875254,21.,18.5));
#1286 = VECTOR('',#1287,1.);
#1287 = DIRECTION('',(-1.3E-16,1.1E-16,1.));
#1288 = ORIENTED_EDGE('',*,*,#1289,.F.);
#1289 = EDGE_CURVE('',#1290,#1282,#1292,.T.);
#1290 = VERTEX_POINT('',#1291);
#1291 = CARTESIAN_POINT('',(21.,21.,2.));
#1292 = LINE('',#1293,#1294);
#1293 = CARTESIAN_POINT('',(-10.54192352674,21.,2.));
#1294 = VECTOR('',#1295,1.);
#1295 = DIRECTION('',(1.,-2.2E-16,0.));
#1296 = ORIENTED_EDGE('',*,*,#1297,.T.);
#1297 = EDGE_CURVE('',#1290,#292,#1298,.T.);
#1298 = LINE('',#1299,#1300);
#1299 = CARTESIAN_POINT('',(21.,21.,9.25));
#1300 = VECTOR('',#1301,1.);
#1301 = DIRECTION('',(0.,-1.1E-16,-1.));
#1302 = ORIENTED_EDGE('',*,*,#289,.F.);
#1303 = ORIENTED_EDGE('',*,*,#1304,.F.);
#1304 = EDGE_CURVE('',#1226,#290,#1305,.T.);
#1305 = LINE('',#1306,#1307);
#1306 = CARTESIAN_POINT('',(-21.,21.,9.25));
#1307 = VECTOR('',#1308,1.);
#1308 = DIRECTION('',(0.,-1.1E-16,-1.));
#1309 = FACE_BOUND('',#1310,.F.);
#1310 = EDGE_LOOP('',(#1311));
#1311 = ORIENTED_EDGE('',*,*,#1312,.F.);
#1312 = EDGE_CURVE('',#1313,#1313,#1315,.T.);
#1313 = VERTEX_POINT('',#1314);
#1314 = CARTESIAN_POINT('',(15.95,21.,3.));
#1315 = CIRCLE('',#1316,1.05);
#1316 = AXIS2_PLACEMENT_3D('',#1317,#1318,#1319);
#1317 = CARTESIAN_POINT('',(17.,21.,3.));
#1318 = DIRECTION('',(0.,1.,-2.22044604925E-16));
#1319 = DIRECTION('',(-1.,0.,0.));
#1320 = FACE_BOUND('',#1321,.F.);
#1321 = EDGE_LOOP('',(#1322));
#1322 = ORIENTED_EDGE('',*,*,#1323,.F.);
#1323 = EDGE_CURVE('',#1324,#1324,#1326,.T.);
#1324 = VERTEX_POINT('',#1325);
#1325 = CARTESIAN_POINT('',(-18.05,21.,3.));
#1326 = CIRCLE('',#1327,1.05);
#1327 = AXIS2_PLACEMENT_3D('',#1328,#1329,#1330);
#1328 = CARTESIAN_POINT('',(-17.,21.,3.));
#1329 = DIRECTION('',(0.,1.,-2.22044604925E-16));
#1330 = DIRECTION('',(-1.,0.,0.));
#1331 = PLANE('',#1332);
#1332 = AXIS2_PLACEMENT_3D('',#1333,#1334,#1335);
#1333 = CARTESIAN_POINT('',(-28.,21.,18.5));
#1334 = DIRECTION('',(2.2E-16,1.,0.));
#1335 = DIRECTION('',(2.2E-16,-4.84E-32,-1.));
#1336 = ADVANCED_FACE('',(#1337),#1355,.T.);
#1337 = FACE_BOUND('',#1338,.T.);
#1338 = EDGE_LOOP('',(#1339,#1340,#1341,#1349));
#1339 = ORIENTED_EDGE('',*,*,#299,.F.);
#1340 = ORIENTED_EDGE('',*,*,#1304,.F.);
#1341 = ORIENTED_EDGE('',*,*,#1342,.T.);
#1342 = EDGE_CURVE('',#1226,#1343,#1345,.T.);
#1343 = VERTEX_POINT('',#1344);
#1344 = CARTESIAN_POINT('',(-21.,-10.74842712474,2.));
#1345 = LINE('',#1346,#1347);
#1346 = CARTESIAN_POINT('',(-21.,21.171572875254,2.));
#1347 = VECTOR('',#1348,1.);
#1348 = DIRECTION('',(0.,-1.,0.));
#1349 = ORIENTED_EDGE('',*,*,#1350,.F.);
#1350 = EDGE_CURVE('',#300,#1343,#1351,.T.);
#1351 = LINE('',#1352,#1353);
#1352 = CARTESIAN_POINT('',(-21.,-10.74842712474,0.));
#1353 = VECTOR('',#1354,1.);
#1354 = DIRECTION('',(0.,0.,1.));
#1355 = PLANE('',#1356);
#1356 = AXIS2_PLACEMENT_3D('',#1357,#1358,#1359);
#1357 = CARTESIAN_POINT('',(-21.,21.171572875254,0.));
#1358 = DIRECTION('',(1.,0.,0.));
#1359 = DIRECTION('',(0.,-1.,0.));
#1360 = ADVANCED_FACE('',(#1361),#1379,.T.);
#1361 = FACE_BOUND('',#1362,.T.);
#1362 = EDGE_LOOP('',(#1363,#1364,#1372,#1378));
#1363 = ORIENTED_EDGE('',*,*,#1350,.T.);
#1364 = ORIENTED_EDGE('',*,*,#1365,.T.);
#1365 = EDGE_CURVE('',#1343,#1366,#1368,.T.);
#1366 = VERTEX_POINT('',#1367);
#1367 = CARTESIAN_POINT('',(-26.,-10.74842712474,2.));
#1368 = LINE('',#1369,#1370);
#1369 = CARTESIAN_POINT('',(-21.,-10.74842712474,2.));
#1370 = VECTOR('',#1371,1.);
#1371 = DIRECTION('',(-1.,0.,0.));
#1372 = ORIENTED_EDGE('',*,*,#1373,.F.);
#1373 = EDGE_CURVE('',#308,#1366,#1374,.T.);
#1374 = LINE('',#1375,#1376);
#1375 = CARTESIAN_POINT('',(-26.,-10.74842712474,0.));
#1376 = VECTOR('',#1377,1.);
#1377 = DIRECTION('',(0.,0.,1.));
#1378 = ORIENTED_EDGE('',*,*,#307,.F.);
#1379 = PLANE('',#1380);
#1380 = AXIS2_PLACEMENT_3D('',#1381,#1382,#1383);
#1381 = CARTESIAN_POINT('',(-21.,-10.74842712474,0.));
#1382 = DIRECTION('',(-0.,-1.,-0.));
#1383 = DIRECTION('',(-1.,0.,0.));
#1384 = ADVANCED_FACE('',(#1385,#1473,#1483,#1517,#1520),#1554,.T.);
#1385 = FACE_BOUND('',#1386,.T.);
#1386 = EDGE_LOOP('',(#1387,#1397,#1405,#1411,#1412,#1420,#1428,#1434,
    #1435,#1443,#1451,#1457,#1458,#1459,#1467));
#1387 = ORIENTED_EDGE('',*,*,#1388,.F.);
#1388 = EDGE_CURVE('',#1389,#1391,#1393,.T.);
#1389 = VERTEX_POINT('',#1390);
#1390 = CARTESIAN_POINT('',(-26.,-22.29469244257,14.5));
#1391 = VERTEX_POINT('',#1392);
#1392 = CARTESIAN_POINT('',(-26.,16.171572875254,14.5));
#1393 = LINE('',#1394,#1395);
#1394 = CARTESIAN_POINT('',(-26.,-23.,14.5));
#1395 = VECTOR('',#1396,1.);
#1396 = DIRECTION('',(0.,1.,0.));
#1397 = ORIENTED_EDGE('',*,*,#1398,.F.);
#1398 = EDGE_CURVE('',#1399,#1389,#1401,.T.);
#1399 = VERTEX_POINT('',#1400);
#1400 = CARTESIAN_POINT('',(-26.,-50.00050940528,4.415912869199));
#1401 = LINE('',#1402,#1403);
#1402 = CARTESIAN_POINT('',(-26.,-49.46085662275,4.612330310586));
#1403 = VECTOR('',#1404,1.);
#1404 = DIRECTION('',(0.,0.93969268139,0.342019976818));
#1405 = ORIENTED_EDGE('',*,*,#1406,.T.);
#1406 = EDGE_CURVE('',#1399,#380,#1407,.T.);
#1407 = LINE('',#1408,#1409);
#1408 = CARTESIAN_POINT('',(-26.,-50.00050940528,3.982595449544));
#1409 = VECTOR('',#1410,1.);
#1410 = DIRECTION('',(1.1E-16,-1.E-16,-1.));
#1411 = ORIENTED_EDGE('',*,*,#379,.F.);
#1412 = ORIENTED_EDGE('',*,*,#1413,.T.);
#1413 = EDGE_CURVE('',#372,#1414,#1416,.T.);
#1414 = VERTEX_POINT('',#1415);
#1415 = CARTESIAN_POINT('',(-26.,-35.16999947712,2.));
#1416 = LINE('',#1417,#1418);
#1417 = CARTESIAN_POINT('',(-26.,-35.16999947712,0.));
#1418 = VECTOR('',#1419,1.);
#1419 = DIRECTION('',(0.,0.,1.));
#1420 = ORIENTED_EDGE('',*,*,#1421,.T.);
#1421 = EDGE_CURVE('',#1414,#1422,#1424,.T.);
#1422 = VERTEX_POINT('',#1423);
#1423 = CARTESIAN_POINT('',(-26.,-29.97,2.));
#1424 = LINE('',#1425,#1426);
#1425 = CARTESIAN_POINT('',(-26.,-35.16999947712,2.));
#1426 = VECTOR('',#1427,1.);
#1427 = DIRECTION('',(-1.37E-15,1.,-0.));
#1428 = ORIENTED_EDGE('',*,*,#1429,.F.);
#1429 = EDGE_CURVE('',#348,#1422,#1430,.T.);
#1430 = LINE('',#1431,#1432);
#1431 = CARTESIAN_POINT('',(-26.,-29.97,0.));
#1432 = VECTOR('',#1433,1.);
#1433 = DIRECTION('',(0.,0.,1.));
#1434 = ORIENTED_EDGE('',*,*,#347,.F.);
#1435 = ORIENTED_EDGE('',*,*,#1436,.T.);
#1436 = EDGE_CURVE('',#340,#1437,#1439,.T.);
#1437 = VERTEX_POINT('',#1438);
#1438 = CARTESIAN_POINT('',(-26.,-20.03,2.));
#1439 = LINE('',#1440,#1441);
#1440 = CARTESIAN_POINT('',(-26.,-20.03,0.));
#1441 = VECTOR('',#1442,1.);
#1442 = DIRECTION('',(0.,0.,1.));
#1443 = ORIENTED_EDGE('',*,*,#1444,.T.);
#1444 = EDGE_CURVE('',#1437,#1445,#1447,.T.);
#1445 = VERTEX_POINT('',#1446);
#1446 = CARTESIAN_POINT('',(-26.,-14.83000209148,2.));
#1447 = LINE('',#1448,#1449);
#1448 = CARTESIAN_POINT('',(-26.,-20.03,2.));
#1449 = VECTOR('',#1450,1.);
#1450 = DIRECTION('',(6.8E-16,1.,0.));
#1451 = ORIENTED_EDGE('',*,*,#1452,.F.);
#1452 = EDGE_CURVE('',#316,#1445,#1453,.T.);
#1453 = LINE('',#1454,#1455);
#1454 = CARTESIAN_POINT('',(-26.,-14.83000209148,0.));
#1455 = VECTOR('',#1456,1.);
#1456 = DIRECTION('',(0.,0.,1.));
#1457 = ORIENTED_EDGE('',*,*,#315,.F.);
#1458 = ORIENTED_EDGE('',*,*,#1373,.T.);
#1459 = ORIENTED_EDGE('',*,*,#1460,.T.);
#1460 = EDGE_CURVE('',#1366,#1461,#1463,.T.);
#1461 = VERTEX_POINT('',#1462);
#1462 = CARTESIAN_POINT('',(-26.,16.171572875254,2.));
#1463 = LINE('',#1464,#1465);
#1464 = CARTESIAN_POINT('',(-26.,-10.74842712474,2.));
#1465 = VECTOR('',#1466,1.);
#1466 = DIRECTION('',(0.,1.,0.));
#1467 = ORIENTED_EDGE('',*,*,#1468,.F.);
#1468 = EDGE_CURVE('',#1391,#1461,#1469,.T.);
#1469 = LINE('',#1470,#1471);
#1470 = CARTESIAN_POINT('',(-26.,16.171572875254,13.232595449544));
#1471 = VECTOR('',#1472,1.);
#1472 = DIRECTION('',(1.1E-16,-1.E-16,-1.));
#1473 = FACE_BOUND('',#1474,.T.);
#1474 = EDGE_LOOP('',(#1475,#1476,#1477,#1478,#1479,#1480,#1481,#1482));
#1475 = ORIENTED_EDGE('',*,*,#749,.F.);
#1476 = ORIENTED_EDGE('',*,*,#798,.T.);
#1477 = ORIENTED_EDGE('',*,*,#847,.F.);
#1478 = ORIENTED_EDGE('',*,*,#871,.T.);
#1479 = ORIENTED_EDGE('',*,*,#830,.F.);
#1480 = ORIENTED_EDGE('',*,*,#780,.T.);
#1481 = ORIENTED_EDGE('',*,*,#732,.F.);
#1482 = ORIENTED_EDGE('',*,*,#700,.T.);
#1483 = FACE_BOUND('',#1484,.T.);
#1484 = EDGE_LOOP('',(#1485,#1495,#1503,#1511));
#1485 = ORIENTED_EDGE('',*,*,#1486,.F.);
#1486 = EDGE_CURVE('',#1487,#1489,#1491,.T.);
#1487 = VERTEX_POINT('',#1488);
#1488 = CARTESIAN_POINT('',(-26.,-14.83000209148,3.6));
#1489 = VERTEX_POINT('',#1490);
#1490 = CARTESIAN_POINT('',(-26.,-14.83000209148,5.6));
#1491 = LINE('',#1492,#1493);
#1492 = CARTESIAN_POINT('',(-26.,-14.83000209148,3.6));
#1493 = VECTOR('',#1494,1.);
#1494 = DIRECTION('',(0.,0.,1.));
#1495 = ORIENTED_EDGE('',*,*,#1496,.F.);
#1496 = EDGE_CURVE('',#1497,#1487,#1499,.T.);
#1497 = VERTEX_POINT('',#1498);
#1498 = CARTESIAN_POINT('',(-26.,-20.03,3.6));
#1499 = LINE('',#1500,#1501);
#1500 = CARTESIAN_POINT('',(-26.,-20.03,3.6));
#1501 = VECTOR('',#1502,1.);
#1502 = DIRECTION('',(6.8E-16,1.,0.));
#1503 = ORIENTED_EDGE('',*,*,#1504,.T.);
#1504 = EDGE_CURVE('',#1497,#1505,#1507,.T.);
#1505 = VERTEX_POINT('',#1506);
#1506 = CARTESIAN_POINT('',(-26.,-20.03,5.6));
#1507 = LINE('',#1508,#1509);
#1508 = CARTESIAN_POINT('',(-26.,-20.03,3.6));
#1509 = VECTOR('',#1510,1.);
#1510 = DIRECTION('',(0.,0.,1.));
#1511 = ORIENTED_EDGE('',*,*,#1512,.T.);
#1512 = EDGE_CURVE('',#1505,#1489,#1513,.T.);
#1513 = LINE('',#1514,#1515);
#1514 = CARTESIAN_POINT('',(-26.,-20.03,5.6));
#1515 = VECTOR('',#1516,1.);
#1516 = DIRECTION('',(6.8E-16,1.,0.));
#1517 = FACE_BOUND('',#1518,.T.);
#1518 = EDGE_LOOP('',(#1519));
#1519 = ORIENTED_EDGE('',*,*,#895,.F.);
#1520 = FACE_BOUND('',#1521,.T.);
#1521 = EDGE_LOOP('',(#1522,#1532,#1540,#1548));
#1522 = ORIENTED_EDGE('',*,*,#1523,.F.);
#1523 = EDGE_CURVE('',#1524,#1526,#1528,.T.);
#1524 = VERTEX_POINT('',#1525);
#1525 = CARTESIAN_POINT('',(-26.,-29.97,3.6));
#1526 = VERTEX_POINT('',#1527);
#1527 = CARTESIAN_POINT('',(-26.,-29.97,5.6));
#1528 = LINE('',#1529,#1530);
#1529 = CARTESIAN_POINT('',(-26.,-29.97,3.6));
#1530 = VECTOR('',#1531,1.);
#1531 = DIRECTION('',(0.,0.,1.));
#1532 = ORIENTED_EDGE('',*,*,#1533,.F.);
#1533 = EDGE_CURVE('',#1534,#1524,#1536,.T.);
#1534 = VERTEX_POINT('',#1535);
#1535 = CARTESIAN_POINT('',(-26.,-35.16999947712,3.6));
#1536 = LINE('',#1537,#1538);
#1537 = CARTESIAN_POINT('',(-26.,-35.16999947712,3.6));
#1538 = VECTOR('',#1539,1.);
#1539 = DIRECTION('',(-1.37E-15,1.,-0.));
#1540 = ORIENTED_EDGE('',*,*,#1541,.T.);
#1541 = EDGE_CURVE('',#1534,#1542,#1544,.T.);
#1542 = VERTEX_POINT('',#1543);
#1543 = CARTESIAN_POINT('',(-26.,-35.16999947712,5.6));
#1544 = LINE('',#1545,#1546);
#1545 = CARTESIAN_POINT('',(-26.,-35.16999947712,3.6));
#1546 = VECTOR('',#1547,1.);
#1547 = DIRECTION('',(0.,0.,1.));
#1548 = ORIENTED_EDGE('',*,*,#1549,.T.);
#1549 = EDGE_CURVE('',#1542,#1526,#1550,.T.);
#1550 = LINE('',#1551,#1552);
#1551 = CARTESIAN_POINT('',(-26.,-35.16999947712,5.6));
#1552 = VECTOR('',#1553,1.);
#1553 = DIRECTION('',(-1.37E-15,1.,-0.));
#1554 = PLANE('',#1555);
#1555 = AXIS2_PLACEMENT_3D('',#1556,#1557,#1558);
#1556 = CARTESIAN_POINT('',(-26.,-14.5472683249,7.965190899088));
#1557 = DIRECTION('',(1.,0.,0.));
#1558 = DIRECTION('',(0.,0.,1.));
#1559 = ADVANCED_FACE('',(#1560),#1578,.T.);
#1560 = FACE_BOUND('',#1561,.T.);
#1561 = EDGE_LOOP('',(#1562,#1563,#1571,#1577));
#1562 = ORIENTED_EDGE('',*,*,#1452,.T.);
#1563 = ORIENTED_EDGE('',*,*,#1564,.T.);
#1564 = EDGE_CURVE('',#1445,#1565,#1567,.T.);
#1565 = VERTEX_POINT('',#1566);
#1566 = CARTESIAN_POINT('',(-24.4,-16.43000156861,2.));
#1567 = LINE('',#1568,#1569);
#1568 = CARTESIAN_POINT('',(-26.,-14.83000209148,2.));
#1569 = VECTOR('',#1570,1.);
#1570 = DIRECTION('',(0.707106896726,-0.707106665647,0.));
#1571 = ORIENTED_EDGE('',*,*,#1572,.F.);
#1572 = EDGE_CURVE('',#324,#1565,#1573,.T.);
#1573 = LINE('',#1574,#1575);
#1574 = CARTESIAN_POINT('',(-24.4,-16.43000156861,0.));
#1575 = VECTOR('',#1576,1.);
#1576 = DIRECTION('',(0.,0.,1.));
#1577 = ORIENTED_EDGE('',*,*,#323,.F.);
#1578 = PLANE('',#1579);
#1579 = AXIS2_PLACEMENT_3D('',#1580,#1581,#1582);
#1580 = CARTESIAN_POINT('',(-26.,-14.83000209148,0.));
#1581 = DIRECTION('',(0.707106665647,0.707106896726,0.));
#1582 = DIRECTION('',(0.707106896726,-0.707106665647,0.));
#1583 = ADVANCED_FACE('',(#1584),#1602,.T.);
#1584 = FACE_BOUND('',#1585,.T.);
#1585 = EDGE_LOOP('',(#1586,#1587,#1595,#1601));
#1586 = ORIENTED_EDGE('',*,*,#1572,.T.);
#1587 = ORIENTED_EDGE('',*,*,#1588,.T.);
#1588 = EDGE_CURVE('',#1565,#1589,#1591,.T.);
#1589 = VERTEX_POINT('',#1590);
#1590 = CARTESIAN_POINT('',(-24.4,-18.43000156861,2.));
#1591 = LINE('',#1592,#1593);
#1592 = CARTESIAN_POINT('',(-24.4,-16.43000156861,2.));
#1593 = VECTOR('',#1594,1.);
#1594 = DIRECTION('',(0.,-1.,0.));
#1595 = ORIENTED_EDGE('',*,*,#1596,.F.);
#1596 = EDGE_CURVE('',#332,#1589,#1597,.T.);
#1597 = LINE('',#1598,#1599);
#1598 = CARTESIAN_POINT('',(-24.4,-18.43000156861,0.));
#1599 = VECTOR('',#1600,1.);
#1600 = DIRECTION('',(0.,0.,1.));
#1601 = ORIENTED_EDGE('',*,*,#331,.F.);
#1602 = PLANE('',#1603);
#1603 = AXIS2_PLACEMENT_3D('',#1604,#1605,#1606);
#1604 = CARTESIAN_POINT('',(-24.4,-16.43000156861,0.));
#1605 = DIRECTION('',(1.,0.,0.));
#1606 = DIRECTION('',(0.,-1.,0.));
#1607 = ADVANCED_FACE('',(#1608),#1619,.T.);
#1608 = FACE_BOUND('',#1609,.T.);
#1609 = EDGE_LOOP('',(#1610,#1611,#1617,#1618));
#1610 = ORIENTED_EDGE('',*,*,#1596,.T.);
#1611 = ORIENTED_EDGE('',*,*,#1612,.T.);
#1612 = EDGE_CURVE('',#1589,#1437,#1613,.T.);
#1613 = LINE('',#1614,#1615);
#1614 = CARTESIAN_POINT('',(-24.4,-18.43000156861,2.));
#1615 = VECTOR('',#1616,1.);
#1616 = DIRECTION('',(-0.707107127805,-0.707106434568,0.));
#1617 = ORIENTED_EDGE('',*,*,#1436,.F.);
#1618 = ORIENTED_EDGE('',*,*,#339,.F.);
#1619 = PLANE('',#1620);
#1620 = AXIS2_PLACEMENT_3D('',#1621,#1622,#1623);
#1621 = CARTESIAN_POINT('',(-24.4,-18.43000156861,0.));
#1622 = DIRECTION('',(0.707106434568,-0.707107127805,0.));
#1623 = DIRECTION('',(-0.707107127805,-0.707106434568,0.));
#1624 = ADVANCED_FACE('',(#1625),#1643,.T.);
#1625 = FACE_BOUND('',#1626,.T.);
#1626 = EDGE_LOOP('',(#1627,#1628,#1636,#1642));
#1627 = ORIENTED_EDGE('',*,*,#1429,.T.);
#1628 = ORIENTED_EDGE('',*,*,#1629,.T.);
#1629 = EDGE_CURVE('',#1422,#1630,#1632,.T.);
#1630 = VERTEX_POINT('',#1631);
#1631 = CARTESIAN_POINT('',(-24.4,-31.56999947712,2.));
#1632 = LINE('',#1633,#1634);
#1633 = CARTESIAN_POINT('',(-26.,-29.97,2.));
#1634 = VECTOR('',#1635,1.);
#1635 = DIRECTION('',(0.707106896726,-0.707106665647,0.));
#1636 = ORIENTED_EDGE('',*,*,#1637,.F.);
#1637 = EDGE_CURVE('',#356,#1630,#1638,.T.);
#1638 = LINE('',#1639,#1640);
#1639 = CARTESIAN_POINT('',(-24.4,-31.56999947712,0.));
#1640 = VECTOR('',#1641,1.);
#1641 = DIRECTION('',(0.,0.,1.));
#1642 = ORIENTED_EDGE('',*,*,#355,.F.);
#1643 = PLANE('',#1644);
#1644 = AXIS2_PLACEMENT_3D('',#1645,#1646,#1647);
#1645 = CARTESIAN_POINT('',(-26.,-29.97,0.));
#1646 = DIRECTION('',(0.707106665647,0.707106896726,0.));
#1647 = DIRECTION('',(0.707106896726,-0.707106665647,0.));
#1648 = ADVANCED_FACE('',(#1649),#1667,.T.);
#1649 = FACE_BOUND('',#1650,.T.);
#1650 = EDGE_LOOP('',(#1651,#1652,#1660,#1666));
#1651 = ORIENTED_EDGE('',*,*,#1637,.T.);
#1652 = ORIENTED_EDGE('',*,*,#1653,.T.);
#1653 = EDGE_CURVE('',#1630,#1654,#1656,.T.);
#1654 = VERTEX_POINT('',#1655);
#1655 = CARTESIAN_POINT('',(-24.4,-33.56999947712,2.));
#1656 = LINE('',#1657,#1658);
#1657 = CARTESIAN_POINT('',(-24.4,-31.56999947712,2.));
#1658 = VECTOR('',#1659,1.);
#1659 = DIRECTION('',(0.,-1.,0.));
#1660 = ORIENTED_EDGE('',*,*,#1661,.F.);
#1661 = EDGE_CURVE('',#364,#1654,#1662,.T.);
#1662 = LINE('',#1663,#1664);
#1663 = CARTESIAN_POINT('',(-24.4,-33.56999947712,0.));
#1664 = VECTOR('',#1665,1.);
#1665 = DIRECTION('',(0.,0.,1.));
#1666 = ORIENTED_EDGE('',*,*,#363,.F.);
#1667 = PLANE('',#1668);
#1668 = AXIS2_PLACEMENT_3D('',#1669,#1670,#1671);
#1669 = CARTESIAN_POINT('',(-24.4,-31.56999947712,0.));
#1670 = DIRECTION('',(1.,0.,0.));
#1671 = DIRECTION('',(0.,-1.,0.));
#1672 = ADVANCED_FACE('',(#1673),#1684,.T.);
#1673 = FACE_BOUND('',#1674,.T.);
#1674 = EDGE_LOOP('',(#1675,#1676,#1682,#1683));
#1675 = ORIENTED_EDGE('',*,*,#1661,.T.);
#1676 = ORIENTED_EDGE('',*,*,#1677,.T.);
#1677 = EDGE_CURVE('',#1654,#1414,#1678,.T.);
#1678 = LINE('',#1679,#1680);
#1679 = CARTESIAN_POINT('',(-24.4,-33.56999947712,2.));
#1680 = VECTOR('',#1681,1.);
#1681 = DIRECTION('',(-0.707106781187,-0.707106781187,0.));
#1682 = ORIENTED_EDGE('',*,*,#1413,.F.);
#1683 = ORIENTED_EDGE('',*,*,#371,.F.);
#1684 = PLANE('',#1685);
#1685 = AXIS2_PLACEMENT_3D('',#1686,#1687,#1688);
#1686 = CARTESIAN_POINT('',(-24.4,-33.56999947712,0.));
#1687 = DIRECTION('',(0.707106781187,-0.707106781187,0.));
#1688 = DIRECTION('',(-0.707106781187,-0.707106781187,0.));
#1689 = ADVANCED_FACE('',(#1690),#1717,.T.);
#1690 = FACE_BOUND('',#1691,.F.);
#1691 = EDGE_LOOP('',(#1692,#1693,#1701,#1709,#1716));
#1692 = ORIENTED_EDGE('',*,*,#387,.F.);
#1693 = ORIENTED_EDGE('',*,*,#1694,.T.);
#1694 = EDGE_CURVE('',#388,#1695,#1697,.T.);
#1695 = VERTEX_POINT('',#1696);
#1696 = CARTESIAN_POINT('',(-21.17157287525,-54.82893653003,
    4.786865494063));
#1697 = LINE('',#1698,#1699);
#1698 = CARTESIAN_POINT('',(-21.17157287525,-54.82893653003,
    1.06581410364E-14));
#1699 = VECTOR('',#1700,1.);
#1700 = DIRECTION('',(-1.3E-16,1.1E-16,1.));
#1701 = ORIENTED_EDGE('',*,*,#1702,.T.);
#1702 = EDGE_CURVE('',#1695,#1703,#1705,.T.);
#1703 = VERTEX_POINT('',#1704);
#1704 = CARTESIAN_POINT('',(-24.,-52.00050940528,5.816328209688));
#1705 = LINE('',#1706,#1707);
#1706 = CARTESIAN_POINT('',(-23.14681082447,-52.8536985808,
    5.505792916807));
#1707 = VECTOR('',#1708,1.);
#1708 = DIRECTION('',(-0.684791102226,0.684791102226,0.249243440485));
#1709 = ORIENTED_EDGE('',*,*,#1710,.F.);
#1710 = EDGE_CURVE('',#1399,#1703,#1711,.T.);
#1711 = ELLIPSE('',#1712,3.009949083101,2.);
#1712 = AXIS2_PLACEMENT_3D('',#1713,#1714,#1715);
#1713 = CARTESIAN_POINT('',(-24.,-52.00050940528,3.687972802001));
#1714 = DIRECTION('',(0.707106781187,0.707106781187,1.259861923839E-17)
  );
#1715 = DIRECTION('',(-0.62870744352,0.62870744352,0.457661338683));
#1716 = ORIENTED_EDGE('',*,*,#1406,.T.);
#1717 = PLANE('',#1718);
#1718 = AXIS2_PLACEMENT_3D('',#1719,#1720,#1721);
#1719 = CARTESIAN_POINT('',(-23.58578643762,-52.41472296765,0.));
#1720 = DIRECTION('',(0.707106781187,0.707106781187,1.E-17));
#1721 = DIRECTION('',(7.071067811865E-18,7.071067811865E-18,-1.));
#1722 = ADVANCED_FACE('',(#1723),#1741,.F.);
#1723 = FACE_BOUND('',#1724,.F.);
#1724 = EDGE_LOOP('',(#1725,#1726,#1734,#1740));
#1725 = ORIENTED_EDGE('',*,*,#395,.T.);
#1726 = ORIENTED_EDGE('',*,*,#1727,.T.);
#1727 = EDGE_CURVE('',#396,#1728,#1730,.T.);
#1728 = VERTEX_POINT('',#1729);
#1729 = CARTESIAN_POINT('',(21.171572875254,-54.82893653003,
    4.786865494063));
#1730 = LINE('',#1731,#1732);
#1731 = CARTESIAN_POINT('',(21.171572875254,-54.82893653003,
    1.42108547152E-14));
#1732 = VECTOR('',#1733,1.);
#1733 = DIRECTION('',(-1.E-16,1.1E-16,1.));
#1734 = ORIENTED_EDGE('',*,*,#1735,.T.);
#1735 = EDGE_CURVE('',#1728,#1695,#1736,.T.);
#1736 = LINE('',#1737,#1738);
#1737 = CARTESIAN_POINT('',(-28.,-54.82893653003,4.786865494063));
#1738 = VECTOR('',#1739,1.);
#1739 = DIRECTION('',(-1.,2.2E-16,-1.2E-16));
#1740 = ORIENTED_EDGE('',*,*,#1694,.F.);
#1741 = PLANE('',#1742);
#1742 = AXIS2_PLACEMENT_3D('',#1743,#1744,#1745);
#1743 = CARTESIAN_POINT('',(-28.,-54.82893653003,1.42108547152E-14));
#1744 = DIRECTION('',(-2.2E-16,-1.,-0.));
#1745 = DIRECTION('',(-2.2E-16,4.84E-32,1.));
#1746 = ADVANCED_FACE('',(#1747),#1774,.F.);
#1747 = FACE_BOUND('',#1748,.T.);
#1748 = EDGE_LOOP('',(#1749,#1750,#1751,#1759,#1768));
#1749 = ORIENTED_EDGE('',*,*,#403,.F.);
#1750 = ORIENTED_EDGE('',*,*,#1727,.T.);
#1751 = ORIENTED_EDGE('',*,*,#1752,.T.);
#1752 = EDGE_CURVE('',#1728,#1753,#1755,.T.);
#1753 = VERTEX_POINT('',#1754);
#1754 = CARTESIAN_POINT('',(24.,-52.00050940528,5.816328209688));
#1755 = LINE('',#1756,#1757);
#1756 = CARTESIAN_POINT('',(10.016522921226,-65.98398648405,
    0.726761587499));
#1757 = VECTOR('',#1758,1.);
#1758 = DIRECTION('',(0.684791102226,0.684791102226,0.249243440485));
#1759 = ORIENTED_EDGE('',*,*,#1760,.F.);
#1760 = EDGE_CURVE('',#1761,#1753,#1763,.T.);
#1761 = VERTEX_POINT('',#1762);
#1762 = CARTESIAN_POINT('',(26.,-50.00050940528,4.415912869199));
#1763 = ELLIPSE('',#1764,3.009949083101,2.);
#1764 = AXIS2_PLACEMENT_3D('',#1765,#1766,#1767);
#1765 = CARTESIAN_POINT('',(24.,-52.00050940528,3.687972802001));
#1766 = DIRECTION('',(0.707106781187,-0.707106781187,6.455166609414E-17)
  );
#1767 = DIRECTION('',(0.62870744352,0.62870744352,0.457661338683));
#1768 = ORIENTED_EDGE('',*,*,#1769,.F.);
#1769 = EDGE_CURVE('',#404,#1761,#1770,.T.);
#1770 = LINE('',#1771,#1772);
#1771 = CARTESIAN_POINT('',(26.,-50.00050940528,3.982595449544));
#1772 = VECTOR('',#1773,1.);
#1773 = DIRECTION('',(-1.1E-16,1.E-16,1.));
#1774 = PLANE('',#1775);
#1775 = AXIS2_PLACEMENT_3D('',#1776,#1777,#1778);
#1776 = CARTESIAN_POINT('',(23.585786437627,-52.41472296765,0.));
#1777 = DIRECTION('',(0.707106781187,-0.707106781187,-1.E-17));
#1778 = DIRECTION('',(-7.071067811865E-18,7.071067811865E-18,-1.));
#1779 = ADVANCED_FACE('',(#1780,#1822),#1833,.F.);
#1780 = FACE_BOUND('',#1781,.F.);
#1781 = EDGE_LOOP('',(#1782,#1792,#1798,#1799,#1800,#1808,#1816));
#1782 = ORIENTED_EDGE('',*,*,#1783,.F.);
#1783 = EDGE_CURVE('',#1784,#1786,#1788,.T.);
#1784 = VERTEX_POINT('',#1785);
#1785 = CARTESIAN_POINT('',(26.,-22.29469244257,14.5));
#1786 = VERTEX_POINT('',#1787);
#1787 = CARTESIAN_POINT('',(26.,16.171572875254,14.5));
#1788 = LINE('',#1789,#1790);
#1789 = CARTESIAN_POINT('',(26.,-23.,14.5));
#1790 = VECTOR('',#1791,1.);
#1791 = DIRECTION('',(0.,1.,0.));
#1792 = ORIENTED_EDGE('',*,*,#1793,.F.);
#1793 = EDGE_CURVE('',#1761,#1784,#1794,.T.);
#1794 = LINE('',#1795,#1796);
#1795 = CARTESIAN_POINT('',(26.,-49.46085662275,4.612330310586));
#1796 = VECTOR('',#1797,1.);
#1797 = DIRECTION('',(0.,0.93969268139,0.342019976818));
#1798 = ORIENTED_EDGE('',*,*,#1769,.F.);
#1799 = ORIENTED_EDGE('',*,*,#411,.F.);
#1800 = ORIENTED_EDGE('',*,*,#1801,.T.);
#1801 = EDGE_CURVE('',#412,#1802,#1804,.T.);
#1802 = VERTEX_POINT('',#1803);
#1803 = CARTESIAN_POINT('',(26.,-30.803238,2.));
#1804 = LINE('',#1805,#1806);
#1805 = CARTESIAN_POINT('',(26.,-30.803238,0.));
#1806 = VECTOR('',#1807,1.);
#1807 = DIRECTION('',(0.,0.,1.));
#1808 = ORIENTED_EDGE('',*,*,#1809,.F.);
#1809 = EDGE_CURVE('',#1810,#1802,#1812,.T.);
#1810 = VERTEX_POINT('',#1811);
#1811 = CARTESIAN_POINT('',(26.,16.171572875254,2.));
#1812 = LINE('',#1813,#1814);
#1813 = CARTESIAN_POINT('',(26.,16.171572875254,2.));
#1814 = VECTOR('',#1815,1.);
#1815 = DIRECTION('',(0.,-1.,0.));
#1816 = ORIENTED_EDGE('',*,*,#1817,.T.);
#1817 = EDGE_CURVE('',#1810,#1786,#1818,.T.);
#1818 = LINE('',#1819,#1820);
#1819 = CARTESIAN_POINT('',(26.,16.171572875254,13.232595449544));
#1820 = VECTOR('',#1821,1.);
#1821 = DIRECTION('',(-1.1E-16,1.E-16,1.));
#1822 = FACE_BOUND('',#1823,.F.);
#1823 = EDGE_LOOP('',(#1824));
#1824 = ORIENTED_EDGE('',*,*,#1825,.F.);
#1825 = EDGE_CURVE('',#1826,#1826,#1828,.T.);
#1826 = VERTEX_POINT('',#1827);
#1827 = CARTESIAN_POINT('',(26.,-44.77893653003,3.));
#1828 = CIRCLE('',#1829,1.05);
#1829 = AXIS2_PLACEMENT_3D('',#1830,#1831,#1832);
#1830 = CARTESIAN_POINT('',(26.,-45.82893653003,3.));
#1831 = DIRECTION('',(1.,0.,0.));
#1832 = DIRECTION('',(0.,1.,0.));
#1833 = PLANE('',#1834);
#1834 = AXIS2_PLACEMENT_3D('',#1835,#1836,#1837);
#1835 = CARTESIAN_POINT('',(26.,-14.5472683249,7.965190899088));
#1836 = DIRECTION('',(1.,0.,0.));
#1837 = DIRECTION('',(0.,0.,1.));
#1838 = ADVANCED_FACE('',(#1839),#1857,.F.);
#1839 = FACE_BOUND('',#1840,.F.);
#1840 = EDGE_LOOP('',(#1841,#1849,#1855,#1856));
#1841 = ORIENTED_EDGE('',*,*,#1842,.T.);
#1842 = EDGE_CURVE('',#420,#1843,#1845,.T.);
#1843 = VERTEX_POINT('',#1844);
#1844 = CARTESIAN_POINT('',(16.6,-30.803238,2.));
#1845 = LINE('',#1846,#1847);
#1846 = CARTESIAN_POINT('',(16.6,-30.803238,0.));
#1847 = VECTOR('',#1848,1.);
#1848 = DIRECTION('',(0.,0.,1.));
#1849 = ORIENTED_EDGE('',*,*,#1850,.T.);
#1850 = EDGE_CURVE('',#1843,#1802,#1851,.T.);
#1851 = LINE('',#1852,#1853);
#1852 = CARTESIAN_POINT('',(16.6,-30.803238,2.));
#1853 = VECTOR('',#1854,1.);
#1854 = DIRECTION('',(1.,0.,0.));
#1855 = ORIENTED_EDGE('',*,*,#1801,.F.);
#1856 = ORIENTED_EDGE('',*,*,#419,.F.);
#1857 = PLANE('',#1858);
#1858 = AXIS2_PLACEMENT_3D('',#1859,#1860,#1861);
#1859 = CARTESIAN_POINT('',(16.6,-30.803238,0.));
#1860 = DIRECTION('',(0.,1.,0.));
#1861 = DIRECTION('',(1.,0.,0.));
#1862 = ADVANCED_FACE('',(#1863),#1881,.F.);
#1863 = FACE_BOUND('',#1864,.F.);
#1864 = EDGE_LOOP('',(#1865,#1873,#1879,#1880));
#1865 = ORIENTED_EDGE('',*,*,#1866,.T.);
#1866 = EDGE_CURVE('',#428,#1867,#1869,.T.);
#1867 = VERTEX_POINT('',#1868);
#1868 = CARTESIAN_POINT('',(16.6,-17.407137,2.));
#1869 = LINE('',#1870,#1871);
#1870 = CARTESIAN_POINT('',(16.6,-17.407137,0.));
#1871 = VECTOR('',#1872,1.);
#1872 = DIRECTION('',(0.,0.,1.));
#1873 = ORIENTED_EDGE('',*,*,#1874,.T.);
#1874 = EDGE_CURVE('',#1867,#1843,#1875,.T.);
#1875 = LINE('',#1876,#1877);
#1876 = CARTESIAN_POINT('',(16.6,-17.407137,2.));
#1877 = VECTOR('',#1878,1.);
#1878 = DIRECTION('',(0.,-1.,0.));
#1879 = ORIENTED_EDGE('',*,*,#1842,.F.);
#1880 = ORIENTED_EDGE('',*,*,#427,.F.);
#1881 = PLANE('',#1882);
#1882 = AXIS2_PLACEMENT_3D('',#1883,#1884,#1885);
#1883 = CARTESIAN_POINT('',(16.6,-17.407137,0.));
#1884 = DIRECTION('',(1.,0.,0.));
#1885 = DIRECTION('',(0.,-1.,0.));
#1886 = ADVANCED_FACE('',(#1887),#1905,.F.);
#1887 = FACE_BOUND('',#1888,.F.);
#1888 = EDGE_LOOP('',(#1889,#1897,#1903,#1904));
#1889 = ORIENTED_EDGE('',*,*,#1890,.T.);
#1890 = EDGE_CURVE('',#436,#1891,#1893,.T.);
#1891 = VERTEX_POINT('',#1892);
#1892 = CARTESIAN_POINT('',(21.,-10.74842712474,2.));
#1893 = LINE('',#1894,#1895);
#1894 = CARTESIAN_POINT('',(21.,-10.74842712474,0.));
#1895 = VECTOR('',#1896,1.);
#1896 = DIRECTION('',(0.,0.,1.));
#1897 = ORIENTED_EDGE('',*,*,#1898,.T.);
#1898 = EDGE_CURVE('',#1891,#1867,#1899,.T.);
#1899 = LINE('',#1900,#1901);
#1900 = CARTESIAN_POINT('',(21.,-10.74842712474,2.));
#1901 = VECTOR('',#1902,1.);
#1902 = DIRECTION('',(-0.551300461447,-0.834306778834,0.));
#1903 = ORIENTED_EDGE('',*,*,#1866,.F.);
#1904 = ORIENTED_EDGE('',*,*,#435,.F.);
#1905 = PLANE('',#1906);
#1906 = AXIS2_PLACEMENT_3D('',#1907,#1908,#1909);
#1907 = CARTESIAN_POINT('',(21.,-10.74842712474,0.));
#1908 = DIRECTION('',(0.834306778834,-0.551300461447,0.));
#1909 = DIRECTION('',(-0.551300461447,-0.834306778834,0.));
#1910 = ADVANCED_FACE('',(#1911),#1922,.F.);
#1911 = FACE_BOUND('',#1912,.F.);
#1912 = EDGE_LOOP('',(#1913,#1914,#1915,#1921));
#1913 = ORIENTED_EDGE('',*,*,#443,.F.);
#1914 = ORIENTED_EDGE('',*,*,#1297,.F.);
#1915 = ORIENTED_EDGE('',*,*,#1916,.T.);
#1916 = EDGE_CURVE('',#1290,#1891,#1917,.T.);
#1917 = LINE('',#1918,#1919);
#1918 = CARTESIAN_POINT('',(21.,21.171572875254,2.));
#1919 = VECTOR('',#1920,1.);
#1920 = DIRECTION('',(0.,-1.,0.));
#1921 = ORIENTED_EDGE('',*,*,#1890,.F.);
#1922 = PLANE('',#1923);
#1923 = AXIS2_PLACEMENT_3D('',#1924,#1925,#1926);
#1924 = CARTESIAN_POINT('',(21.,21.171572875254,0.));
#1925 = DIRECTION('',(1.,0.,0.));
#1926 = DIRECTION('',(0.,-1.,0.));
#1927 = ADVANCED_FACE('',(#1928),#1953,.F.);
#1928 = FACE_BOUND('',#1929,.F.);
#1929 = EDGE_LOOP('',(#1930,#1938,#1946,#1952));
#1930 = ORIENTED_EDGE('',*,*,#1931,.T.);
#1931 = EDGE_CURVE('',#452,#1932,#1934,.T.);
#1932 = VERTEX_POINT('',#1933);
#1933 = CARTESIAN_POINT('',(17.8,-22.2,2.));
#1934 = LINE('',#1935,#1936);
#1935 = CARTESIAN_POINT('',(17.8,-22.2,0.));
#1936 = VECTOR('',#1937,1.);
#1937 = DIRECTION('',(0.,0.,1.));
#1938 = ORIENTED_EDGE('',*,*,#1939,.T.);
#1939 = EDGE_CURVE('',#1932,#1940,#1942,.T.);
#1940 = VERTEX_POINT('',#1941);
#1941 = CARTESIAN_POINT('',(17.8,-22.1,2.));
#1942 = LINE('',#1943,#1944);
#1943 = CARTESIAN_POINT('',(17.8,-22.2,2.));
#1944 = VECTOR('',#1945,1.);
#1945 = DIRECTION('',(0.,1.,0.));
#1946 = ORIENTED_EDGE('',*,*,#1947,.F.);
#1947 = EDGE_CURVE('',#454,#1940,#1948,.T.);
#1948 = LINE('',#1949,#1950);
#1949 = CARTESIAN_POINT('',(17.8,-22.1,0.));
#1950 = VECTOR('',#1951,1.);
#1951 = DIRECTION('',(0.,0.,1.));
#1952 = ORIENTED_EDGE('',*,*,#451,.F.);
#1953 = PLANE('',#1954);
#1954 = AXIS2_PLACEMENT_3D('',#1955,#1956,#1957);
#1955 = CARTESIAN_POINT('',(17.8,-22.2,0.));
#1956 = DIRECTION('',(-1.,0.,0.));
#1957 = DIRECTION('',(0.,1.,0.));
#1958 = ADVANCED_FACE('',(#1959),#1978,.F.);
#1959 = FACE_BOUND('',#1960,.F.);
#1960 = EDGE_LOOP('',(#1961,#1969,#1976,#1977));
#1961 = ORIENTED_EDGE('',*,*,#1962,.T.);
#1962 = EDGE_CURVE('',#462,#1963,#1965,.T.);
#1963 = VERTEX_POINT('',#1964);
#1964 = CARTESIAN_POINT('',(18.8,-23.2,2.));
#1965 = LINE('',#1966,#1967);
#1966 = CARTESIAN_POINT('',(18.8,-23.2,0.));
#1967 = VECTOR('',#1968,1.);
#1968 = DIRECTION('',(0.,0.,1.));
#1969 = ORIENTED_EDGE('',*,*,#1970,.T.);
#1970 = EDGE_CURVE('',#1963,#1932,#1971,.T.);
#1971 = CIRCLE('',#1972,1.);
#1972 = AXIS2_PLACEMENT_3D('',#1973,#1974,#1975);
#1973 = CARTESIAN_POINT('',(18.8,-22.2,2.));
#1974 = DIRECTION('',(0.,0.,-1.));
#1975 = DIRECTION('',(1.,0.,0.));
#1976 = ORIENTED_EDGE('',*,*,#1931,.F.);
#1977 = ORIENTED_EDGE('',*,*,#461,.F.);
#1978 = CYLINDRICAL_SURFACE('',#1979,1.);
#1979 = AXIS2_PLACEMENT_3D('',#1980,#1981,#1982);
#1980 = CARTESIAN_POINT('',(18.8,-22.2,0.));
#1981 = DIRECTION('',(0.,0.,-1.));
#1982 = DIRECTION('',(1.,0.,0.));
#1983 = ADVANCED_FACE('',(#1984),#2002,.F.);
#1984 = FACE_BOUND('',#1985,.F.);
#1985 = EDGE_LOOP('',(#1986,#1994,#2000,#2001));
#1986 = ORIENTED_EDGE('',*,*,#1987,.T.);
#1987 = EDGE_CURVE('',#471,#1988,#1990,.T.);
#1988 = VERTEX_POINT('',#1989);
#1989 = CARTESIAN_POINT('',(23.8,-23.2,2.));
#1990 = LINE('',#1991,#1992);
#1991 = CARTESIAN_POINT('',(23.8,-23.2,0.));
#1992 = VECTOR('',#1993,1.);
#1993 = DIRECTION('',(0.,0.,1.));
#1994 = ORIENTED_EDGE('',*,*,#1995,.T.);
#1995 = EDGE_CURVE('',#1988,#1963,#1996,.T.);
#1996 = LINE('',#1997,#1998);
#1997 = CARTESIAN_POINT('',(23.8,-23.2,2.));
#1998 = VECTOR('',#1999,1.);
#1999 = DIRECTION('',(-1.,0.,0.));
#2000 = ORIENTED_EDGE('',*,*,#1962,.F.);
#2001 = ORIENTED_EDGE('',*,*,#470,.F.);
#2002 = PLANE('',#2003);
#2003 = AXIS2_PLACEMENT_3D('',#2004,#2005,#2006);
#2004 = CARTESIAN_POINT('',(23.8,-23.2,0.));
#2005 = DIRECTION('',(-0.,-1.,-0.));
#2006 = DIRECTION('',(-1.,0.,0.));
#2007 = ADVANCED_FACE('',(#2008),#2027,.F.);
#2008 = FACE_BOUND('',#2009,.F.);
#2009 = EDGE_LOOP('',(#2010,#2018,#2025,#2026));
#2010 = ORIENTED_EDGE('',*,*,#2011,.T.);
#2011 = EDGE_CURVE('',#479,#2012,#2014,.T.);
#2012 = VERTEX_POINT('',#2013);
#2013 = CARTESIAN_POINT('',(24.8,-22.2,2.));
#2014 = LINE('',#2015,#2016);
#2015 = CARTESIAN_POINT('',(24.8,-22.2,0.));
#2016 = VECTOR('',#2017,1.);
#2017 = DIRECTION('',(0.,0.,1.));
#2018 = ORIENTED_EDGE('',*,*,#2019,.T.);
#2019 = EDGE_CURVE('',#2012,#1988,#2020,.T.);
#2020 = CIRCLE('',#2021,1.);
#2021 = AXIS2_PLACEMENT_3D('',#2022,#2023,#2024);
#2022 = CARTESIAN_POINT('',(23.8,-22.2,2.));
#2023 = DIRECTION('',(0.,0.,-1.));
#2024 = DIRECTION('',(1.,0.,0.));
#2025 = ORIENTED_EDGE('',*,*,#1987,.F.);
#2026 = ORIENTED_EDGE('',*,*,#478,.F.);
#2027 = CYLINDRICAL_SURFACE('',#2028,1.);
#2028 = AXIS2_PLACEMENT_3D('',#2029,#2030,#2031);
#2029 = CARTESIAN_POINT('',(23.8,-22.2,0.));
#2030 = DIRECTION('',(0.,0.,-1.));
#2031 = DIRECTION('',(1.,0.,0.));
#2032 = ADVANCED_FACE('',(#2033),#2051,.F.);
#2033 = FACE_BOUND('',#2034,.F.);
#2034 = EDGE_LOOP('',(#2035,#2043,#2049,#2050));
#2035 = ORIENTED_EDGE('',*,*,#2036,.T.);
#2036 = EDGE_CURVE('',#488,#2037,#2039,.T.);
#2037 = VERTEX_POINT('',#2038);
#2038 = CARTESIAN_POINT('',(24.8,-22.1,2.));
#2039 = LINE('',#2040,#2041);
#2040 = CARTESIAN_POINT('',(24.8,-22.1,0.));
#2041 = VECTOR('',#2042,1.);
#2042 = DIRECTION('',(0.,0.,1.));
#2043 = ORIENTED_EDGE('',*,*,#2044,.T.);
#2044 = EDGE_CURVE('',#2037,#2012,#2045,.T.);
#2045 = LINE('',#2046,#2047);
#2046 = CARTESIAN_POINT('',(24.8,-22.1,2.));
#2047 = VECTOR('',#2048,1.);
#2048 = DIRECTION('',(0.,-1.,0.));
#2049 = ORIENTED_EDGE('',*,*,#2011,.F.);
#2050 = ORIENTED_EDGE('',*,*,#487,.F.);
#2051 = PLANE('',#2052);
#2052 = AXIS2_PLACEMENT_3D('',#2053,#2054,#2055);
#2053 = CARTESIAN_POINT('',(24.8,-22.1,0.));
#2054 = DIRECTION('',(1.,0.,0.));
#2055 = DIRECTION('',(0.,-1.,0.));
#2056 = ADVANCED_FACE('',(#2057),#2076,.F.);
#2057 = FACE_BOUND('',#2058,.F.);
#2058 = EDGE_LOOP('',(#2059,#2067,#2074,#2075));
#2059 = ORIENTED_EDGE('',*,*,#2060,.T.);
#2060 = EDGE_CURVE('',#496,#2061,#2063,.T.);
#2061 = VERTEX_POINT('',#2062);
#2062 = CARTESIAN_POINT('',(23.8,-21.1,2.));
#2063 = LINE('',#2064,#2065);
#2064 = CARTESIAN_POINT('',(23.8,-21.1,0.));
#2065 = VECTOR('',#2066,1.);
#2066 = DIRECTION('',(0.,0.,1.));
#2067 = ORIENTED_EDGE('',*,*,#2068,.T.);
#2068 = EDGE_CURVE('',#2061,#2037,#2069,.T.);
#2069 = CIRCLE('',#2070,1.);
#2070 = AXIS2_PLACEMENT_3D('',#2071,#2072,#2073);
#2071 = CARTESIAN_POINT('',(23.8,-22.1,2.));
#2072 = DIRECTION('',(0.,0.,-1.));
#2073 = DIRECTION('',(1.,0.,0.));
#2074 = ORIENTED_EDGE('',*,*,#2036,.F.);
#2075 = ORIENTED_EDGE('',*,*,#495,.F.);
#2076 = CYLINDRICAL_SURFACE('',#2077,1.);
#2077 = AXIS2_PLACEMENT_3D('',#2078,#2079,#2080);
#2078 = CARTESIAN_POINT('',(23.8,-22.1,0.));
#2079 = DIRECTION('',(0.,0.,-1.));
#2080 = DIRECTION('',(1.,0.,0.));
#2081 = ADVANCED_FACE('',(#2082),#2100,.F.);
#2082 = FACE_BOUND('',#2083,.F.);
#2083 = EDGE_LOOP('',(#2084,#2092,#2098,#2099));
#2084 = ORIENTED_EDGE('',*,*,#2085,.T.);
#2085 = EDGE_CURVE('',#505,#2086,#2088,.T.);
#2086 = VERTEX_POINT('',#2087);
#2087 = CARTESIAN_POINT('',(18.8,-21.1,2.));
#2088 = LINE('',#2089,#2090);
#2089 = CARTESIAN_POINT('',(18.8,-21.1,0.));
#2090 = VECTOR('',#2091,1.);
#2091 = DIRECTION('',(0.,0.,1.));
#2092 = ORIENTED_EDGE('',*,*,#2093,.T.);
#2093 = EDGE_CURVE('',#2086,#2061,#2094,.T.);
#2094 = LINE('',#2095,#2096);
#2095 = CARTESIAN_POINT('',(18.8,-21.1,2.));
#2096 = VECTOR('',#2097,1.);
#2097 = DIRECTION('',(1.,0.,0.));
#2098 = ORIENTED_EDGE('',*,*,#2060,.F.);
#2099 = ORIENTED_EDGE('',*,*,#504,.F.);
#2100 = PLANE('',#2101);
#2101 = AXIS2_PLACEMENT_3D('',#2102,#2103,#2104);
#2102 = CARTESIAN_POINT('',(18.8,-21.1,0.));
#2103 = DIRECTION('',(0.,1.,0.));
#2104 = DIRECTION('',(1.,0.,0.));
#2105 = ADVANCED_FACE('',(#2106),#2118,.F.);
#2106 = FACE_BOUND('',#2107,.F.);
#2107 = EDGE_LOOP('',(#2108,#2109,#2116,#2117));
#2108 = ORIENTED_EDGE('',*,*,#1947,.T.);
#2109 = ORIENTED_EDGE('',*,*,#2110,.T.);
#2110 = EDGE_CURVE('',#1940,#2086,#2111,.T.);
#2111 = CIRCLE('',#2112,1.);
#2112 = AXIS2_PLACEMENT_3D('',#2113,#2114,#2115);
#2113 = CARTESIAN_POINT('',(18.8,-22.1,2.));
#2114 = DIRECTION('',(0.,0.,-1.));
#2115 = DIRECTION('',(1.,0.,0.));
#2116 = ORIENTED_EDGE('',*,*,#2085,.F.);
#2117 = ORIENTED_EDGE('',*,*,#512,.F.);
#2118 = CYLINDRICAL_SURFACE('',#2119,1.);
#2119 = AXIS2_PLACEMENT_3D('',#2120,#2121,#2122);
#2120 = CARTESIAN_POINT('',(18.8,-22.1,0.));
#2121 = DIRECTION('',(0.,0.,-1.));
#2122 = DIRECTION('',(1.,0.,0.));
#2123 = ADVANCED_FACE('',(#2124),#2149,.F.);
#2124 = FACE_BOUND('',#2125,.F.);
#2125 = EDGE_LOOP('',(#2126,#2134,#2142,#2148));
#2126 = ORIENTED_EDGE('',*,*,#2127,.T.);
#2127 = EDGE_CURVE('',#522,#2128,#2130,.T.);
#2128 = VERTEX_POINT('',#2129);
#2129 = CARTESIAN_POINT('',(17.805538083568,-27.9,2.));
#2130 = LINE('',#2131,#2132);
#2131 = CARTESIAN_POINT('',(17.805538083568,-27.9,0.));
#2132 = VECTOR('',#2133,1.);
#2133 = DIRECTION('',(0.,0.,1.));
#2134 = ORIENTED_EDGE('',*,*,#2135,.T.);
#2135 = EDGE_CURVE('',#2128,#2136,#2138,.T.);
#2136 = VERTEX_POINT('',#2137);
#2137 = CARTESIAN_POINT('',(17.805538083568,-27.8,2.));
#2138 = LINE('',#2139,#2140);
#2139 = CARTESIAN_POINT('',(17.805538083568,-27.9,2.));
#2140 = VECTOR('',#2141,1.);
#2141 = DIRECTION('',(0.,1.,0.));
#2142 = ORIENTED_EDGE('',*,*,#2143,.F.);
#2143 = EDGE_CURVE('',#524,#2136,#2144,.T.);
#2144 = LINE('',#2145,#2146);
#2145 = CARTESIAN_POINT('',(17.805538083568,-27.8,0.));
#2146 = VECTOR('',#2147,1.);
#2147 = DIRECTION('',(0.,0.,1.));
#2148 = ORIENTED_EDGE('',*,*,#521,.F.);
#2149 = PLANE('',#2150);
#2150 = AXIS2_PLACEMENT_3D('',#2151,#2152,#2153);
#2151 = CARTESIAN_POINT('',(17.805538083568,-27.9,0.));
#2152 = DIRECTION('',(-1.,0.,0.));
#2153 = DIRECTION('',(0.,1.,0.));
#2154 = ADVANCED_FACE('',(#2155),#2174,.F.);
#2155 = FACE_BOUND('',#2156,.F.);
#2156 = EDGE_LOOP('',(#2157,#2165,#2172,#2173));
#2157 = ORIENTED_EDGE('',*,*,#2158,.T.);
#2158 = EDGE_CURVE('',#532,#2159,#2161,.T.);
#2159 = VERTEX_POINT('',#2160);
#2160 = CARTESIAN_POINT('',(18.805538083568,-28.9,2.));
#2161 = LINE('',#2162,#2163);
#2162 = CARTESIAN_POINT('',(18.805538083568,-28.9,0.));
#2163 = VECTOR('',#2164,1.);
#2164 = DIRECTION('',(0.,0.,1.));
#2165 = ORIENTED_EDGE('',*,*,#2166,.T.);
#2166 = EDGE_CURVE('',#2159,#2128,#2167,.T.);
#2167 = CIRCLE('',#2168,1.);
#2168 = AXIS2_PLACEMENT_3D('',#2169,#2170,#2171);
#2169 = CARTESIAN_POINT('',(18.805538083568,-27.9,2.));
#2170 = DIRECTION('',(0.,0.,-1.));
#2171 = DIRECTION('',(1.,0.,0.));
#2172 = ORIENTED_EDGE('',*,*,#2127,.F.);
#2173 = ORIENTED_EDGE('',*,*,#531,.F.);
#2174 = CYLINDRICAL_SURFACE('',#2175,1.);
#2175 = AXIS2_PLACEMENT_3D('',#2176,#2177,#2178);
#2176 = CARTESIAN_POINT('',(18.805538083568,-27.9,0.));
#2177 = DIRECTION('',(0.,0.,-1.));
#2178 = DIRECTION('',(1.,0.,0.));
#2179 = ADVANCED_FACE('',(#2180),#2198,.F.);
#2180 = FACE_BOUND('',#2181,.F.);
#2181 = EDGE_LOOP('',(#2182,#2190,#2196,#2197));
#2182 = ORIENTED_EDGE('',*,*,#2183,.T.);
#2183 = EDGE_CURVE('',#541,#2184,#2186,.T.);
#2184 = VERTEX_POINT('',#2185);
#2185 = CARTESIAN_POINT('',(23.805538083568,-28.9,2.));
#2186 = LINE('',#2187,#2188);
#2187 = CARTESIAN_POINT('',(23.805538083568,-28.9,0.));
#2188 = VECTOR('',#2189,1.);
#2189 = DIRECTION('',(0.,0.,1.));
#2190 = ORIENTED_EDGE('',*,*,#2191,.T.);
#2191 = EDGE_CURVE('',#2184,#2159,#2192,.T.);
#2192 = LINE('',#2193,#2194);
#2193 = CARTESIAN_POINT('',(23.805538083568,-28.9,2.));
#2194 = VECTOR('',#2195,1.);
#2195 = DIRECTION('',(-1.,0.,0.));
#2196 = ORIENTED_EDGE('',*,*,#2158,.F.);
#2197 = ORIENTED_EDGE('',*,*,#540,.F.);
#2198 = PLANE('',#2199);
#2199 = AXIS2_PLACEMENT_3D('',#2200,#2201,#2202);
#2200 = CARTESIAN_POINT('',(23.805538083568,-28.9,0.));
#2201 = DIRECTION('',(-0.,-1.,-0.));
#2202 = DIRECTION('',(-1.,0.,0.));
#2203 = ADVANCED_FACE('',(#2204),#2223,.F.);
#2204 = FACE_BOUND('',#2205,.F.);
#2205 = EDGE_LOOP('',(#2206,#2214,#2221,#2222));
#2206 = ORIENTED_EDGE('',*,*,#2207,.T.);
#2207 = EDGE_CURVE('',#549,#2208,#2210,.T.);
#2208 = VERTEX_POINT('',#2209);
#2209 = CARTESIAN_POINT('',(24.805538083568,-27.9,2.));
#2210 = LINE('',#2211,#2212);
#2211 = CARTESIAN_POINT('',(24.805538083568,-27.9,0.));
#2212 = VECTOR('',#2213,1.);
#2213 = DIRECTION('',(0.,0.,1.));
#2214 = ORIENTED_EDGE('',*,*,#2215,.T.);
#2215 = EDGE_CURVE('',#2208,#2184,#2216,.T.);
#2216 = CIRCLE('',#2217,1.);
#2217 = AXIS2_PLACEMENT_3D('',#2218,#2219,#2220);
#2218 = CARTESIAN_POINT('',(23.805538083568,-27.9,2.));
#2219 = DIRECTION('',(0.,0.,-1.));
#2220 = DIRECTION('',(1.,0.,0.));
#2221 = ORIENTED_EDGE('',*,*,#2183,.F.);
#2222 = ORIENTED_EDGE('',*,*,#548,.F.);
#2223 = CYLINDRICAL_SURFACE('',#2224,1.);
#2224 = AXIS2_PLACEMENT_3D('',#2225,#2226,#2227);
#2225 = CARTESIAN_POINT('',(23.805538083568,-27.9,0.));
#2226 = DIRECTION('',(0.,0.,-1.));
#2227 = DIRECTION('',(1.,0.,0.));
#2228 = ADVANCED_FACE('',(#2229),#2247,.F.);
#2229 = FACE_BOUND('',#2230,.F.);
#2230 = EDGE_LOOP('',(#2231,#2239,#2245,#2246));
#2231 = ORIENTED_EDGE('',*,*,#2232,.T.);
#2232 = EDGE_CURVE('',#558,#2233,#2235,.T.);
#2233 = VERTEX_POINT('',#2234);
#2234 = CARTESIAN_POINT('',(24.805538083568,-27.8,2.));
#2235 = LINE('',#2236,#2237);
#2236 = CARTESIAN_POINT('',(24.805538083568,-27.8,0.));
#2237 = VECTOR('',#2238,1.);
#2238 = DIRECTION('',(0.,0.,1.));
#2239 = ORIENTED_EDGE('',*,*,#2240,.T.);
#2240 = EDGE_CURVE('',#2233,#2208,#2241,.T.);
#2241 = LINE('',#2242,#2243);
#2242 = CARTESIAN_POINT('',(24.805538083568,-27.8,2.));
#2243 = VECTOR('',#2244,1.);
#2244 = DIRECTION('',(0.,-1.,0.));
#2245 = ORIENTED_EDGE('',*,*,#2207,.F.);
#2246 = ORIENTED_EDGE('',*,*,#557,.F.);
#2247 = PLANE('',#2248);
#2248 = AXIS2_PLACEMENT_3D('',#2249,#2250,#2251);
#2249 = CARTESIAN_POINT('',(24.805538083568,-27.8,0.));
#2250 = DIRECTION('',(1.,0.,0.));
#2251 = DIRECTION('',(0.,-1.,0.));
#2252 = ADVANCED_FACE('',(#2253),#2272,.F.);
#2253 = FACE_BOUND('',#2254,.F.);
#2254 = EDGE_LOOP('',(#2255,#2263,#2270,#2271));
#2255 = ORIENTED_EDGE('',*,*,#2256,.T.);
#2256 = EDGE_CURVE('',#566,#2257,#2259,.T.);
#2257 = VERTEX_POINT('',#2258);
#2258 = CARTESIAN_POINT('',(23.805538083568,-26.8,2.));
#2259 = LINE('',#2260,#2261);
#2260 = CARTESIAN_POINT('',(23.805538083568,-26.8,0.));
#2261 = VECTOR('',#2262,1.);
#2262 = DIRECTION('',(0.,0.,1.));
#2263 = ORIENTED_EDGE('',*,*,#2264,.T.);
#2264 = EDGE_CURVE('',#2257,#2233,#2265,.T.);
#2265 = CIRCLE('',#2266,1.);
#2266 = AXIS2_PLACEMENT_3D('',#2267,#2268,#2269);
#2267 = CARTESIAN_POINT('',(23.805538083568,-27.8,2.));
#2268 = DIRECTION('',(0.,0.,-1.));
#2269 = DIRECTION('',(1.,0.,0.));
#2270 = ORIENTED_EDGE('',*,*,#2232,.F.);
#2271 = ORIENTED_EDGE('',*,*,#565,.F.);
#2272 = CYLINDRICAL_SURFACE('',#2273,1.);
#2273 = AXIS2_PLACEMENT_3D('',#2274,#2275,#2276);
#2274 = CARTESIAN_POINT('',(23.805538083568,-27.8,0.));
#2275 = DIRECTION('',(0.,0.,-1.));
#2276 = DIRECTION('',(1.,0.,0.));
#2277 = ADVANCED_FACE('',(#2278),#2296,.F.);
#2278 = FACE_BOUND('',#2279,.F.);
#2279 = EDGE_LOOP('',(#2280,#2288,#2294,#2295));
#2280 = ORIENTED_EDGE('',*,*,#2281,.T.);
#2281 = EDGE_CURVE('',#575,#2282,#2284,.T.);
#2282 = VERTEX_POINT('',#2283);
#2283 = CARTESIAN_POINT('',(18.805538083568,-26.8,2.));
#2284 = LINE('',#2285,#2286);
#2285 = CARTESIAN_POINT('',(18.805538083568,-26.8,0.));
#2286 = VECTOR('',#2287,1.);
#2287 = DIRECTION('',(0.,0.,1.));
#2288 = ORIENTED_EDGE('',*,*,#2289,.T.);
#2289 = EDGE_CURVE('',#2282,#2257,#2290,.T.);
#2290 = LINE('',#2291,#2292);
#2291 = CARTESIAN_POINT('',(18.805538083568,-26.8,2.));
#2292 = VECTOR('',#2293,1.);
#2293 = DIRECTION('',(1.,0.,0.));
#2294 = ORIENTED_EDGE('',*,*,#2256,.F.);
#2295 = ORIENTED_EDGE('',*,*,#574,.F.);
#2296 = PLANE('',#2297);
#2297 = AXIS2_PLACEMENT_3D('',#2298,#2299,#2300);
#2298 = CARTESIAN_POINT('',(18.805538083568,-26.8,0.));
#2299 = DIRECTION('',(0.,1.,0.));
#2300 = DIRECTION('',(1.,0.,0.));
#2301 = ADVANCED_FACE('',(#2302),#2314,.F.);
#2302 = FACE_BOUND('',#2303,.F.);
#2303 = EDGE_LOOP('',(#2304,#2305,#2312,#2313));
#2304 = ORIENTED_EDGE('',*,*,#2143,.T.);
#2305 = ORIENTED_EDGE('',*,*,#2306,.T.);
#2306 = EDGE_CURVE('',#2136,#2282,#2307,.T.);
#2307 = CIRCLE('',#2308,1.);
#2308 = AXIS2_PLACEMENT_3D('',#2309,#2310,#2311);
#2309 = CARTESIAN_POINT('',(18.805538083568,-27.8,2.));
#2310 = DIRECTION('',(0.,0.,-1.));
#2311 = DIRECTION('',(1.,0.,0.));
#2312 = ORIENTED_EDGE('',*,*,#2281,.F.);
#2313 = ORIENTED_EDGE('',*,*,#582,.F.);
#2314 = CYLINDRICAL_SURFACE('',#2315,1.);
#2315 = AXIS2_PLACEMENT_3D('',#2316,#2317,#2318);
#2316 = CARTESIAN_POINT('',(18.805538083568,-27.8,0.));
#2317 = DIRECTION('',(0.,0.,-1.));
#2318 = DIRECTION('',(1.,0.,0.));
#2319 = ADVANCED_FACE('',(#2320),#2339,.F.);
#2320 = FACE_BOUND('',#2321,.F.);
#2321 = EDGE_LOOP('',(#2322,#2330,#2337,#2338));
#2322 = ORIENTED_EDGE('',*,*,#2323,.T.);
#2323 = EDGE_CURVE('',#592,#2324,#2326,.T.);
#2324 = VERTEX_POINT('',#2325);
#2325 = CARTESIAN_POINT('',(-22.45,-8.75,2.));
#2326 = LINE('',#2327,#2328);
#2327 = CARTESIAN_POINT('',(-22.45,-8.75,0.));
#2328 = VECTOR('',#2329,1.);
#2329 = DIRECTION('',(0.,0.,1.));
#2330 = ORIENTED_EDGE('',*,*,#2331,.T.);
#2331 = EDGE_CURVE('',#2324,#2324,#2332,.T.);
#2332 = CIRCLE('',#2333,1.05);
#2333 = AXIS2_PLACEMENT_3D('',#2334,#2335,#2336);
#2334 = CARTESIAN_POINT('',(-23.5,-8.75,2.));
#2335 = DIRECTION('',(0.,0.,-1.));
#2336 = DIRECTION('',(1.,0.,0.));
#2337 = ORIENTED_EDGE('',*,*,#2323,.F.);
#2338 = ORIENTED_EDGE('',*,*,#591,.F.);
#2339 = CYLINDRICAL_SURFACE('',#2340,1.05);
#2340 = AXIS2_PLACEMENT_3D('',#2341,#2342,#2343);
#2341 = CARTESIAN_POINT('',(-23.5,-8.75,0.));
#2342 = DIRECTION('',(0.,0.,-1.));
#2343 = DIRECTION('',(1.,0.,0.));
#2344 = ADVANCED_FACE('',(#2345),#2364,.F.);
#2345 = FACE_BOUND('',#2346,.F.);
#2346 = EDGE_LOOP('',(#2347,#2355,#2362,#2363));
#2347 = ORIENTED_EDGE('',*,*,#2348,.T.);
#2348 = EDGE_CURVE('',#603,#2349,#2351,.T.);
#2349 = VERTEX_POINT('',#2350);
#2350 = CARTESIAN_POINT('',(-22.45,8.75,2.));
#2351 = LINE('',#2352,#2353);
#2352 = CARTESIAN_POINT('',(-22.45,8.75,0.));
#2353 = VECTOR('',#2354,1.);
#2354 = DIRECTION('',(0.,0.,1.));
#2355 = ORIENTED_EDGE('',*,*,#2356,.T.);
#2356 = EDGE_CURVE('',#2349,#2349,#2357,.T.);
#2357 = CIRCLE('',#2358,1.05);
#2358 = AXIS2_PLACEMENT_3D('',#2359,#2360,#2361);
#2359 = CARTESIAN_POINT('',(-23.5,8.75,2.));
#2360 = DIRECTION('',(0.,0.,-1.));
#2361 = DIRECTION('',(1.,0.,0.));
#2362 = ORIENTED_EDGE('',*,*,#2348,.F.);
#2363 = ORIENTED_EDGE('',*,*,#602,.F.);
#2364 = CYLINDRICAL_SURFACE('',#2365,1.05);
#2365 = AXIS2_PLACEMENT_3D('',#2366,#2367,#2368);
#2366 = CARTESIAN_POINT('',(-23.5,8.75,0.));
#2367 = DIRECTION('',(0.,0.,-1.));
#2368 = DIRECTION('',(1.,0.,0.));
#2369 = ADVANCED_FACE('',(#2370),#2389,.F.);
#2370 = FACE_BOUND('',#2371,.F.);
#2371 = EDGE_LOOP('',(#2372,#2380,#2387,#2388));
#2372 = ORIENTED_EDGE('',*,*,#2373,.T.);
#2373 = EDGE_CURVE('',#614,#2374,#2376,.T.);
#2374 = VERTEX_POINT('',#2375);
#2375 = CARTESIAN_POINT('',(24.55,-8.75,2.));
#2376 = LINE('',#2377,#2378);
#2377 = CARTESIAN_POINT('',(24.55,-8.75,0.));
#2378 = VECTOR('',#2379,1.);
#2379 = DIRECTION('',(0.,0.,1.));
#2380 = ORIENTED_EDGE('',*,*,#2381,.T.);
#2381 = EDGE_CURVE('',#2374,#2374,#2382,.T.);
#2382 = CIRCLE('',#2383,1.05);
#2383 = AXIS2_PLACEMENT_3D('',#2384,#2385,#2386);
#2384 = CARTESIAN_POINT('',(23.5,-8.75,2.));
#2385 = DIRECTION('',(0.,0.,-1.));
#2386 = DIRECTION('',(1.,0.,0.));
#2387 = ORIENTED_EDGE('',*,*,#2373,.F.);
#2388 = ORIENTED_EDGE('',*,*,#613,.F.);
#2389 = CYLINDRICAL_SURFACE('',#2390,1.05);
#2390 = AXIS2_PLACEMENT_3D('',#2391,#2392,#2393);
#2391 = CARTESIAN_POINT('',(23.5,-8.75,0.));
#2392 = DIRECTION('',(0.,0.,-1.));
#2393 = DIRECTION('',(1.,0.,0.));
#2394 = ADVANCED_FACE('',(#2395),#2414,.F.);
#2395 = FACE_BOUND('',#2396,.F.);
#2396 = EDGE_LOOP('',(#2397,#2405,#2412,#2413));
#2397 = ORIENTED_EDGE('',*,*,#2398,.T.);
#2398 = EDGE_CURVE('',#625,#2399,#2401,.T.);
#2399 = VERTEX_POINT('',#2400);
#2400 = CARTESIAN_POINT('',(24.55,8.75,2.));
#2401 = LINE('',#2402,#2403);
#2402 = CARTESIAN_POINT('',(24.55,8.75,0.));
#2403 = VECTOR('',#2404,1.);
#2404 = DIRECTION('',(0.,0.,1.));
#2405 = ORIENTED_EDGE('',*,*,#2406,.T.);
#2406 = EDGE_CURVE('',#2399,#2399,#2407,.T.);
#2407 = CIRCLE('',#2408,1.05);
#2408 = AXIS2_PLACEMENT_3D('',#2409,#2410,#2411);
#2409 = CARTESIAN_POINT('',(23.5,8.75,2.));
#2410 = DIRECTION('',(0.,0.,-1.));
#2411 = DIRECTION('',(1.,0.,0.));
#2412 = ORIENTED_EDGE('',*,*,#2398,.F.);
#2413 = ORIENTED_EDGE('',*,*,#624,.F.);
#2414 = CYLINDRICAL_SURFACE('',#2415,1.05);
#2415 = AXIS2_PLACEMENT_3D('',#2416,#2417,#2418);
#2416 = CARTESIAN_POINT('',(23.5,8.75,0.));
#2417 = DIRECTION('',(0.,0.,-1.));
#2418 = DIRECTION('',(1.,0.,0.));
#2419 = ADVANCED_FACE('',(#2420,#2431,#2444,#2478,#2489,#2500),#2511,.T.
  );
#2420 = FACE_BOUND('',#2421,.T.);
#2421 = EDGE_LOOP('',(#2422));
#2422 = ORIENTED_EDGE('',*,*,#2423,.F.);
#2423 = EDGE_CURVE('',#2424,#2424,#2426,.T.);
#2424 = VERTEX_POINT('',#2425);
#2425 = CARTESIAN_POINT('',(-13.04994503018,-26.29144848093,
    17.302011385805));
#2426 = CIRCLE('',#2427,2.15);
#2427 = AXIS2_PLACEMENT_3D('',#2428,#2429,#2430);
#2428 = CARTESIAN_POINT('',(-15.19994503018,-26.29144848093,
    17.302011385805));
#2429 = DIRECTION('',(-1.8E-16,-0.342019976818,0.93969268139));
#2430 = DIRECTION('',(1.,-3.85891615031E-15,-1.212977854191E-15));
#2431 = FACE_BOUND('',#2432,.T.);
#2432 = EDGE_LOOP('',(#2433,#2434,#2435,#2436,#2442,#2443));
#2433 = ORIENTED_EDGE('',*,*,#676,.F.);
#2434 = ORIENTED_EDGE('',*,*,#1208,.T.);
#2435 = ORIENTED_EDGE('',*,*,#1183,.T.);
#2436 = ORIENTED_EDGE('',*,*,#2437,.T.);
#2437 = EDGE_CURVE('',#1184,#984,#2438,.T.);
#2438 = LINE('',#2439,#2440);
#2439 = CARTESIAN_POINT('',(24.,-50.82893653003,8.371101036145));
#2440 = VECTOR('',#2441,1.);
#2441 = DIRECTION('',(0.,0.93969268139,0.342019976818));
#2442 = ORIENTED_EDGE('',*,*,#983,.F.);
#2443 = ORIENTED_EDGE('',*,*,#650,.F.);
#2444 = FACE_BOUND('',#2445,.T.);
#2445 = EDGE_LOOP('',(#2446,#2456,#2464,#2472));
#2446 = ORIENTED_EDGE('',*,*,#2447,.F.);
#2447 = EDGE_CURVE('',#2448,#2450,#2452,.T.);
#2448 = VERTEX_POINT('',#2449);
#2449 = CARTESIAN_POINT('',(-17.3,-28.34415240648,16.554888669056));
#2450 = VERTEX_POINT('',#2451);
#2451 = CARTESIAN_POINT('',(-17.3,-46.10434408474,10.090711107196));
#2452 = LINE('',#2453,#2454);
#2453 = CARTESIAN_POINT('',(-17.3,-28.34415240648,16.554888669056));
#2454 = VECTOR('',#2455,1.);
#2455 = DIRECTION('',(0.,-0.93969268139,-0.342019976818));
#2456 = ORIENTED_EDGE('',*,*,#2457,.F.);
#2457 = EDGE_CURVE('',#2458,#2448,#2460,.T.);
#2458 = VERTEX_POINT('',#2459);
#2459 = CARTESIAN_POINT('',(17.3,-28.34415240648,16.554888669056));
#2460 = LINE('',#2461,#2462);
#2461 = CARTESIAN_POINT('',(17.3,-28.34415240648,16.554888669056));
#2462 = VECTOR('',#2463,1.);
#2463 = DIRECTION('',(-1.,0.,0.));
#2464 = ORIENTED_EDGE('',*,*,#2465,.F.);
#2465 = EDGE_CURVE('',#2466,#2458,#2468,.T.);
#2466 = VERTEX_POINT('',#2467);
#2467 = CARTESIAN_POINT('',(17.3,-46.10434408474,10.090711107196));
#2468 = LINE('',#2469,#2470);
#2469 = CARTESIAN_POINT('',(17.3,-46.10434408474,10.090711107196));
#2470 = VECTOR('',#2471,1.);
#2471 = DIRECTION('',(0.,0.93969268139,0.342019976818));
#2472 = ORIENTED_EDGE('',*,*,#2473,.F.);
#2473 = EDGE_CURVE('',#2450,#2466,#2474,.T.);
#2474 = LINE('',#2475,#2476);
#2475 = CARTESIAN_POINT('',(-17.3,-46.10434408474,10.090711107196));
#2476 = VECTOR('',#2477,1.);
#2477 = DIRECTION('',(1.,0.,0.));
#2478 = FACE_BOUND('',#2479,.T.);
#2479 = EDGE_LOOP('',(#2480));
#2480 = ORIENTED_EDGE('',*,*,#2481,.F.);
#2481 = EDGE_CURVE('',#2482,#2482,#2484,.T.);
#2482 = VERTEX_POINT('',#2483);
#2483 = CARTESIAN_POINT('',(17.350054969811,-26.29144848093,
    17.302011385805));
#2484 = CIRCLE('',#2485,2.15);
#2485 = AXIS2_PLACEMENT_3D('',#2486,#2487,#2488);
#2486 = CARTESIAN_POINT('',(15.200054969811,-26.29144848093,
    17.302011385805));
#2487 = DIRECTION('',(-1.8E-16,-0.342019976818,0.93969268139));
#2488 = DIRECTION('',(1.,-1.959412081258E-15,-5.216152943577E-16));
#2489 = FACE_BOUND('',#2490,.T.);
#2490 = EDGE_LOOP('',(#2491));
#2491 = ORIENTED_EDGE('',*,*,#2492,.F.);
#2492 = EDGE_CURVE('',#2493,#2493,#2495,.T.);
#2493 = VERTEX_POINT('',#2494);
#2494 = CARTESIAN_POINT('',(17.350054969811,-53.07268990054,
    7.554442046492));
#2495 = CIRCLE('',#2496,2.15);
#2496 = AXIS2_PLACEMENT_3D('',#2497,#2498,#2499);
#2497 = CARTESIAN_POINT('',(15.200054969811,-53.07268990054,
    7.554442046492));
#2498 = DIRECTION('',(-1.8E-16,-0.342019976818,0.93969268139));
#2499 = DIRECTION('',(1.,-7.669968448459E-15,-2.600086687196E-15));
#2500 = FACE_BOUND('',#2501,.T.);
#2501 = EDGE_LOOP('',(#2502));
#2502 = ORIENTED_EDGE('',*,*,#2503,.F.);
#2503 = EDGE_CURVE('',#2504,#2504,#2506,.T.);
#2504 = VERTEX_POINT('',#2505);
#2505 = CARTESIAN_POINT('',(-13.04994503018,-53.07268990054,
    7.554442046492));
#2506 = CIRCLE('',#2507,2.15);
#2507 = AXIS2_PLACEMENT_3D('',#2508,#2509,#2510);
#2508 = CARTESIAN_POINT('',(-15.19994503018,-53.07268990054,
    7.554442046492));
#2509 = DIRECTION('',(-1.8E-16,-0.342019976818,0.93969268139));
#2510 = DIRECTION('',(1.,-5.767250442716E-15,-1.907554350716E-15));
#2511 = PLANE('',#2512);
#2512 = AXIS2_PLACEMENT_3D('',#2513,#2514,#2515);
#2513 = CARTESIAN_POINT('',(-28.,-56.82893653003,6.187280834552));
#2514 = DIRECTION('',(-8.E-17,-0.342019976818,0.93969268139));
#2515 = DIRECTION('',(-8.E-17,0.93969268139,0.342019976818));
#2516 = ADVANCED_FACE('',(#2517),#2536,.F.);
#2517 = FACE_BOUND('',#2518,.T.);
#2518 = EDGE_LOOP('',(#2519,#2527,#2528,#2529));
#2519 = ORIENTED_EDGE('',*,*,#2520,.F.);
#2520 = EDGE_CURVE('',#913,#2521,#2523,.T.);
#2521 = VERTEX_POINT('',#2522);
#2522 = CARTESIAN_POINT('',(15.95,21.9,3.));
#2523 = LINE('',#2524,#2525);
#2524 = CARTESIAN_POINT('',(15.95,21.9,3.));
#2525 = VECTOR('',#2526,1.);
#2526 = DIRECTION('',(0.707106781187,-0.707106781187,1.196260920902E-15)
  );
#2527 = ORIENTED_EDGE('',*,*,#912,.T.);
#2528 = ORIENTED_EDGE('',*,*,#2520,.T.);
#2529 = ORIENTED_EDGE('',*,*,#2530,.F.);
#2530 = EDGE_CURVE('',#2521,#2521,#2531,.T.);
#2531 = CIRCLE('',#2532,1.05);
#2532 = AXIS2_PLACEMENT_3D('',#2533,#2534,#2535);
#2533 = CARTESIAN_POINT('',(17.,21.9,3.));
#2534 = DIRECTION('',(2.2E-16,1.,0.));
#2535 = DIRECTION('',(-1.,2.2E-16,-1.691768418476E-15));
#2536 = CONICAL_SURFACE('',#2537,1.05,0.785398163397);
#2537 = AXIS2_PLACEMENT_3D('',#2538,#2539,#2540);
#2538 = CARTESIAN_POINT('',(17.,21.9,3.));
#2539 = DIRECTION('',(2.2E-16,1.,-1.741711239665E-48));
#2540 = DIRECTION('',(-1.,2.2E-16,-1.691768418476E-15));
#2541 = ADVANCED_FACE('',(#2542),#2554,.T.);
#2542 = FACE_BOUND('',#2543,.T.);
#2543 = EDGE_LOOP('',(#2544,#2545,#2546,#2553));
#2544 = ORIENTED_EDGE('',*,*,#958,.T.);
#2545 = ORIENTED_EDGE('',*,*,#1007,.T.);
#2546 = ORIENTED_EDGE('',*,*,#2547,.F.);
#2547 = EDGE_CURVE('',#925,#1000,#2548,.T.);
#2548 = ELLIPSE('',#2549,4.32956880117,4.);
#2549 = AXIS2_PLACEMENT_3D('',#2550,#2551,#2552);
#2550 = CARTESIAN_POINT('',(20.343145750508,19.,14.5));
#2551 = DIRECTION('',(0.923879532511,-0.382683432365,8.E-17));
#2552 = DIRECTION('',(-0.382683432365,-0.923879532511,2.E-16));
#2553 = ORIENTED_EDGE('',*,*,#924,.F.);
#2554 = CYLINDRICAL_SURFACE('',#2555,4.);
#2555 = AXIS2_PLACEMENT_3D('',#2556,#2557,#2558);
#2556 = CARTESIAN_POINT('',(-22.,19.,14.5));
#2557 = DIRECTION('',(1.,-2.2E-16,0.));
#2558 = DIRECTION('',(2.2E-16,1.,0.));
#2559 = ADVANCED_FACE('',(#2560),#2579,.F.);
#2560 = FACE_BOUND('',#2561,.T.);
#2561 = EDGE_LOOP('',(#2562,#2570,#2571,#2572));
#2562 = ORIENTED_EDGE('',*,*,#2563,.F.);
#2563 = EDGE_CURVE('',#942,#2564,#2566,.T.);
#2564 = VERTEX_POINT('',#2565);
#2565 = CARTESIAN_POINT('',(-18.05,21.9,3.));
#2566 = LINE('',#2567,#2568);
#2567 = CARTESIAN_POINT('',(-18.05,21.9,3.));
#2568 = VECTOR('',#2569,1.);
#2569 = DIRECTION('',(0.707106781187,-0.707106781187,1.231575828436E-48)
  );
#2570 = ORIENTED_EDGE('',*,*,#941,.T.);
#2571 = ORIENTED_EDGE('',*,*,#2563,.T.);
#2572 = ORIENTED_EDGE('',*,*,#2573,.F.);
#2573 = EDGE_CURVE('',#2564,#2564,#2574,.T.);
#2574 = CIRCLE('',#2575,1.05);
#2575 = AXIS2_PLACEMENT_3D('',#2576,#2577,#2578);
#2576 = CARTESIAN_POINT('',(-17.,21.9,3.));
#2577 = DIRECTION('',(2.2E-16,1.,-1.741711239665E-48));
#2578 = DIRECTION('',(-1.,2.2E-16,-1.216946475021E-62));
#2579 = CONICAL_SURFACE('',#2580,1.05,0.785398163397);
#2580 = AXIS2_PLACEMENT_3D('',#2581,#2582,#2583);
#2581 = CARTESIAN_POINT('',(-17.,21.9,3.));
#2582 = DIRECTION('',(2.2E-16,1.,-1.741711239665E-48));
#2583 = DIRECTION('',(-1.,2.2E-16,-1.216946475021E-62));
#2584 = ADVANCED_FACE('',(#2585),#2603,.T.);
#2585 = FACE_BOUND('',#2586,.F.);
#2586 = EDGE_LOOP('',(#2587,#2594,#2595,#2602));
#2587 = ORIENTED_EDGE('',*,*,#2588,.T.);
#2588 = EDGE_CURVE('',#1143,#984,#2589,.T.);
#2589 = ELLIPSE('',#2590,4.061706384091,4.);
#2590 = AXIS2_PLACEMENT_3D('',#2591,#2592,#2593);
#2591 = CARTESIAN_POINT('',(24.,-22.29469244257,14.5));
#2592 = DIRECTION('',(-0.,-0.984807768397,-0.173648090416));
#2593 = DIRECTION('',(0.,-0.173648090416,0.984807768397));
#2594 = ORIENTED_EDGE('',*,*,#991,.T.);
#2595 = ORIENTED_EDGE('',*,*,#2596,.F.);
#2596 = EDGE_CURVE('',#1109,#992,#2597,.T.);
#2597 = ELLIPSE('',#2598,4.32956880117,4.);
#2598 = AXIS2_PLACEMENT_3D('',#2599,#2600,#2601);
#2599 = CARTESIAN_POINT('',(24.,15.343145750508,14.5));
#2600 = DIRECTION('',(0.382683432365,-0.923879532511,8.E-17));
#2601 = DIRECTION('',(0.923879532511,0.382683432365,2.E-16));
#2602 = ORIENTED_EDGE('',*,*,#1142,.F.);
#2603 = CYLINDRICAL_SURFACE('',#2604,4.);
#2604 = AXIS2_PLACEMENT_3D('',#2605,#2606,#2607);
#2605 = CARTESIAN_POINT('',(24.,-23.,14.5));
#2606 = DIRECTION('',(0.,1.,0.));
#2607 = DIRECTION('',(1.,0.,0.));
#2608 = ADVANCED_FACE('',(#2609),#2615,.T.);
#2609 = FACE_BOUND('',#2610,.T.);
#2610 = EDGE_LOOP('',(#2611,#2612,#2613,#2614));
#2611 = ORIENTED_EDGE('',*,*,#2547,.T.);
#2612 = ORIENTED_EDGE('',*,*,#999,.T.);
#2613 = ORIENTED_EDGE('',*,*,#2596,.F.);
#2614 = ORIENTED_EDGE('',*,*,#1116,.F.);
#2615 = CYLINDRICAL_SURFACE('',#2616,4.);
#2616 = AXIS2_PLACEMENT_3D('',#2617,#2618,#2619);
#2617 = CARTESIAN_POINT('',(19.171572875254,20.171572875254,14.5));
#2618 = DIRECTION('',(0.707106781187,-0.707106781187,1.6E-16));
#2619 = DIRECTION('',(0.707106781187,0.707106781187,1.E-17));
#2620 = ADVANCED_FACE('',(#2621),#2667,.F.);
#2621 = FACE_BOUND('',#2622,.T.);
#2622 = EDGE_LOOP('',(#2623,#2631,#2632,#2660));
#2623 = ORIENTED_EDGE('',*,*,#2624,.F.);
#2624 = EDGE_CURVE('',#1018,#2625,#2627,.T.);
#2625 = VERTEX_POINT('',#2626);
#2626 = CARTESIAN_POINT('',(17.,5.329070518201E-15,16.7));
#2627 = LINE('',#2628,#2629);
#2628 = CARTESIAN_POINT('',(17.,5.329070518201E-15,16.7));
#2629 = VECTOR('',#2630,1.);
#2630 = DIRECTION('',(-0.707106781187,-1.9E-16,-0.707106781187));
#2631 = ORIENTED_EDGE('',*,*,#1017,.T.);
#2632 = ORIENTED_EDGE('',*,*,#2633,.F.);
#2633 = EDGE_CURVE('',#2634,#1020,#2636,.T.);
#2634 = VERTEX_POINT('',#2635);
#2635 = CARTESIAN_POINT('',(10.360408323744,13.478202378852,16.7));
#2636 = B_SPLINE_CURVE_WITH_KNOTS('',8,(#2637,#2638,#2639,#2640,#2641,
    #2642,#2643,#2644,#2645,#2646,#2647,#2648,#2649,#2650,#2651,#2652,
    #2653,#2654,#2655,#2656,#2657,#2658,#2659),.UNSPECIFIED.,.F.,.F.,(9,
    7,7,9),(0.,0.62327026828,0.784784559715,1.),.UNSPECIFIED.);
#2637 = CARTESIAN_POINT('',(10.360408323744,13.478202378852,16.7));
#2638 = CARTESIAN_POINT('',(10.487035181856,13.574298777197,
    16.853359568209));
#2639 = CARTESIAN_POINT('',(10.59608377302,13.685613411663,17.0081894894
    ));
#2640 = CARTESIAN_POINT('',(10.68771582558,13.81114535732,
    17.163562168604));
#2641 = CARTESIAN_POINT('',(10.761301432319,13.950144555873,
    17.318468111688));
#2642 = CARTESIAN_POINT('',(10.815905692788,14.101794207871,
    17.471799913747));
#2643 = CARTESIAN_POINT('',(10.850244937635,14.265187260917,
    17.622331423985));
#2644 = CARTESIAN_POINT('',(10.862824617873,14.439244466658,
    17.768722224787));
#2645 = CARTESIAN_POINT('',(10.84869147944,14.670348248329,
    17.945884009221));
#2646 = CARTESIAN_POINT('',(10.844185446307,14.718527831214,
    17.981947642896));
#2647 = CARTESIAN_POINT('',(10.838049382836,14.767295485097,
    18.017581830351));
#2648 = CARTESIAN_POINT('',(10.830249660868,14.81661799182,
    18.052751343311));
#2649 = CARTESIAN_POINT('',(10.820752634732,14.866457237091,
    18.087417806148));
#2650 = CARTESIAN_POINT('',(10.809525553427,14.916769836542,
    18.121539862872));
#2651 = CARTESIAN_POINT('',(10.796537472799,14.967506761784,
    18.155073344125));
#2652 = CARTESIAN_POINT('',(10.762069624014,15.086711239648,
    18.231807659886));
#2653 = CARTESIAN_POINT('',(10.739203160719,15.155462297084,
    18.274513891294));
#2654 = CARTESIAN_POINT('',(10.713094623506,15.224736235938,
    18.315979899665));
#2655 = CARTESIAN_POINT('',(10.683689808408,15.294374077741,
    18.356080630166));
#2656 = CARTESIAN_POINT('',(10.650955800907,15.364184995547,
    18.394678625802));
#2657 = CARTESIAN_POINT('',(10.614891532542,15.433946001381,
    18.431628361932));
#2658 = CARTESIAN_POINT('',(10.575539555054,15.503404093955,
    18.466782491358));
#2659 = CARTESIAN_POINT('',(10.532999032066,15.572280866672,18.5));
#2660 = ORIENTED_EDGE('',*,*,#2661,.F.);
#2661 = EDGE_CURVE('',#2625,#2634,#2662,.T.);
#2662 = CIRCLE('',#2663,17.);
#2663 = AXIS2_PLACEMENT_3D('',#2664,#2665,#2666);
#2664 = CARTESIAN_POINT('',(-3.552713678801E-15,7.105427357601E-15,16.7)
  );
#2665 = DIRECTION('',(-1.1E-16,3.3E-16,1.));
#2666 = DIRECTION('',(1.,-6.E-17,1.1E-16));
#2667 = CONICAL_SURFACE('',#2668,17.,0.785398163397);
#2668 = AXIS2_PLACEMENT_3D('',#2669,#2670,#2671);
#2669 = CARTESIAN_POINT('',(-3.552713678801E-15,7.105427357601E-15,16.7)
  );
#2670 = DIRECTION('',(-1.1E-16,3.3E-16,1.));
#2671 = DIRECTION('',(1.,-6.E-17,1.1E-16));
#2672 = ADVANCED_FACE('',(#2673),#2828,.F.);
#2673 = FACE_BOUND('',#2674,.F.);
#2674 = EDGE_LOOP('',(#2675,#2676,#2685,#2686,#2687,#2688,#2793));
#2675 = ORIENTED_EDGE('',*,*,#1082,.F.);
#2676 = ORIENTED_EDGE('',*,*,#2677,.F.);
#2677 = EDGE_CURVE('',#2678,#1083,#2680,.T.);
#2678 = VERTEX_POINT('',#2679);
#2679 = CARTESIAN_POINT('',(9.,15.59,13.98));
#2680 = CIRCLE('',#2681,2.52);
#2681 = AXIS2_PLACEMENT_3D('',#2682,#2683,#2684);
#2682 = CARTESIAN_POINT('',(9.,15.59,16.5));
#2683 = DIRECTION('',(-2.4E-16,-1.,0.));
#2684 = DIRECTION('',(1.,-2.4E-16,0.));
#2685 = ORIENTED_EDGE('',*,*,#2677,.T.);
#2686 = ORIENTED_EDGE('',*,*,#1091,.F.);
#2687 = ORIENTED_EDGE('',*,*,#2633,.F.);
#2688 = ORIENTED_EDGE('',*,*,#2689,.T.);
#2689 = EDGE_CURVE('',#2634,#2690,#2692,.T.);
#2690 = VERTEX_POINT('',#2691);
#2691 = CARTESIAN_POINT('',(6.490914982888,15.712034326748,16.7));
#2692 = B_SPLINE_CURVE_WITH_KNOTS('',8,(#2693,#2694,#2695,#2696,#2697,
    #2698,#2699,#2700,#2701,#2702,#2703,#2704,#2705,#2706,#2707,#2708,
    #2709,#2710,#2711,#2712,#2713,#2714,#2715,#2716,#2717,#2718,#2719,
    #2720,#2721,#2722,#2723,#2724,#2725,#2726,#2727,#2728,#2729,#2730,
    #2731,#2732,#2733,#2734,#2735,#2736,#2737,#2738,#2739,#2740,#2741,
    #2742,#2743,#2744,#2745,#2746,#2747,#2748,#2749,#2750,#2751,#2752,
    #2753,#2754,#2755,#2756,#2757,#2758,#2759,#2760,#2761,#2762,#2763,
    #2764,#2765,#2766,#2767,#2768,#2769,#2770,#2771,#2772,#2773,#2774,
    #2775,#2776,#2777,#2778,#2779,#2780,#2781,#2782,#2783,#2784,#2785,
    #2786,#2787,#2788,#2789,#2790,#2791,#2792),.UNSPECIFIED.,.F.,.F.,(9,
    7,7,7,7,7,7,7,7,7,7,7,7,7,9),(0.,2.825963796171E-02,0.257016275446,
    0.317043619454,0.356428134868,0.409222882032,0.455800803305,
    0.499656888227,0.544138217358,0.590716080652,0.6435107621,
    0.68289522849,0.742922497779,0.860374155598,1.),.UNSPECIFIED.);
#2693 = CARTESIAN_POINT('',(10.360394960658,13.478212650763,
    16.700199257289));
#2694 = CARTESIAN_POINT('',(10.362046995531,13.476942769198,
    16.675578088325));
#2695 = CARTESIAN_POINT('',(10.363465807615,13.475851792701,
    16.650943537464));
#2696 = CARTESIAN_POINT('',(10.364651755187,13.474939627254,
    16.626297823483));
#2697 = CARTESIAN_POINT('',(10.365605125892,13.474206197341,
    16.601643156155));
#2698 = CARTESIAN_POINT('',(10.366326136745,13.473651445953,
    16.576981736258));
#2699 = CARTESIAN_POINT('',(10.366814934131,13.473275334584,
    16.552315755568));
#2700 = CARTESIAN_POINT('',(10.367071593807,13.473077843234,
    16.527647396863));
#2701 = CARTESIAN_POINT('',(10.367294663244,13.472906198301,
    16.303291296595));
#2702 = CARTESIAN_POINT('',(10.352281289791,13.484458397046,
    16.104426944876));
#2703 = CARTESIAN_POINT('',(10.322284160167,13.507542033585,
    15.906733359155));
#2704 = CARTESIAN_POINT('',(10.276876881362,13.542332126101,
    15.711104529463));
#2705 = CARTESIAN_POINT('',(10.215403298918,13.589041549296,
    15.518892454622));
#2706 = CARTESIAN_POINT('',(10.136950493724,13.647878602285,
    15.331932319955));
#2707 = CARTESIAN_POINT('',(10.04049816459,13.718919747203,
    15.152520781579));
#2708 = CARTESIAN_POINT('',(9.894241940114,13.824086896962,
    14.939343766898));
#2709 = CARTESIAN_POINT('',(9.862517946526,13.846782242035,
    14.895777890868));
#2710 = CARTESIAN_POINT('',(9.829451872706,13.870309676841,
    14.853016040665));
#2711 = CARTESIAN_POINT('',(9.795028369294,13.894661958896,
    14.811127110876));
#2712 = CARTESIAN_POINT('',(9.759238075336,13.919826435512,
    14.770189163716));
#2713 = CARTESIAN_POINT('',(9.722079693233,13.94578392146,
    14.730288108762));
#2714 = CARTESIAN_POINT('',(9.683562063685,13.972507576626,
    14.691516382695));
#2715 = CARTESIAN_POINT('',(9.617556453355,14.017974751901,
    14.629338156527));
#2716 = CARTESIAN_POINT('',(9.590832387718,14.036300987844,
    14.605234506653));
#2717 = CARTESIAN_POINT('',(9.563540927386,14.05492987365,
    14.581688663361));
#2718 = CARTESIAN_POINT('',(9.535692990608,14.073847963449,
    14.558731007573));
#2719 = CARTESIAN_POINT('',(9.507304069591,14.093038792812,
    14.536393533762));
#2720 = CARTESIAN_POINT('',(9.478394769858,14.112482688212,
    14.514709066516));
#2721 = CARTESIAN_POINT('',(9.448991349618,14.132156576484,
    14.493710477099));
#2722 = CARTESIAN_POINT('',(9.379092253749,14.178679105963,
    14.446243887236));
#2723 = CARTESIAN_POINT('',(9.338220249535,14.205695389509,
    14.42034237483));
#2724 = CARTESIAN_POINT('',(9.296599811211,14.23301080026,
    14.395811526597));
#2725 = CARTESIAN_POINT('',(9.254338927714,14.260543270275,
    14.372731059227));
#2726 = CARTESIAN_POINT('',(9.211563354237,14.288202088764,
    14.35116826285));
#2727 = CARTESIAN_POINT('',(9.168413878342,14.315890492992,
    14.331173351978));
#2728 = CARTESIAN_POINT('',(9.125041510136,14.343509269663,
    14.31277614683));
#2729 = CARTESIAN_POINT('',(9.043275051596,14.395180852357,
    14.281169366287));
#2730 = CARTESIAN_POINT('',(9.004886404213,14.419276764054,
    14.267600244419));
#2731 = CARTESIAN_POINT('',(8.966541796992,14.443181516055,
    14.255283684215));
#2732 = CARTESIAN_POINT('',(8.928328989722,14.466842425205,
    14.244204294494));
#2733 = CARTESIAN_POINT('',(8.890312684598,14.49022305365,
    14.234330922328));
#2734 = CARTESIAN_POINT('',(8.852533187231,14.513303144915,
    14.225622858533));
#2735 = CARTESIAN_POINT('',(8.815007403446,14.536077153427,
    14.218035654459));
#2736 = CARTESIAN_POINT('',(8.74263516284,14.57971227403,14.205397812959
    ));
#2737 = CARTESIAN_POINT('',(8.707757678453,14.600608943227,
    14.200224551491));
#2738 = CARTESIAN_POINT('',(8.673085120371,14.621253932663,
    14.195968509911));
#2739 = CARTESIAN_POINT('',(8.638587149681,14.641668716437,
    14.192595290826));
#2740 = CARTESIAN_POINT('',(8.604220241636,14.661881873909,
    14.190076289754));
#2741 = CARTESIAN_POINT('',(8.569930240411,14.681927278445,
    14.188390629659));
#2742 = CARTESIAN_POINT('',(8.535654913871,14.701842286169,
    14.187527095487));
#2743 = CARTESIAN_POINT('',(8.466508692084,14.741772183453,
    14.187444457032));
#2744 = CARTESIAN_POINT('',(8.431642484131,14.761780860653,
    14.18824898728));
#2745 = CARTESIAN_POINT('',(8.396657138029,14.781732988368,14.1898984682
    ));
#2746 = CARTESIAN_POINT('',(8.361486141569,14.801665540983,
    14.192404030174));
#2747 = CARTESIAN_POINT('',(8.326070257614,14.821610035246,
    14.195787082301));
#2748 = CARTESIAN_POINT('',(8.290360564936,14.84159113031,
    14.200077269481));
#2749 = CARTESIAN_POINT('',(8.254321499059,14.861625227767,
    14.205310429493));
#2750 = CARTESIAN_POINT('',(8.179831233636,14.902759996807,
    14.218035654459));
#2751 = CARTESIAN_POINT('',(8.141343662711,14.923867976261,
    14.225622858533));
#2752 = CARTESIAN_POINT('',(8.102464153842,14.945042603156,
    14.234330922328));
#2753 = CARTESIAN_POINT('',(8.063205963564,14.966272010543,
    14.244204294494));
#2754 = CARTESIAN_POINT('',(8.023606789431,14.987531424204,
    14.255283684215));
#2755 = CARTESIAN_POINT('',(7.983730541887,15.0087830348,14.267600244419
    ));
#2756 = CARTESIAN_POINT('',(7.943666730032,15.029977189373,
    14.281169366287));
#2757 = CARTESIAN_POINT('',(7.858030743319,15.074945889378,
    14.31277614683));
#2758 = CARTESIAN_POINT('',(7.812423961581,15.098694165272,
    14.331173351978));
#2759 = CARTESIAN_POINT('',(7.76686834629,15.12221460137,14.35116826285)
  );
#2760 = CARTESIAN_POINT('',(7.721525330692,15.145426039563,
    14.372731059227));
#2761 = CARTESIAN_POINT('',(7.676549113857,15.168254948829,
    14.395811526597));
#2762 = CARTESIAN_POINT('',(7.632081136675,15.190637789492,
    14.42034237483));
#2763 = CARTESIAN_POINT('',(7.588246471036,15.21252208508,
    14.446243887236));
#2764 = CARTESIAN_POINT('',(7.513004036657,15.249788764852,
    14.493710477098));
#2765 = CARTESIAN_POINT('',(7.481262900356,15.265413209413,
    14.514709066516));
#2766 = CARTESIAN_POINT('',(7.449968030795,15.280724767743,
    14.536393533762));
#2767 = CARTESIAN_POINT('',(7.419152539984,15.295712238986,
    14.558731007573));
#2768 = CARTESIAN_POINT('',(7.388843769146,15.310367617342,
    14.581688663361));
#2769 = CARTESIAN_POINT('',(7.359063723443,15.324685720267,
    14.605234506653));
#2770 = CARTESIAN_POINT('',(7.329829506699,15.33866381668,
    14.629338156526));
#2771 = CARTESIAN_POINT('',(7.257448022379,15.373086561344,
    14.691516382695));
#2772 = CARTESIAN_POINT('',(7.215044129879,15.393078345462,
    14.730288108761));
#2773 = CARTESIAN_POINT('',(7.173983451153,15.412276186484,
    14.770189163716));
#2774 = CARTESIAN_POINT('',(7.13429365028,15.430685850566,
    14.811127110876));
#2775 = CARTESIAN_POINT('',(7.095990692437,15.448318055445,
    14.853016040664));
#2776 = CARTESIAN_POINT('',(7.059080853458,15.465187234825,
    14.895777890868));
#2777 = CARTESIAN_POINT('',(7.02356272939,15.481310302768,
    14.939343766897));
#2778 = CARTESIAN_POINT('',(6.922642363123,15.526828091257,
    15.070356833303));
#2779 = CARTESIAN_POINT('',(6.861183539271,15.554151797991,
    15.159877285239));
#2780 = CARTESIAN_POINT('',(6.804982182423,15.578821975937,
    15.251785041931));
#2781 = CARTESIAN_POINT('',(6.753961256477,15.600970179179,
    15.345700875354));
#2782 = CARTESIAN_POINT('',(6.708034940521,15.620716370057,
    15.441295882087));
#2783 = CARTESIAN_POINT('',(6.667112473086,15.638168525159,
    15.538291683415));
#2784 = CARTESIAN_POINT('',(6.63110605867,15.65342058764,15.636461892139
    ));
#2785 = CARTESIAN_POINT('',(6.56289153389,15.682157726651,
    15.853528980208));
#2786 = CARTESIAN_POINT('',(6.53270167031,15.694758101117,15.9727830857)
  );
#2787 = CARTESIAN_POINT('',(6.509242947528,15.704481709558,
    16.093076289326));
#2788 = CARTESIAN_POINT('',(6.492430648369,15.711418469373,
    16.214108329876));
#2789 = CARTESIAN_POINT('',(6.482209240327,15.715626488392,
    16.335596275763));
#2790 = CARTESIAN_POINT('',(6.478547298329,15.717135967864,
    16.457272982286));
#2791 = CARTESIAN_POINT('',(6.481441623895,15.715947947318,
    16.578886331869));
#2792 = CARTESIAN_POINT('',(6.490930560719,15.712027891266,
    16.700199257289));
#2793 = ORIENTED_EDGE('',*,*,#2794,.F.);
#2794 = EDGE_CURVE('',#1074,#2690,#2795,.T.);
#2795 = B_SPLINE_CURVE_WITH_KNOTS('',6,(#2796,#2797,#2798,#2799,#2800,
    #2801,#2802,#2803,#2804,#2805,#2806,#2807,#2808,#2809,#2810,#2811,
    #2812,#2813,#2814,#2815,#2816,#2817,#2818,#2819,#2820,#2821,#2822,
    #2823,#2824,#2825,#2826,#2827),.UNSPECIFIED.,.F.,.F.,(7,5,5,5,5,5,7)
  ,(0.,0.111327765312,0.21635052564,0.37891947552,0.514897572175,
    0.838574924806,1.),.UNSPECIFIED.);
#2796 = CARTESIAN_POINT('',(8.218042248534,16.90868952939,18.5));
#2797 = CARTESIAN_POINT('',(8.162247038921,16.910341505512,
    18.477096029867));
#2798 = CARTESIAN_POINT('',(8.106992374457,16.910470058904,
    18.453223589602));
#2799 = CARTESIAN_POINT('',(8.052393911654,16.909095412993,
    18.428438260908));
#2800 = CARTESIAN_POINT('',(7.99854927263,16.906250268354,
    18.402797540566));
#2801 = CARTESIAN_POINT('',(7.945539069798,16.901975286359,
    18.376358079366));
#2802 = CARTESIAN_POINT('',(7.844268085559,16.890974451633,
    18.323527383667));
#2803 = CARTESIAN_POINT('',(7.795908745966,16.884401157049,
    18.297218424786));
#2804 = CARTESIAN_POINT('',(7.748403756778,16.876631823272,
    18.270290447265));
#2805 = CARTESIAN_POINT('',(7.701796384999,16.867706423567,
    18.242785966845));
#2806 = CARTESIAN_POINT('',(7.656120752438,16.857665856443,
    18.214744786582));
#2807 = CARTESIAN_POINT('',(7.54218327869,16.829343400297,
    18.142022458361));
#2808 = CARTESIAN_POINT('',(7.475261880505,16.809560976387,
    18.096644383684));
#2809 = CARTESIAN_POINT('',(7.41073387238,16.787350966181,
    18.050202118347));
#2810 = CARTESIAN_POINT('',(7.348662968992,16.762858307448,
    18.002816222916));
#2811 = CARTESIAN_POINT('',(7.289089220229,16.736218984109,
    17.95459309033));
#2812 = CARTESIAN_POINT('',(7.184315571922,16.683578276092,
    17.864663495708));
#2813 = CARTESIAN_POINT('',(7.138359707616,16.658185938159,
    17.823182409853));
#2814 = CARTESIAN_POINT('',(7.09418334724,16.631449004966,
    17.781233967092));
#2815 = CARTESIAN_POINT('',(7.051796329451,16.603434253983,
    17.738867575348));
#2816 = CARTESIAN_POINT('',(7.011205074711,16.574203064486,
    17.696128210255));
#2817 = CARTESIAN_POINT('',(6.880076579993,16.471466556206,
    17.550529854246));
#2818 = CARTESIAN_POINT('',(6.79795228487,16.392554879784,17.44613500501
    ));
#2819 = CARTESIAN_POINT('',(6.726072314151,16.307811736202,
    17.340396836041));
#2820 = CARTESIAN_POINT('',(6.66449617619,16.217836813235,
    17.233784800245));
#2821 = CARTESIAN_POINT('',(6.613298790006,16.123122464799,
    17.126726568716));
#2822 = CARTESIAN_POINT('',(6.552375287743,15.974591887374,
    16.966186836692));
#2823 = CARTESIAN_POINT('',(6.534727336378,15.924078898546,
    16.912755208769));
#2824 = CARTESIAN_POINT('',(6.519726119042,15.872525520126,
    16.859365450309));
#2825 = CARTESIAN_POINT('',(6.507399279471,15.819974913598,
    16.806071434953));
#2826 = CARTESIAN_POINT('',(6.497781434335,15.76646623944,
    16.752929743133));
#2827 = CARTESIAN_POINT('',(6.490914982888,15.712034326748,16.7));
#2828 = SPHERICAL_SURFACE('',#2829,2.52);
#2829 = AXIS2_PLACEMENT_3D('',#2830,#2831,#2832);
#2830 = CARTESIAN_POINT('',(9.,15.59,16.5));
#2831 = DIRECTION('',(0.,0.,1.));
#2832 = DIRECTION('',(1.,0.,0.));
#2833 = ADVANCED_FACE('',(#2834),#2873,.F.);
#2834 = FACE_BOUND('',#2835,.T.);
#2835 = EDGE_LOOP('',(#2836,#2837,#2838,#2866));
#2836 = ORIENTED_EDGE('',*,*,#2794,.F.);
#2837 = ORIENTED_EDGE('',*,*,#1073,.T.);
#2838 = ORIENTED_EDGE('',*,*,#2839,.F.);
#2839 = EDGE_CURVE('',#2840,#1065,#2842,.T.);
#2840 = VERTEX_POINT('',#2841);
#2841 = CARTESIAN_POINT('',(-16.85248888888,2.234640519161,16.7));
#2842 = B_SPLINE_CURVE_WITH_KNOTS('',8,(#2843,#2844,#2845,#2846,#2847,
    #2848,#2849,#2850,#2851,#2852,#2853,#2854,#2855,#2856,#2857,#2858,
    #2859,#2860,#2861,#2862,#2863,#2864,#2865),.UNSPECIFIED.,.F.,.F.,(9,
    7,7,9),(0.,0.62288875935,0.784402851729,1.),.UNSPECIFIED.);
#2843 = CARTESIAN_POINT('',(-16.85248888888,2.234640519161,16.7));
#2844 = CARTESIAN_POINT('',(-16.99897296815,2.296141529693,
    16.853297292252));
#2845 = CARTESIAN_POINT('',(-17.14983956565,2.334835200511,
    17.008058023738));
#2846 = CARTESIAN_POINT('',(-17.30430465732,2.351360169929,
    17.163357252423));
#2847 = CARTESIAN_POINT('',(-17.46140559752,2.34554573609,
    17.318187720609));
#2848 = CARTESIAN_POINT('',(-17.61996954678,2.316990472975,
    17.471444073538));
#2849 = CARTESIAN_POINT('',(-17.7785712148,2.265036666753,17.62190201773
    ));
#2850 = CARTESIAN_POINT('',(-17.93553074237,2.188930306106,
    17.768222786532));
#2851 = CARTESIAN_POINT('',(-18.12855023986,2.061191468238,
    17.945325496791));
#2852 = CARTESIAN_POINT('',(-18.16802985546,2.033197104601,
    17.981394607275));
#2853 = CARTESIAN_POINT('',(-18.20720380015,2.00349673133,
    18.017034210225));
#2854 = CARTESIAN_POINT('',(-18.24602648513,1.972077828285,
    18.052209073503));
#2855 = CARTESIAN_POINT('',(-18.2844480725,1.938930307369,
    18.086880817871));
#2856 = CARTESIAN_POINT('',(-18.32241460758,1.904047488966,
    18.121008084059));
#2857 = CARTESIAN_POINT('',(-18.35986815121,1.867427078375,
    18.154546699828));
#2858 = CARTESIAN_POINT('',(-18.44597454004,1.777874041028,
    18.231370625718));
#2859 = CARTESIAN_POINT('',(-18.49417595758,1.723587513194,
    18.274157268384));
#2860 = CARTESIAN_POINT('',(-18.54120478954,1.666220231669,
    18.315698948046));
#2861 = CARTESIAN_POINT('',(-18.58689532105,1.605804920032,
    18.355869909785));
#2862 = CARTESIAN_POINT('',(-18.63106478545,1.542408911704,
    18.394531916289));
#2863 = CARTESIAN_POINT('',(-18.67351842046,1.476143522272,
    18.431538623692));
#2864 = CARTESIAN_POINT('',(-18.71405729245,1.407173234955,
    18.466741887697));
#2865 = CARTESIAN_POINT('',(-18.75248888888,1.335724699217,18.5));
#2866 = ORIENTED_EDGE('',*,*,#2867,.F.);
#2867 = EDGE_CURVE('',#2690,#2840,#2868,.T.);
#2868 = CIRCLE('',#2869,17.);
#2869 = AXIS2_PLACEMENT_3D('',#2870,#2871,#2872);
#2870 = CARTESIAN_POINT('',(-3.552713678801E-15,7.105427357601E-15,16.7)
  );
#2871 = DIRECTION('',(-1.1E-16,3.3E-16,1.));
#2872 = DIRECTION('',(1.,-6.E-17,1.1E-16));
#2873 = CONICAL_SURFACE('',#2874,17.,0.785398163397);
#2874 = AXIS2_PLACEMENT_3D('',#2875,#2876,#2877);
#2875 = CARTESIAN_POINT('',(-3.552713678801E-15,7.105427357601E-15,16.7)
  );
#2876 = DIRECTION('',(-1.1E-16,3.3E-16,1.));
#2877 = DIRECTION('',(1.,-6.E-17,1.1E-16));
#2878 = ADVANCED_FACE('',(#2879),#3033,.F.);
#2879 = FACE_BOUND('',#2880,.F.);
#2880 = EDGE_LOOP('',(#2881,#2937,#2946,#2947,#2996,#3031,#3032));
#2881 = ORIENTED_EDGE('',*,*,#2882,.T.);
#2882 = EDGE_CURVE('',#2840,#2883,#2885,.T.);
#2883 = VERTEX_POINT('',#2884);
#2884 = CARTESIAN_POINT('',(-17.,0.,14.186906832832));
#2885 = B_SPLINE_CURVE_WITH_KNOTS('',8,(#2886,#2887,#2888,#2889,#2890,
    #2891,#2892,#2893,#2894,#2895,#2896,#2897,#2898,#2899,#2900,#2901,
    #2902,#2903,#2904,#2905,#2906,#2907,#2908,#2909,#2910,#2911,#2912,
    #2913,#2914,#2915,#2916,#2917,#2918,#2919,#2920,#2921,#2922,#2923,
    #2924,#2925,#2926,#2927,#2928,#2929,#2930,#2931,#2932,#2933,#2934,
    #2935,#2936),.UNSPECIFIED.,.F.,.F.,(9,7,7,7,7,7,7,9),(0.,
    5.651484358696E-02,0.514011532735,0.634065139273,0.712833453795,
    0.818426708274,0.911608552089,1.),.UNSPECIFIED.);
#2886 = CARTESIAN_POINT('',(-16.85249110396,2.234623814179,
    16.700199257289));
#2887 = CARTESIAN_POINT('',(-16.85221721174,2.236689381626,
    16.675573491765));
#2888 = CARTESIAN_POINT('',(-16.85198167417,2.238463476816,
    16.650934345098));
#2889 = CARTESIAN_POINT('',(-16.85178458898,2.239946456933,
    16.626284036333));
#2890 = CARTESIAN_POINT('',(-16.85162603458,2.241138608748,
    16.601624775521));
#2891 = CARTESIAN_POINT('',(-16.85150607012,2.24204014862,16.57695876372
    ));
#2892 = CARTESIAN_POINT('',(-16.85142473542,2.242651222495,
    16.55228819299));
#2893 = CARTESIAN_POINT('',(-16.85138205104,2.242971905907,16.5276152464
    ));
#2894 = CARTESIAN_POINT('',(-16.85134537187,2.243247471669,
    16.303209019457));
#2895 = CARTESIAN_POINT('',(-16.85384572552,2.224461921778,
    16.104299234177));
#2896 = CARTESIAN_POINT('',(-16.85884285024,2.186929810422,
    15.906560635997));
#2897 = CARTESIAN_POINT('',(-16.86627508067,2.130194398754,
    15.710887692777));
#2898 = CARTESIAN_POINT('',(-16.87599863318,2.053580827374,
    15.518632582637));
#2899 = CARTESIAN_POINT('',(-16.88773730484,1.956194367411,
    15.331630951141));
#2900 = CARTESIAN_POINT('',(-16.90104698415,1.837112910408,
    15.152179656388));
#2901 = CARTESIAN_POINT('',(-16.91901389045,1.657821427082,
    14.938954022006));
#2902 = CARTESIAN_POINT('',(-16.92281047904,1.618989100597,
    14.895377274363));
#2903 = CARTESIAN_POINT('',(-16.92665673467,1.578578002585,
    14.852604750275));
#2904 = CARTESIAN_POINT('',(-16.93053870353,1.536578450531,
    14.81070535479));
#2905 = CARTESIAN_POINT('',(-16.93444073931,1.492988654885,
    14.769757164735));
#2906 = CARTESIAN_POINT('',(-16.93834556841,1.447817079397,
    14.72984610876));
#2907 = CARTESIAN_POINT('',(-16.94223435534,1.40108480144,
    14.691064647378));
#2908 = CARTESIAN_POINT('',(-16.94861437259,1.321166041622,
    14.628870788449));
#2909 = CARTESIAN_POINT('',(-16.95112615508,1.288850041807,
    14.604761076905));
#2910 = CARTESIAN_POINT('',(-16.9536163583,1.255891144725,
    14.581209308451));
#2911 = CARTESIAN_POINT('',(-16.95607879222,1.222305537061,
    14.558245875735));
#2912 = CARTESIAN_POINT('',(-16.95850693876,1.188114884596,
    14.535902789408));
#2913 = CARTESIAN_POINT('',(-16.96089405657,1.153346896431,
    14.514212893571));
#2914 = CARTESIAN_POINT('',(-16.96323328575,1.118035889216,
    14.49320908121));
#2915 = CARTESIAN_POINT('',(-16.96858020622,1.034214676258,
    14.445729586107));
#2916 = CARTESIAN_POINT('',(-16.97154489631,0.985294600934,
    14.419820678054));
#2917 = CARTESIAN_POINT('',(-16.97439436293,0.935576786266,
    14.39528303142));
#2918 = CARTESIAN_POINT('',(-16.97711150114,0.885196040617,
    14.37219646126));
#2919 = CARTESIAN_POINT('',(-16.97968060447,0.83430696918,
    14.350628346647));
#2920 = CARTESIAN_POINT('',(-16.98208824521,0.783080302655,
    14.330628959333));
#2921 = CARTESIAN_POINT('',(-16.98432399175,0.73169690529,
    14.312228126189));
#2922 = CARTESIAN_POINT('',(-16.98819615801,0.635018563157,
    14.280612393999));
#2923 = CARTESIAN_POINT('',(-16.98987259832,0.589706313238,
    14.267038370204));
#2924 = CARTESIAN_POINT('',(-16.9914053142,0.544529770614,
    14.254718103404));
#2925 = CARTESIAN_POINT('',(-16.99279256653,0.499591637263,
    14.243636083937));
#2926 = CARTESIAN_POINT('',(-16.99403516801,0.454966383837,
    14.233760973314));
#2927 = CARTESIAN_POINT('',(-16.99513575424,0.410699118818,
    14.225051841637));
#2928 = CARTESIAN_POINT('',(-16.99609800449,0.366807202025,
    14.217464012227));
#2929 = CARTESIAN_POINT('',(-16.99771106306,0.281999461151,
    14.204779662187));
#2930 = CARTESIAN_POINT('',(-16.99837537332,0.24104367362,
    14.199574829222));
#2931 = CARTESIAN_POINT('',(-16.99892243144,0.200397568451,
    14.195300665665));
#2932 = CARTESIAN_POINT('',(-16.99935576609,0.160022827304,
    14.191921856573));
#2933 = CARTESIAN_POINT('',(-16.99967844524,0.119865726108,
    14.189409116991));
#2934 = CARTESIAN_POINT('',(-16.99989277525,7.986037622223E-02,
    14.187741188009));
#2935 = CARTESIAN_POINT('',(-17.,3.993196560911E-02,14.186906832832));
#2936 = CARTESIAN_POINT('',(-17.,0.,14.186906832832));
#2937 = ORIENTED_EDGE('',*,*,#2938,.F.);
#2938 = EDGE_CURVE('',#2939,#2883,#2941,.T.);
#2939 = VERTEX_POINT('',#2940);
#2940 = CARTESIAN_POINT('',(-18.,0.,13.98));
#2941 = CIRCLE('',#2942,2.52);
#2942 = AXIS2_PLACEMENT_3D('',#2943,#2944,#2945);
#2943 = CARTESIAN_POINT('',(-18.,0.,16.5));
#2944 = DIRECTION('',(-2.4E-16,-1.,0.));
#2945 = DIRECTION('',(1.,-2.4E-16,0.));
#2946 = ORIENTED_EDGE('',*,*,#2938,.T.);
#2947 = ORIENTED_EDGE('',*,*,#2948,.T.);
#2948 = EDGE_CURVE('',#2883,#2949,#2951,.T.);
#2949 = VERTEX_POINT('',#2950);
#2950 = CARTESIAN_POINT('',(-16.85248888888,-2.234640519161,16.7));
#2951 = B_SPLINE_CURVE_WITH_KNOTS('',7,(#2952,#2953,#2954,#2955,#2956,
    #2957,#2958,#2959,#2960,#2961,#2962,#2963,#2964,#2965,#2966,#2967,
    #2968,#2969,#2970,#2971,#2972,#2973,#2974,#2975,#2976,#2977,#2978,
    #2979,#2980,#2981,#2982,#2983,#2984,#2985,#2986,#2987,#2988,#2989,
    #2990,#2991,#2992,#2993,#2994,#2995),.UNSPECIFIED.,.F.,.F.,(8,6,6,6,
    6,6,6,8),(0.,8.80776064754E-02,0.181839994149,0.286819316523,
    0.3655370018,0.486378211874,0.752588723802,1.),.UNSPECIFIED.);
#2952 = CARTESIAN_POINT('',(-17.,0.,14.186906832832));
#2953 = CARTESIAN_POINT('',(-17.,-4.54803302068E-02,14.186906832832));
#2954 = CARTESIAN_POINT('',(-16.9998580112,-9.095598412418E-02,
    14.18801170045));
#2955 = CARTESIAN_POINT('',(-16.99957422092,-0.13655439318,
    14.190220211453));
#2956 = CARTESIAN_POINT('',(-16.99914613001,-0.182391802418,
    14.193554828609));
#2957 = CARTESIAN_POINT('',(-16.99856933889,-0.228564779373,
    14.198056488435));
#2958 = CARTESIAN_POINT('',(-16.9978383336,-0.27514172295,
    14.203779387928));
#2959 = CARTESIAN_POINT('',(-16.99599869831,-0.372201352804,
    14.218244366749));
#2960 = CARTESIAN_POINT('',(-16.99486868307,-0.422746846396,
    14.22715795546));
#2961 = CARTESIAN_POINT('',(-16.99355087142,-0.473801277806,
    14.237596563896));
#2962 = CARTESIAN_POINT('',(-16.99203932716,-0.525327230329,
    14.249633854715));
#2963 = CARTESIAN_POINT('',(-16.99033081512,-0.577227389585,
    14.263332144034));
#2964 = CARTESIAN_POINT('',(-16.98842687483,-0.62934387929,
    14.278725788351));
#2965 = CARTESIAN_POINT('',(-16.98399432383,-0.739829903651,
    14.314923059271));
#2966 = CARTESIAN_POINT('',(-16.98141744176,-0.798221253823,
    14.336160029599));
#2967 = CARTESIAN_POINT('',(-16.97861594127,-0.856355593792,
    14.359501742746));
#2968 = CARTESIAN_POINT('',(-16.97560765621,-0.91394926072,
    14.384892226607));
#2969 = CARTESIAN_POINT('',(-16.97241590803,-0.970743889693,
    14.41223689452));
#2970 = CARTESIAN_POINT('',(-16.96906743275,-1.026518936477,
    14.441412946243));
#2971 = CARTESIAN_POINT('',(-16.96298192019,-1.122018674403,
    14.495433960937));
#2972 = CARTESIAN_POINT('',(-16.96030100202,-1.162275460029,
    14.519540705251));
#2973 = CARTESIAN_POINT('',(-16.95755790583,-1.201799031066,
    14.54455379765));
#2974 = CARTESIAN_POINT('',(-16.9547635903,-1.240537196687,
    14.570420383366));
#2975 = CARTESIAN_POINT('',(-16.95192871112,-1.278450610155,
    14.597088205629));
#2976 = CARTESIAN_POINT('',(-16.94906334077,-1.315511269882,
    14.624507701412));
#2977 = CARTESIAN_POINT('',(-16.94174532606,-1.407256684275,
    14.695811531668));
#2978 = CARTESIAN_POINT('',(-16.93726433139,-1.460753066779,
    14.740649625036));
#2979 = CARTESIAN_POINT('',(-16.93276692762,-1.512130955262,
    14.786988824839));
#2980 = CARTESIAN_POINT('',(-16.92828326674,-1.561361944297,
    14.834680243133));
#2981 = CARTESIAN_POINT('',(-16.92384024938,-1.608441932137,
    14.883589294879));
#2982 = CARTESIAN_POINT('',(-16.91946134472,-1.653384617059,
    14.933599336355));
#2983 = CARTESIAN_POINT('',(-16.90570476545,-1.790569365789,
    15.097002350496));
#2984 = CARTESIAN_POINT('',(-16.89665708922,-1.874610655096,
    15.214196457284));
#2985 = CARTESIAN_POINT('',(-16.88823260077,-1.948671030953,
    15.335209862314));
#2986 = CARTESIAN_POINT('',(-16.88059155103,-2.013057059172,
    15.459219561583));
#2987 = CARTESIAN_POINT('',(-16.87384929779,-2.068079413307,
    15.585552581059));
#2988 = CARTESIAN_POINT('',(-16.86808569801,-2.114020130725,
    15.713692419951));
#2989 = CARTESIAN_POINT('',(-16.85896337703,-2.185534224336,
    15.96372784493));
#2990 = CARTESIAN_POINT('',(-16.85546615777,-2.212296515302,
    16.085354469995));
#2991 = CARTESIAN_POINT('',(-16.85291129934,-2.231541459352,
    16.207834930995));
#2992 = CARTESIAN_POINT('',(-16.85132857221,-2.243367872344,
    16.330854666266));
#2993 = CARTESIAN_POINT('',(-16.85073274437,-2.247828044824,
    16.454112632498));
#2994 = CARTESIAN_POINT('',(-16.85112441688,-2.244930731013,
    16.577319843441));
#2995 = CARTESIAN_POINT('',(-16.85249110396,-2.234623814178,
    16.700199257289));
#2996 = ORIENTED_EDGE('',*,*,#2997,.F.);
#2997 = EDGE_CURVE('',#1056,#2949,#2998,.T.);
#2998 = B_SPLINE_CURVE_WITH_KNOTS('',6,(#2999,#3000,#3001,#3002,#3003,
    #3004,#3005,#3006,#3007,#3008,#3009,#3010,#3011,#3012,#3013,#3014,
    #3015,#3016,#3017,#3018,#3019,#3020,#3021,#3022,#3023,#3024,#3025,
    #3026,#3027,#3028,#3029,#3030),.UNSPECIFIED.,.F.,.F.,(7,5,5,5,5,5,7)
  ,(0.,0.111817738481,0.21662803542,0.37956416348,0.515255422165,
    0.838952366004,1.),.UNSPECIFIED.);
#2999 = CARTESIAN_POINT('',(-18.75248888888,-1.335724699217,18.5));
#3000 = CARTESIAN_POINT('',(-18.72592018838,-1.385118815612,
    18.47700785533));
#3001 = CARTESIAN_POINT('',(-18.69829200526,-1.433272962733,
    18.453037858654));
#3002 = CARTESIAN_POINT('',(-18.66968065961,-1.480095743205,
    18.428146305519));
#3003 = CARTESIAN_POINT('',(-18.64016431811,-1.525517999842,
    18.402391460902));
#3004 = CARTESIAN_POINT('',(-18.60981951925,-1.569489608699,
    18.375830737178));
#3005 = CARTESIAN_POINT('',(-18.54956498003,-1.651800363277,
    18.322916661241));
#3006 = CARTESIAN_POINT('',(-18.51974737984,-1.690319479893,
    18.296654826213));
#3007 = CARTESIAN_POINT('',(-18.48932361575,-1.727505780066,
    18.26977649484));
#3008 = CARTESIAN_POINT('',(-18.45834959698,-1.763341905853,
    18.242323921876));
#3009 = CARTESIAN_POINT('',(-18.42687749277,-1.797818809612,
    18.21433667201));
#3010 = CARTESIAN_POINT('',(-18.34532838116,-1.882413183801,
    18.141567203291));
#3011 = CARTESIAN_POINT('',(-18.29461497369,-1.930598812092,
    18.096080333499));
#3012 = CARTESIAN_POINT('',(-18.2429915733,-1.975482395213,
    18.049524296595));
#3013 = CARTESIAN_POINT('',(-18.19061664343,-2.017081371749,
    18.002020478601));
#3014 = CARTESIAN_POINT('',(-18.1376288883,-2.055429326035,
    17.953675974302));
#3015 = CARTESIAN_POINT('',(-18.03960613626,-2.119828547931,
    17.863697149384));
#3016 = CARTESIAN_POINT('',(-17.99472410028,-2.14686300227,
    17.822293630436));
#3017 = CARTESIAN_POINT('',(-17.94956878119,-2.171693130763,
    17.780424930101));
#3018 = CARTESIAN_POINT('',(-17.90420252087,-2.194343649548,
    17.738140133424));
#3019 = CARTESIAN_POINT('',(-17.85868133258,-2.214839529865,
    17.695483932318));
#3020 = CARTESIAN_POINT('',(-17.70421187188,-2.277015480871,
    17.549948665325));
#3021 = CARTESIAN_POINT('',(-17.59478714945,-2.308694134656,
    17.44553179448));
#3022 = CARTESIAN_POINT('',(-17.48543407938,-2.328581584022,
    17.3397711027));
#3023 = CARTESIAN_POINT('',(-17.37670199935,-2.336926194254,
    17.233136216117));
#3024 = CARTESIAN_POINT('',(-17.26905501427,-2.333909319052,
    17.126055026756));
#3025 = CARTESIAN_POINT('',(-17.11005485231,-2.312420479077,
    16.965609329572));
#3026 = CARTESIAN_POINT('',(-17.05759927949,-2.302476701312,
    16.912294558368));
#3027 = CARTESIAN_POINT('',(-17.00556402282,-2.289733208372,
    16.859021363417));
#3028 = CARTESIAN_POINT('',(-16.95399993658,-2.274187676019,
    16.805843249279));
#3029 = CARTESIAN_POINT('',(-16.90295789087,-2.255829815899,
    16.75281639743));
#3030 = CARTESIAN_POINT('',(-16.85248888888,-2.234640519161,16.7));
#3031 = ORIENTED_EDGE('',*,*,#1064,.F.);
#3032 = ORIENTED_EDGE('',*,*,#2839,.F.);
#3033 = SPHERICAL_SURFACE('',#3034,2.52);
#3034 = AXIS2_PLACEMENT_3D('',#3035,#3036,#3037);
#3035 = CARTESIAN_POINT('',(-18.,0.,16.5));
#3036 = DIRECTION('',(0.,0.,1.));
#3037 = DIRECTION('',(1.,0.,0.));
#3038 = ADVANCED_FACE('',(#3039),#3078,.F.);
#3039 = FACE_BOUND('',#3040,.T.);
#3040 = EDGE_LOOP('',(#3041,#3042,#3043,#3071));
#3041 = ORIENTED_EDGE('',*,*,#2997,.F.);
#3042 = ORIENTED_EDGE('',*,*,#1055,.T.);
#3043 = ORIENTED_EDGE('',*,*,#3044,.F.);
#3044 = EDGE_CURVE('',#3045,#1047,#3047,.T.);
#3045 = VERTEX_POINT('',#3046);
#3046 = CARTESIAN_POINT('',(6.490914982888,-15.71203432674,16.7));
#3047 = B_SPLINE_CURVE_WITH_KNOTS('',8,(#3048,#3049,#3050,#3051,#3052,
    #3053,#3054,#3055,#3056,#3057,#3058,#3059,#3060,#3061,#3062,#3063,
    #3064,#3065,#3066,#3067,#3068,#3069,#3070),.UNSPECIFIED.,.F.,.F.,(9,
    7,7,9),(0.,0.623270268279,0.784784559714,1.),.UNSPECIFIED.);
#3048 = CARTESIAN_POINT('',(6.490914982888,-15.71203432674,16.7));
#3049 = CARTESIAN_POINT('',(6.510809960016,-15.86974630744,
    16.85335956821));
#3050 = CARTESIAN_POINT('',(6.552674102152,-16.01984606322,
    17.008189489396));
#3051 = CARTESIAN_POINT('',(6.615559749608,-16.16197311125,
    17.163562168611));
#3052 = CARTESIAN_POINT('',(6.699132365328,-16.29520687805,
    17.31846811168));
#3053 = CARTESIAN_POINT('',(6.803152134878,-16.41832929582,
    17.471799913751));
#3054 = CARTESIAN_POINT('',(6.92747549663,-16.52977513577,
    17.622331423983));
#3055 = CARTESIAN_POINT('',(7.071915225777,-16.62771044028,
    17.768722224787));
#3056 = CARTESIAN_POINT('',(7.279114686111,-16.73104043177,
    17.94588400922));
#3057 = CARTESIAN_POINT('',(7.323090715154,-16.75123165291,
    17.981947642896));
#3058 = CARTESIAN_POINT('',(7.368391139566,-16.77030537537,
    18.01758183035));
#3059 = CARTESIAN_POINT('',(7.415004009575,-16.7882158662,
    18.052751343311));
#3060 = CARTESIAN_POINT('',(7.462913144202,-16.80491492886,
    18.087417806148));
#3061 = CARTESIAN_POINT('',(7.512097351276,-16.82035250616,
    18.121539862872));
#3062 = CARTESIAN_POINT('',(7.562529647438,-16.83447728316,
    18.155073344125));
#3063 = CARTESIAN_POINT('',(7.68299512767,-16.86423981354,
    18.231807659886));
#3064 = CARTESIAN_POINT('',(7.753967272448,-16.87881848659,
    18.274513891293));
#3065 = CARTESIAN_POINT('',(7.827013500987,-16.89085105971,
    18.315979899664));
#3066 = CARTESIAN_POINT('',(7.902023246714,-16.90021109218,
    18.356080630166));
#3067 = CARTESIAN_POINT('',(7.978847716526,-16.90677465298,
    18.394678625802));
#3068 = CARTESIAN_POINT('',(8.057294341035,-16.91042930629,
    18.431628361932));
#3069 = CARTESIAN_POINT('',(8.137122746512,-16.91108538176,
    18.466782491358));
#3070 = CARTESIAN_POINT('',(8.218042248534,-16.90868952939,18.5));
#3071 = ORIENTED_EDGE('',*,*,#3072,.F.);
#3072 = EDGE_CURVE('',#2949,#3045,#3073,.T.);
#3073 = CIRCLE('',#3074,17.);
#3074 = AXIS2_PLACEMENT_3D('',#3075,#3076,#3077);
#3075 = CARTESIAN_POINT('',(-3.552713678801E-15,7.105427357601E-15,16.7)
  );
#3076 = DIRECTION('',(-1.1E-16,3.3E-16,1.));
#3077 = DIRECTION('',(1.,-6.E-17,1.1E-16));
#3078 = CONICAL_SURFACE('',#3079,17.,0.785398163397);
#3079 = AXIS2_PLACEMENT_3D('',#3080,#3081,#3082);
#3080 = CARTESIAN_POINT('',(-3.552713678801E-15,7.105427357601E-15,16.7)
  );
#3081 = DIRECTION('',(-1.1E-16,3.3E-16,1.));
#3082 = DIRECTION('',(1.,-6.E-17,1.1E-16));
#3083 = ADVANCED_FACE('',(#3084),#3239,.F.);
#3084 = FACE_BOUND('',#3085,.F.);
#3085 = EDGE_LOOP('',(#3086,#3087,#3096,#3097,#3098,#3099,#3204));
#3086 = ORIENTED_EDGE('',*,*,#1037,.F.);
#3087 = ORIENTED_EDGE('',*,*,#3088,.F.);
#3088 = EDGE_CURVE('',#3089,#1038,#3091,.T.);
#3089 = VERTEX_POINT('',#3090);
#3090 = CARTESIAN_POINT('',(9.,-15.59,13.98));
#3091 = CIRCLE('',#3092,2.52);
#3092 = AXIS2_PLACEMENT_3D('',#3093,#3094,#3095);
#3093 = CARTESIAN_POINT('',(9.,-15.59,16.5));
#3094 = DIRECTION('',(-2.4E-16,-1.,0.));
#3095 = DIRECTION('',(1.,-2.4E-16,0.));
#3096 = ORIENTED_EDGE('',*,*,#3088,.T.);
#3097 = ORIENTED_EDGE('',*,*,#1046,.F.);
#3098 = ORIENTED_EDGE('',*,*,#3044,.F.);
#3099 = ORIENTED_EDGE('',*,*,#3100,.T.);
#3100 = EDGE_CURVE('',#3045,#3101,#3103,.T.);
#3101 = VERTEX_POINT('',#3102);
#3102 = CARTESIAN_POINT('',(10.360408323744,-13.47820237885,16.7));
#3103 = B_SPLINE_CURVE_WITH_KNOTS('',8,(#3104,#3105,#3106,#3107,#3108,
    #3109,#3110,#3111,#3112,#3113,#3114,#3115,#3116,#3117,#3118,#3119,
    #3120,#3121,#3122,#3123,#3124,#3125,#3126,#3127,#3128,#3129,#3130,
    #3131,#3132,#3133,#3134,#3135,#3136,#3137,#3138,#3139,#3140,#3141,
    #3142,#3143,#3144,#3145,#3146,#3147,#3148,#3149,#3150,#3151,#3152,
    #3153,#3154,#3155,#3156,#3157,#3158,#3159,#3160,#3161,#3162,#3163,
    #3164,#3165,#3166,#3167,#3168,#3169,#3170,#3171,#3172,#3173,#3174,
    #3175,#3176,#3177,#3178,#3179,#3180,#3181,#3182,#3183,#3184,#3185,
    #3186,#3187,#3188,#3189,#3190,#3191,#3192,#3193,#3194,#3195,#3196,
    #3197,#3198,#3199,#3200,#3201,#3202,#3203),.UNSPECIFIED.,.F.,.F.,(9,
    7,7,7,7,7,7,7,7,7,7,7,7,7,9),(0.,2.825963804541E-02,0.25701627539,
    0.317043619383,0.356428134788,0.409222881939,0.4558008032,
    0.499656888111,0.544138217231,0.590716080515,0.64351076195,
    0.68289522833,0.742922497605,0.860374155396,1.),.UNSPECIFIED.);
#3104 = CARTESIAN_POINT('',(6.490930560719,-15.71202789126,
    16.700199257289));
#3105 = CARTESIAN_POINT('',(6.489004725391,-15.71282348961,
    16.67557808825));
#3106 = CARTESIAN_POINT('',(6.487350447435,-15.7135065869,
    16.650943537314));
#3107 = CARTESIAN_POINT('',(6.485967466269,-15.71407744638,
    16.626297823257));
#3108 = CARTESIAN_POINT('',(6.484855572652,-15.71453627938,
    16.601643155855));
#3109 = CARTESIAN_POINT('',(6.484014608693,-15.71488324533,
    16.576981735883));
#3110 = CARTESIAN_POINT('',(6.483444467843,-15.71511845174,
    16.552315755118));
#3111 = CARTESIAN_POINT('',(6.483145094897,-15.71524195421,
    16.527647396338));
#3112 = CARTESIAN_POINT('',(6.482884902159,-15.71534929322,16.3032912961
    ));
#3113 = CARTESIAN_POINT('',(6.500396705713,-15.70812493051,
    16.104426944374));
#3114 = CARTESIAN_POINT('',(6.535387523254,-15.69369147121,
    15.906733358845));
#3115 = CARTESIAN_POINT('',(6.588222145758,-15.67176718836,
    15.711104529127));
#3116 = CARTESIAN_POINT('',(6.659413044756,-15.64189031695,
    15.518892454435));
#3117 = CARTESIAN_POINT('',(6.749597131105,-15.60337444986,
    15.331932319811));
#3118 = CARTESIAN_POINT('',(6.85935084591,-15.55537426087,
    15.152520781516));
#3119 = CARTESIAN_POINT('',(7.02356272939,-15.48131030276,
    14.939343766897));
#3120 = CARTESIAN_POINT('',(7.059080853458,-15.46518723482,
    14.895777890868));
#3121 = CARTESIAN_POINT('',(7.095990692437,-15.44831805544,
    14.853016040664));
#3122 = CARTESIAN_POINT('',(7.13429365028,-15.43068585056,
    14.811127110876));
#3123 = CARTESIAN_POINT('',(7.173983451154,-15.41227618648,
    14.770189163716));
#3124 = CARTESIAN_POINT('',(7.215044129879,-15.39307834546,
    14.730288108761));
#3125 = CARTESIAN_POINT('',(7.257448022379,-15.37308656134,
    14.691516382694));
#3126 = CARTESIAN_POINT('',(7.329829506699,-15.33866381668,
    14.629338156526));
#3127 = CARTESIAN_POINT('',(7.359063723443,-15.32468572026,
    14.605234506653));
#3128 = CARTESIAN_POINT('',(7.388843769146,-15.31036761734,
    14.58168866336));
#3129 = CARTESIAN_POINT('',(7.419152539984,-15.29571223898,
    14.558731007572));
#3130 = CARTESIAN_POINT('',(7.449968030795,-15.28072476774,
    14.536393533762));
#3131 = CARTESIAN_POINT('',(7.481262900356,-15.26541320941,
    14.514709066515));
#3132 = CARTESIAN_POINT('',(7.513004036657,-15.24978876485,
    14.493710477098));
#3133 = CARTESIAN_POINT('',(7.588246471036,-15.21252208507,
    14.446243887236));
#3134 = CARTESIAN_POINT('',(7.632081136676,-15.19063778949,
    14.42034237483));
#3135 = CARTESIAN_POINT('',(7.676549113858,-15.16825494882,
    14.395811526597));
#3136 = CARTESIAN_POINT('',(7.721525330693,-15.14542603956,
    14.372731059226));
#3137 = CARTESIAN_POINT('',(7.76686834629,-15.12221460137,14.35116826285
    ));
#3138 = CARTESIAN_POINT('',(7.812423961581,-15.09869416527,
    14.331173351978));
#3139 = CARTESIAN_POINT('',(7.85803074332,-15.07494588937,
    14.312776146829));
#3140 = CARTESIAN_POINT('',(7.943666730033,-15.02997718937,
    14.281169366287));
#3141 = CARTESIAN_POINT('',(7.983730541888,-15.0087830348,
    14.267600244419));
#3142 = CARTESIAN_POINT('',(8.023606789432,-14.9875314242,
    14.255283684215));
#3143 = CARTESIAN_POINT('',(8.063205963565,-14.96627201054,
    14.244204294494));
#3144 = CARTESIAN_POINT('',(8.102464153842,-14.94504260315,
    14.234330922327));
#3145 = CARTESIAN_POINT('',(8.141343662712,-14.92386797626,
    14.225622858533));
#3146 = CARTESIAN_POINT('',(8.179831233637,-14.9027599968,
    14.218035654459));
#3147 = CARTESIAN_POINT('',(8.253809978232,-14.86190769811,
    14.205397812959));
#3148 = CARTESIAN_POINT('',(8.289347459822,-14.84215429073,
    14.200224551491));
#3149 = CARTESIAN_POINT('',(8.324564512768,-14.8224524874,
    14.195968509911));
#3150 = CARTESIAN_POINT('',(8.359494904975,-14.80278675379,
    14.192595290826));
#3151 = CARTESIAN_POINT('',(8.394185151273,-14.78313369002,
    14.190076289754));
#3152 = CARTESIAN_POINT('',(8.428691667337,-14.7634633373,
    14.188390629659));
#3153 = CARTESIAN_POINT('',(8.463077923607,-14.74374048452,
    14.187527095487));
#3154 = CARTESIAN_POINT('',(8.532234760628,-14.70382897518,
    14.187444457032));
#3155 = CARTESIAN_POINT('',(8.566997617589,-14.6836412711,14.18824898728
    ));
#3156 = CARTESIAN_POINT('',(8.6017710816,-14.66332211651,14.1898984682)
  );
#3157 = CARTESIAN_POINT('',(8.636620432873,-14.64283240296,
    14.192404030174));
#3158 = CARTESIAN_POINT('',(8.671602587327,-14.62213659282,
    14.195787082301));
#3159 = CARTESIAN_POINT('',(8.706763363603,-14.60120465256,
    14.200077269482));
#3160 = CARTESIAN_POINT('',(8.742134750072,-14.580013986,14.205310429493
    ));
#3161 = CARTESIAN_POINT('',(8.815007403448,-14.53607715342,
    14.21803565446));
#3162 = CARTESIAN_POINT('',(8.852533187232,-14.51330314491,
    14.225622858533));
#3163 = CARTESIAN_POINT('',(8.890312684599,-14.49022305364,
    14.234330922328));
#3164 = CARTESIAN_POINT('',(8.928328989724,-14.4668424252,
    14.244204294495));
#3165 = CARTESIAN_POINT('',(8.966541796994,-14.44318151605,
    14.255283684215));
#3166 = CARTESIAN_POINT('',(9.004886404214,-14.41927676405,
    14.26760024442));
#3167 = CARTESIAN_POINT('',(9.043275051597,-14.39518085235,
    14.281169366288));
#3168 = CARTESIAN_POINT('',(9.125041510138,-14.34350926966,
    14.312776146831));
#3169 = CARTESIAN_POINT('',(9.168413878343,-14.31589049299,
    14.331173351979));
#3170 = CARTESIAN_POINT('',(9.211563354239,-14.28820208876,
    14.351168262851));
#3171 = CARTESIAN_POINT('',(9.254338927716,-14.26054327027,
    14.372731059228));
#3172 = CARTESIAN_POINT('',(9.296599811213,-14.23301080025,
    14.395811526598));
#3173 = CARTESIAN_POINT('',(9.338220249537,-14.2056953895,
    14.420342374831));
#3174 = CARTESIAN_POINT('',(9.379092253751,-14.17867910596,
    14.446243887237));
#3175 = CARTESIAN_POINT('',(9.44899134962,-14.13215657648,14.4937104771)
  );
#3176 = CARTESIAN_POINT('',(9.47839476986,-14.11248268821,
    14.514709066517));
#3177 = CARTESIAN_POINT('',(9.507304069593,-14.09303879281,
    14.536393533764));
#3178 = CARTESIAN_POINT('',(9.53569299061,-14.07384796344,
    14.558731007574));
#3179 = CARTESIAN_POINT('',(9.563540927388,-14.05492987364,
    14.581688663363));
#3180 = CARTESIAN_POINT('',(9.59083238772,-14.03630098784,
    14.605234506655));
#3181 = CARTESIAN_POINT('',(9.617556453357,-14.0179747519,
    14.629338156529));
#3182 = CARTESIAN_POINT('',(9.683562063687,-13.97250757662,
    14.691516382697));
#3183 = CARTESIAN_POINT('',(9.722079693235,-13.94578392145,
    14.730288108764));
#3184 = CARTESIAN_POINT('',(9.759238075338,-13.91982643551,
    14.770189163719));
#3185 = CARTESIAN_POINT('',(9.795028369297,-13.89466195889,
    14.811127110879));
#3186 = CARTESIAN_POINT('',(9.829451872709,-13.87030967683,
    14.853016040667));
#3187 = CARTESIAN_POINT('',(9.862517946528,-13.84678224203,
    14.895777890871));
#3188 = CARTESIAN_POINT('',(9.894241940116,-13.82408689696,
    14.939343766901));
#3189 = CARTESIAN_POINT('',(9.984127223847,-13.75945389327,
    15.070356833308));
#3190 = CARTESIAN_POINT('',(10.038523050322,-13.71989550553,
    15.159877285244));
#3191 = CARTESIAN_POINT('',(10.087991843474,-13.68356303113,
    15.251785041938));
#3192 = CARTESIAN_POINT('',(10.13268605061,-13.65045554497,
    15.345700875361));
#3193 = CARTESIAN_POINT('',(10.17275247385,-13.62055871771,
    15.441295882095));
#3194 = CARTESIAN_POINT('',(10.208330006507,-13.59384794781,
    15.538291683424));
#3195 = CARTESIAN_POINT('',(10.239543905977,-13.57029418444,
    15.636461892148));
#3196 = CARTESIAN_POINT('',(10.298542092048,-13.52559229858,
    15.853528980418));
#3197 = CARTESIAN_POINT('',(10.324550968769,-13.505749526,
    15.972783085642));
#3198 = CARTESIAN_POINT('',(10.34470254642,-13.49029720732,
    16.093076289038));
#3199 = CARTESIAN_POINT('',(10.359117056784,-13.4792069443,
    16.214108329671));
#3200 = CARTESIAN_POINT('',(10.367872590509,-13.47245970508,
    16.335596275984));
#3201 = CARTESIAN_POINT('',(10.371011016138,-13.470043379,
    16.457272983044));
#3202 = CARTESIAN_POINT('',(10.368534833388,-13.47195571606,
    16.578886332791));
#3203 = CARTESIAN_POINT('',(10.360394960658,-13.47821265076,
    16.700199257289));
#3204 = ORIENTED_EDGE('',*,*,#3205,.F.);
#3205 = EDGE_CURVE('',#1029,#3101,#3206,.T.);
#3206 = B_SPLINE_CURVE_WITH_KNOTS('',6,(#3207,#3208,#3209,#3210,#3211,
    #3212,#3213,#3214,#3215,#3216,#3217,#3218,#3219,#3220,#3221,#3222,
    #3223,#3224,#3225,#3226,#3227,#3228,#3229,#3230,#3231,#3232,#3233,
    #3234,#3235,#3236,#3237,#3238),.UNSPECIFIED.,.F.,.F.,(7,5,5,5,5,5,7)
  ,(0.,0.111327765313,0.216350525642,0.378919475525,0.514897572185,
    0.838574924806,1.),.UNSPECIFIED.);
#3207 = CARTESIAN_POINT('',(10.532999032066,-15.57228086667,18.5));
#3208 = CARTESIAN_POINT('',(10.562331360342,-15.52478929943,
    18.477096029866));
#3209 = CARTESIAN_POINT('',(10.590074118424,-15.47700401043,
    18.453223589601));
#3210 = CARTESIAN_POINT('',(10.61618698261,-15.4290352694,
    18.428438260908));
#3211 = CARTESIAN_POINT('',(10.640649452719,-15.3809839681,
    18.402797540565));
#3212 = CARTESIAN_POINT('',(10.663456428604,-15.3329402492,
    18.376358079365));
#3213 = CARTESIAN_POINT('',(10.704572905881,-15.2397401102,
    18.323527383665));
#3214 = CARTESIAN_POINT('',(10.723063806374,-15.19457463083,
    18.297218424784));
#3215 = CARTESIAN_POINT('',(10.740091719187,-15.14955089564,
    18.270290447263));
#3216 = CARTESIAN_POINT('',(10.755669623757,-15.1047263627,
    18.242785966842));
#3217 = CARTESIAN_POINT('',(10.769815874039,-15.06015103319,
    18.214744786579));
#3218 = CARTESIAN_POINT('',(10.802266314256,-14.94731983902,
    18.142022458357));
#3219 = CARTESIAN_POINT('',(10.818600746173,-14.87947439581,
    18.096644383679));
#3220 = CARTESIAN_POINT('',(10.831636058059,-14.81248761331,
    18.050202118341));
#3221 = CARTESIAN_POINT('',(10.841465901424,-14.74648714695,
    18.002816222908));
#3222 = CARTESIAN_POINT('',(10.848188008053,-14.68157568131,
    17.954593090322));
#3223 = CARTESIAN_POINT('',(10.854996673663,-14.5645192693,
    17.864663495698));
#3224 = CARTESIAN_POINT('',(10.855988694982,-14.51202423921,
    17.82318240984));
#3225 = CARTESIAN_POINT('',(10.854926436234,-14.46039783105,
    17.781233967079));
#3226 = CARTESIAN_POINT('',(10.851862805484,-14.40968195862,
    17.738867575333));
#3227 = CARTESIAN_POINT('',(10.846847745406,-14.35991287612,
    17.696128210238));
#3228 = CARTESIAN_POINT('',(10.823453701345,-14.1949820089,
    17.55052985423));
#3229 = CARTESIAN_POINT('',(10.796185809174,-14.08440210756,
    17.446135004998));
#3230 = CARTESIAN_POINT('',(10.758745045691,-13.97977744601,
    17.340396836032));
#3231 = CARTESIAN_POINT('',(10.711620971455,-13.88145944585,
    17.233784800239));
#3232 = CARTESIAN_POINT('',(10.655202491292,-13.78975919913,
    17.126726568713));
#3233 = CARTESIAN_POINT('',(10.557043875798,-13.66272419702,
    16.966186836692));
#3234 = CARTESIAN_POINT('',(10.522125794386,-13.62218113574,
    16.912755208769));
#3235 = CARTESIAN_POINT('',(10.484983190294,-13.58340982793,
    16.859365450309));
#3236 = CARTESIAN_POINT('',(10.445639616694,-13.54645579653,
    16.806071434954));
#3237 = CARTESIAN_POINT('',(10.404111674972,-13.51136860212,
    16.752929743133));
#3238 = CARTESIAN_POINT('',(10.360408323744,-13.47820237885,16.7));
#3239 = SPHERICAL_SURFACE('',#3240,2.52);
#3240 = AXIS2_PLACEMENT_3D('',#3241,#3242,#3243);
#3241 = CARTESIAN_POINT('',(9.,-15.59,16.5));
#3242 = DIRECTION('',(0.,0.,1.));
#3243 = DIRECTION('',(1.,0.,0.));
#3244 = ADVANCED_FACE('',(#3245),#3257,.F.);
#3245 = FACE_BOUND('',#3246,.T.);
#3246 = EDGE_LOOP('',(#3247,#3248,#3249,#3250));
#3247 = ORIENTED_EDGE('',*,*,#3205,.F.);
#3248 = ORIENTED_EDGE('',*,*,#1028,.T.);
#3249 = ORIENTED_EDGE('',*,*,#2624,.T.);
#3250 = ORIENTED_EDGE('',*,*,#3251,.F.);
#3251 = EDGE_CURVE('',#3101,#2625,#3252,.T.);
#3252 = CIRCLE('',#3253,17.);
#3253 = AXIS2_PLACEMENT_3D('',#3254,#3255,#3256);
#3254 = CARTESIAN_POINT('',(-3.552713678801E-15,7.105427357601E-15,16.7)
  );
#3255 = DIRECTION('',(-1.1E-16,3.3E-16,1.));
#3256 = DIRECTION('',(1.,-6.E-17,1.1E-16));
#3257 = CONICAL_SURFACE('',#3258,17.,0.785398163397);
#3258 = AXIS2_PLACEMENT_3D('',#3259,#3260,#3261);
#3259 = CARTESIAN_POINT('',(-3.552713678801E-15,7.105427357601E-15,16.7)
  );
#3260 = DIRECTION('',(-1.1E-16,3.3E-16,1.));
#3261 = DIRECTION('',(1.,-6.E-17,1.1E-16));
#3262 = ADVANCED_FACE('',(#3263),#3282,.F.);
#3263 = FACE_BOUND('',#3264,.T.);
#3264 = EDGE_LOOP('',(#3265,#3273,#3274,#3275));
#3265 = ORIENTED_EDGE('',*,*,#3266,.F.);
#3266 = EDGE_CURVE('',#1131,#3267,#3269,.T.);
#3267 = VERTEX_POINT('',#3268);
#3268 = CARTESIAN_POINT('',(26.9,-44.77893653003,3.));
#3269 = LINE('',#3270,#3271);
#3270 = CARTESIAN_POINT('',(26.9,-44.77893653003,3.));
#3271 = VECTOR('',#3272,1.);
#3272 = DIRECTION('',(-0.707106781187,-0.707106781187,0.));
#3273 = ORIENTED_EDGE('',*,*,#1130,.T.);
#3274 = ORIENTED_EDGE('',*,*,#3266,.T.);
#3275 = ORIENTED_EDGE('',*,*,#3276,.F.);
#3276 = EDGE_CURVE('',#3267,#3267,#3277,.T.);
#3277 = CIRCLE('',#3278,1.05);
#3278 = AXIS2_PLACEMENT_3D('',#3279,#3280,#3281);
#3279 = CARTESIAN_POINT('',(26.9,-45.82893653003,3.));
#3280 = DIRECTION('',(1.,0.,0.));
#3281 = DIRECTION('',(0.,1.,0.));
#3282 = CONICAL_SURFACE('',#3283,1.05,0.785398163397);
#3283 = AXIS2_PLACEMENT_3D('',#3284,#3285,#3286);
#3284 = CARTESIAN_POINT('',(26.9,-45.82893653003,3.));
#3285 = DIRECTION('',(1.,-0.,-0.));
#3286 = DIRECTION('',(0.,1.,0.));
#3287 = ADVANCED_FACE('',(#3288),#3294,.T.);
#3288 = FACE_BOUND('',#3289,.F.);
#3289 = EDGE_LOOP('',(#3290,#3291,#3292,#3293));
#3290 = ORIENTED_EDGE('',*,*,#1191,.T.);
#3291 = ORIENTED_EDGE('',*,*,#2437,.T.);
#3292 = ORIENTED_EDGE('',*,*,#2588,.F.);
#3293 = ORIENTED_EDGE('',*,*,#1150,.F.);
#3294 = CYLINDRICAL_SURFACE('',#3295,4.);
#3295 = AXIS2_PLACEMENT_3D('',#3296,#3297,#3298);
#3296 = CARTESIAN_POINT('',(24.,-49.46085662275,4.612330310586));
#3297 = DIRECTION('',(0.,0.93969268139,0.342019976818));
#3298 = DIRECTION('',(1.,0.,0.));
#3299 = ADVANCED_FACE('',(#3300,#3312,#3315),#3318,.T.);
#3300 = FACE_BOUND('',#3301,.T.);
#3301 = EDGE_LOOP('',(#3302,#3303,#3304,#3310,#3311));
#3302 = ORIENTED_EDGE('',*,*,#1342,.F.);
#3303 = ORIENTED_EDGE('',*,*,#1223,.F.);
#3304 = ORIENTED_EDGE('',*,*,#3305,.F.);
#3305 = EDGE_CURVE('',#1461,#1224,#3306,.T.);
#3306 = LINE('',#3307,#3308);
#3307 = CARTESIAN_POINT('',(-26.,16.171572875254,2.));
#3308 = VECTOR('',#3309,1.);
#3309 = DIRECTION('',(0.707106781187,0.707106781187,0.));
#3310 = ORIENTED_EDGE('',*,*,#1460,.F.);
#3311 = ORIENTED_EDGE('',*,*,#1365,.F.);
#3312 = FACE_BOUND('',#3313,.T.);
#3313 = EDGE_LOOP('',(#3314));
#3314 = ORIENTED_EDGE('',*,*,#2331,.T.);
#3315 = FACE_BOUND('',#3316,.T.);
#3316 = EDGE_LOOP('',(#3317));
#3317 = ORIENTED_EDGE('',*,*,#2356,.T.);
#3318 = PLANE('',#3319);
#3319 = AXIS2_PLACEMENT_3D('',#3320,#3321,#3322);
#3320 = CARTESIAN_POINT('',(6.916152946521,-5.253991477964,2.));
#3321 = DIRECTION('',(0.,0.,1.));
#3322 = DIRECTION('',(1.,0.,0.));
#3323 = ADVANCED_FACE('',(#3324),#3335,.T.);
#3324 = FACE_BOUND('',#3325,.F.);
#3325 = EDGE_LOOP('',(#3326,#3332,#3333,#3334));
#3326 = ORIENTED_EDGE('',*,*,#3327,.F.);
#3327 = EDGE_CURVE('',#1234,#1391,#3328,.T.);
#3328 = LINE('',#3329,#3330);
#3329 = CARTESIAN_POINT('',(-20.58578643762,21.585786437627,14.5));
#3330 = VECTOR('',#3331,1.);
#3331 = DIRECTION('',(-0.707106781187,-0.707106781187,1.6E-16));
#3332 = ORIENTED_EDGE('',*,*,#1233,.F.);
#3333 = ORIENTED_EDGE('',*,*,#3305,.F.);
#3334 = ORIENTED_EDGE('',*,*,#1468,.F.);
#3335 = PLANE('',#3336);
#3336 = AXIS2_PLACEMENT_3D('',#3337,#3338,#3339);
#3337 = CARTESIAN_POINT('',(-23.58578643762,18.585786437627,18.5));
#3338 = DIRECTION('',(0.707106781187,-0.707106781187,-1.E-17));
#3339 = DIRECTION('',(7.071067811865E-18,-7.071067811865E-18,1.));
#3340 = ADVANCED_FACE('',(#3341),#3368,.F.);
#3341 = FACE_BOUND('',#3342,.F.);
#3342 = EDGE_LOOP('',(#3343,#3352,#3360,#3367));
#3343 = ORIENTED_EDGE('',*,*,#3344,.T.);
#3344 = EDGE_CURVE('',#1234,#3345,#3347,.T.);
#3345 = VERTEX_POINT('',#3346);
#3346 = CARTESIAN_POINT('',(-20.3431457505,19.,16.5));
#3347 = ELLIPSE('',#3348,2.164784400585,2.);
#3348 = AXIS2_PLACEMENT_3D('',#3349,#3350,#3351);
#3349 = CARTESIAN_POINT('',(-20.3431457505,19.,14.5));
#3350 = DIRECTION('',(0.923879532511,0.382683432365,-2.E-17));
#3351 = DIRECTION('',(0.382683432365,-0.923879532511,3.5E-16));
#3352 = ORIENTED_EDGE('',*,*,#3353,.T.);
#3353 = EDGE_CURVE('',#3345,#3354,#3356,.T.);
#3354 = VERTEX_POINT('',#3355);
#3355 = CARTESIAN_POINT('',(5.091029252354,19.,16.5));
#3356 = LINE('',#3357,#3358);
#3357 = CARTESIAN_POINT('',(-22.,19.,16.5));
#3358 = VECTOR('',#3359,1.);
#3359 = DIRECTION('',(1.,-2.2E-16,0.));
#3360 = ORIENTED_EDGE('',*,*,#3361,.T.);
#3361 = EDGE_CURVE('',#3354,#1242,#3362,.T.);
#3362 = ELLIPSE('',#3363,2.07055167262,2.);
#3363 = AXIS2_PLACEMENT_3D('',#3364,#3365,#3366);
#3364 = CARTESIAN_POINT('',(5.091029252354,19.,14.5));
#3365 = DIRECTION('',(-0.965926147339,0.258817846925,-5.281246564545E-33
    ));
#3366 = DIRECTION('',(0.258817846925,0.965926147339,4.3E-16));
#3367 = ORIENTED_EDGE('',*,*,#1241,.F.);
#3368 = CYLINDRICAL_SURFACE('',#3369,2.);
#3369 = AXIS2_PLACEMENT_3D('',#3370,#3371,#3372);
#3370 = CARTESIAN_POINT('',(-22.,19.,14.5));
#3371 = DIRECTION('',(1.,-2.2E-16,0.));
#3372 = DIRECTION('',(2.2E-16,1.,0.));
#3373 = ADVANCED_FACE('',(#3374),#3400,.T.);
#3374 = FACE_BOUND('',#3375,.T.);
#3375 = EDGE_LOOP('',(#3376,#3384,#3385,#3386,#3394));
#3376 = ORIENTED_EDGE('',*,*,#3377,.F.);
#3377 = EDGE_CURVE('',#3354,#3378,#3380,.T.);
#3378 = VERTEX_POINT('',#3379);
#3379 = CARTESIAN_POINT('',(4.399921924322,16.420739540589,16.5));
#3380 = LINE('',#3381,#3382);
#3381 = CARTESIAN_POINT('',(5.694011168213,21.250370311861,16.5));
#3382 = VECTOR('',#3383,1.);
#3383 = DIRECTION('',(-0.258817846925,-0.965926147339,0.));
#3384 = ORIENTED_EDGE('',*,*,#3361,.T.);
#3385 = ORIENTED_EDGE('',*,*,#1249,.F.);
#3386 = ORIENTED_EDGE('',*,*,#3387,.T.);
#3387 = EDGE_CURVE('',#1250,#3388,#3390,.T.);
#3388 = VERTEX_POINT('',#3389);
#3389 = CARTESIAN_POINT('',(4.399921924322,16.420739540589,12.5));
#3390 = LINE('',#3391,#3392);
#3391 = CARTESIAN_POINT('',(5.694011168213,21.250370311861,12.5));
#3392 = VECTOR('',#3393,1.);
#3393 = DIRECTION('',(-0.258817846925,-0.965926147339,0.));
#3394 = ORIENTED_EDGE('',*,*,#3395,.F.);
#3395 = EDGE_CURVE('',#3378,#3388,#3396,.T.);
#3396 = LINE('',#3397,#3398);
#3397 = CARTESIAN_POINT('',(4.399921924322,16.420739540589,16.5));
#3398 = VECTOR('',#3399,1.);
#3399 = DIRECTION('',(0.,0.,-1.));
#3400 = PLANE('',#3401);
#3401 = AXIS2_PLACEMENT_3D('',#3402,#3403,#3404);
#3402 = CARTESIAN_POINT('',(5.694011168213,21.250370311861,16.5));
#3403 = DIRECTION('',(-0.965926147339,0.258817846925,0.));
#3404 = DIRECTION('',(-0.258817846925,-0.965926147339,0.));
#3405 = ADVANCED_FACE('',(#3406),#3434,.F.);
#3406 = FACE_BOUND('',#3407,.F.);
#3407 = EDGE_LOOP('',(#3408,#3409,#3410,#3419,#3427));
#3408 = ORIENTED_EDGE('',*,*,#1257,.F.);
#3409 = ORIENTED_EDGE('',*,*,#3387,.T.);
#3410 = ORIENTED_EDGE('',*,*,#3411,.T.);
#3411 = EDGE_CURVE('',#3388,#3412,#3414,.T.);
#3412 = VERTEX_POINT('',#3413);
#3413 = CARTESIAN_POINT('',(12.020816628917,12.020813931426,12.5));
#3414 = CIRCLE('',#3415,17.);
#3415 = AXIS2_PLACEMENT_3D('',#3416,#3417,#3418);
#3416 = CARTESIAN_POINT('',(-1.7763568394E-15,5.329070518201E-15,12.5));
#3417 = DIRECTION('',(0.,0.,-1.));
#3418 = DIRECTION('',(1.,0.,0.));
#3419 = ORIENTED_EDGE('',*,*,#3420,.F.);
#3420 = EDGE_CURVE('',#3421,#3412,#3423,.T.);
#3421 = VERTEX_POINT('',#3422);
#3422 = CARTESIAN_POINT('',(15.556347,15.556351422829,12.5));
#3423 = LINE('',#3424,#3425);
#3424 = CARTESIAN_POINT('',(15.556347,15.556351422829,12.5));
#3425 = VECTOR('',#3426,1.);
#3426 = DIRECTION('',(-0.707106069154,-0.707107493218,0.));
#3427 = ORIENTED_EDGE('',*,*,#3428,.F.);
#3428 = EDGE_CURVE('',#1258,#3421,#3429,.T.);
#3429 = CIRCLE('',#3430,22.000000035795);
#3430 = AXIS2_PLACEMENT_3D('',#3431,#3432,#3433);
#3431 = CARTESIAN_POINT('',(-1.7763568394E-15,5.329070518201E-15,12.5));
#3432 = DIRECTION('',(0.,0.,-1.));
#3433 = DIRECTION('',(1.,0.,0.));
#3434 = PLANE('',#3435);
#3435 = AXIS2_PLACEMENT_3D('',#3436,#3437,#3438);
#3436 = CARTESIAN_POINT('',(-7.913757755773E-07,-3.646145900973E-04,12.5
    ));
#3437 = DIRECTION('',(0.,0.,1.));
#3438 = DIRECTION('',(1.,0.,0.));
#3439 = ADVANCED_FACE('',(#3440,#3454,#3464,#3474,#3477),#3480,.T.);
#3440 = FACE_BOUND('',#3441,.T.);
#3441 = EDGE_LOOP('',(#3442,#3443,#3444,#3445,#3446,#3447,#3448));
#3442 = ORIENTED_EDGE('',*,*,#1289,.F.);
#3443 = ORIENTED_EDGE('',*,*,#1916,.T.);
#3444 = ORIENTED_EDGE('',*,*,#1898,.T.);
#3445 = ORIENTED_EDGE('',*,*,#1874,.T.);
#3446 = ORIENTED_EDGE('',*,*,#1850,.T.);
#3447 = ORIENTED_EDGE('',*,*,#1809,.F.);
#3448 = ORIENTED_EDGE('',*,*,#3449,.F.);
#3449 = EDGE_CURVE('',#1282,#1810,#3450,.T.);
#3450 = LINE('',#3451,#3452);
#3451 = CARTESIAN_POINT('',(21.,21.171572875254,2.));
#3452 = VECTOR('',#3453,1.);
#3453 = DIRECTION('',(0.707106781187,-0.707106781187,0.));
#3454 = FACE_BOUND('',#3455,.T.);
#3455 = EDGE_LOOP('',(#3456,#3457,#3458,#3459,#3460,#3461,#3462,#3463));
#3456 = ORIENTED_EDGE('',*,*,#1939,.T.);
#3457 = ORIENTED_EDGE('',*,*,#2110,.T.);
#3458 = ORIENTED_EDGE('',*,*,#2093,.T.);
#3459 = ORIENTED_EDGE('',*,*,#2068,.T.);
#3460 = ORIENTED_EDGE('',*,*,#2044,.T.);
#3461 = ORIENTED_EDGE('',*,*,#2019,.T.);
#3462 = ORIENTED_EDGE('',*,*,#1995,.T.);
#3463 = ORIENTED_EDGE('',*,*,#1970,.T.);
#3464 = FACE_BOUND('',#3465,.T.);
#3465 = EDGE_LOOP('',(#3466,#3467,#3468,#3469,#3470,#3471,#3472,#3473));
#3466 = ORIENTED_EDGE('',*,*,#2135,.T.);
#3467 = ORIENTED_EDGE('',*,*,#2306,.T.);
#3468 = ORIENTED_EDGE('',*,*,#2289,.T.);
#3469 = ORIENTED_EDGE('',*,*,#2264,.T.);
#3470 = ORIENTED_EDGE('',*,*,#2240,.T.);
#3471 = ORIENTED_EDGE('',*,*,#2215,.T.);
#3472 = ORIENTED_EDGE('',*,*,#2191,.T.);
#3473 = ORIENTED_EDGE('',*,*,#2166,.T.);
#3474 = FACE_BOUND('',#3475,.T.);
#3475 = EDGE_LOOP('',(#3476));
#3476 = ORIENTED_EDGE('',*,*,#2381,.T.);
#3477 = FACE_BOUND('',#3478,.T.);
#3478 = EDGE_LOOP('',(#3479));
#3479 = ORIENTED_EDGE('',*,*,#2406,.T.);
#3480 = PLANE('',#3481);
#3481 = AXIS2_PLACEMENT_3D('',#3482,#3483,#3484);
#3482 = CARTESIAN_POINT('',(6.916152946521,-5.253991477964,2.));
#3483 = DIRECTION('',(0.,0.,1.));
#3484 = DIRECTION('',(1.,0.,0.));
#3485 = ADVANCED_FACE('',(#3486),#3548,.T.);
#3486 = FACE_BOUND('',#3487,.F.);
#3487 = EDGE_LOOP('',(#3488,#3499,#3540,#3541,#3542));
#3488 = ORIENTED_EDGE('',*,*,#3489,.F.);
#3489 = EDGE_CURVE('',#3490,#3492,#3494,.T.);
#3490 = VERTEX_POINT('',#3491);
#3491 = CARTESIAN_POINT('',(11.090536577413,19.,16.5));
#3492 = VERTEX_POINT('',#3493);
#3493 = CARTESIAN_POINT('',(15.556347,15.556351422829,16.5));
#3494 = CIRCLE('',#3495,22.000000035795);
#3495 = AXIS2_PLACEMENT_3D('',#3496,#3497,#3498);
#3496 = CARTESIAN_POINT('',(-1.7763568394E-15,5.329070518201E-15,16.5));
#3497 = DIRECTION('',(0.,0.,-1.));
#3498 = DIRECTION('',(1.,0.,0.));
#3499 = ORIENTED_EDGE('',*,*,#3500,.F.);
#3500 = EDGE_CURVE('',#1266,#3490,#3501,.T.);
#3501 = B_SPLINE_CURVE_WITH_KNOTS('',7,(#3502,#3503,#3504,#3505,#3506,
    #3507,#3508,#3509,#3510,#3511,#3512,#3513,#3514,#3515,#3516,#3517,
    #3518,#3519,#3520,#3521,#3522,#3523,#3524,#3525,#3526,#3527,#3528,
    #3529,#3530,#3531,#3532,#3533,#3534,#3535,#3536,#3537,#3538,#3539),
  .UNSPECIFIED.,.F.,.F.,(8,6,6,6,6,6,8),(0.,5.608659059203E-02,
    9.579409604433E-02,0.160727845244,0.38239097631,0.645394078506,1.),
  .UNSPECIFIED.);
#3502 = CARTESIAN_POINT('',(6.557438644392,21.,14.5));
#3503 = CARTESIAN_POINT('',(6.557438644392,21.,14.541584638686));
#3504 = CARTESIAN_POINT('',(6.560669131716,20.998991156407,
    14.583044630583));
#3505 = CARTESIAN_POINT('',(6.567095214067,20.996984736502,
    14.624194435671));
#3506 = CARTESIAN_POINT('',(6.576595091863,20.994014859707,
    14.664846308251));
#3507 = CARTESIAN_POINT('',(6.58895921232,20.990140347636,14.70480547195
    ));
#3508 = CARTESIAN_POINT('',(6.603889423514,20.985446574156,
    14.743865294725));
#3509 = CARTESIAN_POINT('',(6.633110542289,20.976224813603,
    14.808660761642));
#3510 = CARTESIAN_POINT('',(6.646342326104,20.972040146164,
    14.835017203916));
#3511 = CARTESIAN_POINT('',(6.660602405383,20.967518908833,
    14.860871204476));
#3512 = CARTESIAN_POINT('',(6.675802294083,20.962686072802,
    14.886222151579));
#3513 = CARTESIAN_POINT('',(6.69185609465,20.957565984736,
    14.911069407956));
#3514 = CARTESIAN_POINT('',(6.708680498015,20.952182366776,
    14.935412310812));
#3515 = CARTESIAN_POINT('',(6.754835923719,20.937361297897,
    14.998232265289));
#3516 = CARTESIAN_POINT('',(6.78535322708,20.927511463121,
    15.035906222327));
#3517 = CARTESIAN_POINT('',(6.817449466538,20.917092105179,
    15.072330052172));
#3518 = CARTESIAN_POINT('',(6.850877888307,20.906172626829,
    15.107569425581));
#3519 = CARTESIAN_POINT('',(6.885442146576,20.894808012897,
    15.141697543882));
#3520 = CARTESIAN_POINT('',(6.920996238118,20.883038302567,
    15.174795008012));
#3521 = CARTESIAN_POINT('',(7.081866974719,20.829411010421,
    15.316715518651));
#3522 = CARTESIAN_POINT('',(7.218446443531,20.782920080759,
    15.417028245227));
#3523 = CARTESIAN_POINT('',(7.361351338969,20.733011100173,
    15.508589184493));
#3524 = CARTESIAN_POINT('',(7.506973850491,20.680760969807,
    15.592367287918));
#3525 = CARTESIAN_POINT('',(7.654023074514,20.626627173868,
    15.669664088357));
#3526 = CARTESIAN_POINT('',(7.803298229975,20.570264544231,
    15.742001124494));
#3527 = CARTESIAN_POINT('',(8.139769897923,20.439728538017,
    15.892430550237));
#3528 = CARTESIAN_POINT('',(8.325775624459,20.36538504298,
    15.967707449334));
#3529 = CARTESIAN_POINT('',(8.513571548223,20.287985981104,
    16.036973125349));
#3530 = CARTESIAN_POINT('',(8.702350072562,20.207773026789,
    16.100587175529));
#3531 = CARTESIAN_POINT('',(8.891896897669,20.124775400046,
    16.158869071275));
#3532 = CARTESIAN_POINT('',(9.082372152584,20.038842831528,
    16.212034630127));
#3533 = CARTESIAN_POINT('',(9.532609705901,19.82953912444,
    16.324968782621));
#3534 = CARTESIAN_POINT('',(9.792344308587,19.704042766469,
    16.380324480371));
#3535 = CARTESIAN_POINT('',(10.052646730142,19.573328065852,
    16.426074168402));
#3536 = CARTESIAN_POINT('',(10.313106591145,19.437440206488,
    16.461803809101));
#3537 = CARTESIAN_POINT('',(10.573339029511,19.29642526069,
    16.486795077642));
#3538 = CARTESIAN_POINT('',(10.832785266291,19.150452649678,16.5));
#3539 = CARTESIAN_POINT('',(11.090536577414,19.,16.5));
#3540 = ORIENTED_EDGE('',*,*,#1265,.F.);
#3541 = ORIENTED_EDGE('',*,*,#3428,.T.);
#3542 = ORIENTED_EDGE('',*,*,#3543,.F.);
#3543 = EDGE_CURVE('',#3492,#3421,#3544,.T.);
#3544 = LINE('',#3545,#3546);
#3545 = CARTESIAN_POINT('',(15.556347,15.556351422829,16.5));
#3546 = VECTOR('',#3547,1.);
#3547 = DIRECTION('',(0.,0.,-1.));
#3548 = CYLINDRICAL_SURFACE('',#3549,22.000000035795);
#3549 = AXIS2_PLACEMENT_3D('',#3550,#3551,#3552);
#3550 = CARTESIAN_POINT('',(-1.7763568394E-15,5.329070518201E-15,16.5));
#3551 = DIRECTION('',(0.,0.,1.));
#3552 = DIRECTION('',(1.,0.,0.));
#3553 = ADVANCED_FACE('',(#3554),#3565,.F.);
#3554 = FACE_BOUND('',#3555,.T.);
#3555 = EDGE_LOOP('',(#3556,#3562,#3563,#3564));
#3556 = ORIENTED_EDGE('',*,*,#3557,.F.);
#3557 = EDGE_CURVE('',#1274,#1786,#3558,.T.);
#3558 = LINE('',#3559,#3560);
#3559 = CARTESIAN_POINT('',(20.585786437627,21.585786437627,14.5));
#3560 = VECTOR('',#3561,1.);
#3561 = DIRECTION('',(0.707106781187,-0.707106781187,1.6E-16));
#3562 = ORIENTED_EDGE('',*,*,#1281,.F.);
#3563 = ORIENTED_EDGE('',*,*,#3449,.T.);
#3564 = ORIENTED_EDGE('',*,*,#1817,.T.);
#3565 = PLANE('',#3566);
#3566 = AXIS2_PLACEMENT_3D('',#3567,#3568,#3569);
#3567 = CARTESIAN_POINT('',(23.585786437627,18.585786437627,18.5));
#3568 = DIRECTION('',(0.707106781187,0.707106781187,1.E-17));
#3569 = DIRECTION('',(-7.071067811865E-18,-7.071067811865E-18,1.));
#3570 = ADVANCED_FACE('',(#3571),#3590,.F.);
#3571 = FACE_BOUND('',#3572,.F.);
#3572 = EDGE_LOOP('',(#3573,#3574,#3582,#3589));
#3573 = ORIENTED_EDGE('',*,*,#3500,.T.);
#3574 = ORIENTED_EDGE('',*,*,#3575,.T.);
#3575 = EDGE_CURVE('',#3490,#3576,#3578,.T.);
#3576 = VERTEX_POINT('',#3577);
#3577 = CARTESIAN_POINT('',(20.343145750508,19.,16.5));
#3578 = LINE('',#3579,#3580);
#3579 = CARTESIAN_POINT('',(-22.,19.,16.5));
#3580 = VECTOR('',#3581,1.);
#3581 = DIRECTION('',(1.,-2.2E-16,0.));
#3582 = ORIENTED_EDGE('',*,*,#3583,.F.);
#3583 = EDGE_CURVE('',#1274,#3576,#3584,.T.);
#3584 = ELLIPSE('',#3585,2.164784400585,2.);
#3585 = AXIS2_PLACEMENT_3D('',#3586,#3587,#3588);
#3586 = CARTESIAN_POINT('',(20.343145750508,19.,14.5));
#3587 = DIRECTION('',(0.923879532511,-0.382683432365,2.3E-16));
#3588 = DIRECTION('',(0.382683432365,0.923879532511,-2.6E-16));
#3589 = ORIENTED_EDGE('',*,*,#1273,.F.);
#3590 = CYLINDRICAL_SURFACE('',#3591,2.);
#3591 = AXIS2_PLACEMENT_3D('',#3592,#3593,#3594);
#3592 = CARTESIAN_POINT('',(-22.,19.,14.5));
#3593 = DIRECTION('',(1.,-2.2E-16,0.));
#3594 = DIRECTION('',(2.2E-16,1.,0.));
#3595 = ADVANCED_FACE('',(#3596),#3607,.F.);
#3596 = FACE_BOUND('',#3597,.F.);
#3597 = EDGE_LOOP('',(#3598,#3604,#3605,#3606));
#3598 = ORIENTED_EDGE('',*,*,#3599,.F.);
#3599 = EDGE_CURVE('',#2521,#1313,#3600,.T.);
#3600 = LINE('',#3601,#3602);
#3601 = CARTESIAN_POINT('',(15.95,23.,3.));
#3602 = VECTOR('',#3603,1.);
#3603 = DIRECTION('',(0.,-1.,2.22044604925E-16));
#3604 = ORIENTED_EDGE('',*,*,#2530,.F.);
#3605 = ORIENTED_EDGE('',*,*,#3599,.T.);
#3606 = ORIENTED_EDGE('',*,*,#1312,.T.);
#3607 = CYLINDRICAL_SURFACE('',#3608,1.05);
#3608 = AXIS2_PLACEMENT_3D('',#3609,#3610,#3611);
#3609 = CARTESIAN_POINT('',(17.,23.,3.));
#3610 = DIRECTION('',(0.,1.,-2.22044604925E-16));
#3611 = DIRECTION('',(-1.,0.,0.));
#3612 = ADVANCED_FACE('',(#3613),#3624,.F.);
#3613 = FACE_BOUND('',#3614,.F.);
#3614 = EDGE_LOOP('',(#3615,#3621,#3622,#3623));
#3615 = ORIENTED_EDGE('',*,*,#3616,.F.);
#3616 = EDGE_CURVE('',#2564,#1324,#3617,.T.);
#3617 = LINE('',#3618,#3619);
#3618 = CARTESIAN_POINT('',(-18.05,23.,3.));
#3619 = VECTOR('',#3620,1.);
#3620 = DIRECTION('',(0.,-1.,2.22044604925E-16));
#3621 = ORIENTED_EDGE('',*,*,#2573,.F.);
#3622 = ORIENTED_EDGE('',*,*,#3616,.T.);
#3623 = ORIENTED_EDGE('',*,*,#1323,.T.);
#3624 = CYLINDRICAL_SURFACE('',#3625,1.05);
#3625 = AXIS2_PLACEMENT_3D('',#3626,#3627,#3628);
#3626 = CARTESIAN_POINT('',(-17.,23.,3.));
#3627 = DIRECTION('',(0.,1.,-2.22044604925E-16));
#3628 = DIRECTION('',(-1.,0.,0.));
#3629 = ADVANCED_FACE('',(#3630),#3657,.F.);
#3630 = FACE_BOUND('',#3631,.F.);
#3631 = EDGE_LOOP('',(#3632,#3642,#3649,#3650));
#3632 = ORIENTED_EDGE('',*,*,#3633,.T.);
#3633 = EDGE_CURVE('',#3634,#3636,#3638,.T.);
#3634 = VERTEX_POINT('',#3635);
#3635 = CARTESIAN_POINT('',(-24.,-22.64734622128,16.5));
#3636 = VERTEX_POINT('',#3637);
#3637 = CARTESIAN_POINT('',(-24.,15.343145750508,16.5));
#3638 = LINE('',#3639,#3640);
#3639 = CARTESIAN_POINT('',(-24.,-23.,16.5));
#3640 = VECTOR('',#3641,1.);
#3641 = DIRECTION('',(0.,1.,0.));
#3642 = ORIENTED_EDGE('',*,*,#3643,.T.);
#3643 = EDGE_CURVE('',#3636,#1391,#3644,.T.);
#3644 = ELLIPSE('',#3645,2.164784400585,2.);
#3645 = AXIS2_PLACEMENT_3D('',#3646,#3647,#3648);
#3646 = CARTESIAN_POINT('',(-24.,15.343145750508,14.5));
#3647 = DIRECTION('',(-0.382683432365,-0.923879532511,1.4E-16));
#3648 = DIRECTION('',(-0.923879532511,0.382683432365,6.E-17));
#3649 = ORIENTED_EDGE('',*,*,#1388,.F.);
#3650 = ORIENTED_EDGE('',*,*,#3651,.T.);
#3651 = EDGE_CURVE('',#1389,#3634,#3652,.T.);
#3652 = ELLIPSE('',#3653,2.030853192045,2.);
#3653 = AXIS2_PLACEMENT_3D('',#3654,#3655,#3656);
#3654 = CARTESIAN_POINT('',(-24.,-22.29469244257,14.5));
#3655 = DIRECTION('',(-2.E-17,0.984807768397,0.173648090416));
#3656 = DIRECTION('',(1.1E-16,0.173648090416,-0.984807768397));
#3657 = CYLINDRICAL_SURFACE('',#3658,2.);
#3658 = AXIS2_PLACEMENT_3D('',#3659,#3660,#3661);
#3659 = CARTESIAN_POINT('',(-24.,-23.,14.5));
#3660 = DIRECTION('',(0.,1.,0.));
#3661 = DIRECTION('',(-1.,0.,0.));
#3662 = ADVANCED_FACE('',(#3663),#3674,.F.);
#3663 = FACE_BOUND('',#3664,.F.);
#3664 = EDGE_LOOP('',(#3665,#3666,#3667,#3673));
#3665 = ORIENTED_EDGE('',*,*,#1398,.F.);
#3666 = ORIENTED_EDGE('',*,*,#1710,.T.);
#3667 = ORIENTED_EDGE('',*,*,#3668,.T.);
#3668 = EDGE_CURVE('',#1703,#3634,#3669,.T.);
#3669 = LINE('',#3670,#3671);
#3670 = CARTESIAN_POINT('',(-24.,-50.14489657639,6.491715673366));
#3671 = VECTOR('',#3672,1.);
#3672 = DIRECTION('',(0.,0.93969268139,0.342019976818));
#3673 = ORIENTED_EDGE('',*,*,#3651,.F.);
#3674 = CYLINDRICAL_SURFACE('',#3675,2.);
#3675 = AXIS2_PLACEMENT_3D('',#3676,#3677,#3678);
#3676 = CARTESIAN_POINT('',(-24.,-49.46085662275,4.612330310586));
#3677 = DIRECTION('',(0.,0.93969268139,0.342019976818));
#3678 = DIRECTION('',(-1.,0.,0.));
#3679 = ADVANCED_FACE('',(#3680),#3686,.T.);
#3680 = FACE_BOUND('',#3681,.F.);
#3681 = EDGE_LOOP('',(#3682,#3683,#3684,#3685));
#3682 = ORIENTED_EDGE('',*,*,#1629,.T.);
#3683 = ORIENTED_EDGE('',*,*,#1653,.T.);
#3684 = ORIENTED_EDGE('',*,*,#1677,.T.);
#3685 = ORIENTED_EDGE('',*,*,#1421,.T.);
#3686 = PLANE('',#3687);
#3687 = AXIS2_PLACEMENT_3D('',#3688,#3689,#3690);
#3688 = CARTESIAN_POINT('',(-25.41832783811,-25.00000127569,2.));
#3689 = DIRECTION('',(0.,0.,1.));
#3690 = DIRECTION('',(1.,0.,0.));
#3691 = ADVANCED_FACE('',(#3692),#3698,.T.);
#3692 = FACE_BOUND('',#3693,.F.);
#3693 = EDGE_LOOP('',(#3694,#3695,#3696,#3697));
#3694 = ORIENTED_EDGE('',*,*,#1564,.T.);
#3695 = ORIENTED_EDGE('',*,*,#1588,.T.);
#3696 = ORIENTED_EDGE('',*,*,#1612,.T.);
#3697 = ORIENTED_EDGE('',*,*,#1444,.T.);
#3698 = PLANE('',#3699);
#3699 = AXIS2_PLACEMENT_3D('',#3700,#3701,#3702);
#3700 = CARTESIAN_POINT('',(-25.41832783811,-25.00000127569,2.));
#3701 = DIRECTION('',(0.,0.,1.));
#3702 = DIRECTION('',(1.,0.,0.));
#3703 = ADVANCED_FACE('',(#3704),#3729,.T.);
#3704 = FACE_BOUND('',#3705,.T.);
#3705 = EDGE_LOOP('',(#3706,#3707,#3715,#3723));
#3706 = ORIENTED_EDGE('',*,*,#1486,.T.);
#3707 = ORIENTED_EDGE('',*,*,#3708,.T.);
#3708 = EDGE_CURVE('',#1489,#3709,#3711,.T.);
#3709 = VERTEX_POINT('',#3710);
#3710 = CARTESIAN_POINT('',(-24.4,-16.43000156861,5.6));
#3711 = LINE('',#3712,#3713);
#3712 = CARTESIAN_POINT('',(-26.,-14.83000209148,5.6));
#3713 = VECTOR('',#3714,1.);
#3714 = DIRECTION('',(0.707106896726,-0.707106665647,0.));
#3715 = ORIENTED_EDGE('',*,*,#3716,.F.);
#3716 = EDGE_CURVE('',#3717,#3709,#3719,.T.);
#3717 = VERTEX_POINT('',#3718);
#3718 = CARTESIAN_POINT('',(-24.4,-16.43000156861,3.6));
#3719 = LINE('',#3720,#3721);
#3720 = CARTESIAN_POINT('',(-24.4,-16.43000156861,3.6));
#3721 = VECTOR('',#3722,1.);
#3722 = DIRECTION('',(0.,0.,1.));
#3723 = ORIENTED_EDGE('',*,*,#3724,.F.);
#3724 = EDGE_CURVE('',#1487,#3717,#3725,.T.);
#3725 = LINE('',#3726,#3727);
#3726 = CARTESIAN_POINT('',(-26.,-14.83000209148,3.6));
#3727 = VECTOR('',#3728,1.);
#3728 = DIRECTION('',(0.707106896726,-0.707106665647,0.));
#3729 = PLANE('',#3730);
#3730 = AXIS2_PLACEMENT_3D('',#3731,#3732,#3733);
#3731 = CARTESIAN_POINT('',(-26.,-14.83000209148,3.6));
#3732 = DIRECTION('',(0.707106665647,0.707106896726,0.));
#3733 = DIRECTION('',(0.707106896726,-0.707106665647,0.));
#3734 = ADVANCED_FACE('',(#3735),#3753,.F.);
#3735 = FACE_BOUND('',#3736,.T.);
#3736 = EDGE_LOOP('',(#3737,#3738,#3746,#3752));
#3737 = ORIENTED_EDGE('',*,*,#3724,.T.);
#3738 = ORIENTED_EDGE('',*,*,#3739,.T.);
#3739 = EDGE_CURVE('',#3717,#3740,#3742,.T.);
#3740 = VERTEX_POINT('',#3741);
#3741 = CARTESIAN_POINT('',(-24.4,-18.43000156861,3.6));
#3742 = LINE('',#3743,#3744);
#3743 = CARTESIAN_POINT('',(-24.4,-16.43000156861,3.6));
#3744 = VECTOR('',#3745,1.);
#3745 = DIRECTION('',(0.,-1.,0.));
#3746 = ORIENTED_EDGE('',*,*,#3747,.T.);
#3747 = EDGE_CURVE('',#3740,#1497,#3748,.T.);
#3748 = LINE('',#3749,#3750);
#3749 = CARTESIAN_POINT('',(-24.4,-18.43000156861,3.6));
#3750 = VECTOR('',#3751,1.);
#3751 = DIRECTION('',(-0.707107127805,-0.707106434568,0.));
#3752 = ORIENTED_EDGE('',*,*,#1496,.T.);
#3753 = PLANE('',#3754);
#3754 = AXIS2_PLACEMENT_3D('',#3755,#3756,#3757);
#3755 = CARTESIAN_POINT('',(-25.41832783811,-25.00000127569,3.6));
#3756 = DIRECTION('',(0.,0.,1.));
#3757 = DIRECTION('',(1.,0.,0.));
#3758 = ADVANCED_FACE('',(#3759),#3777,.T.);
#3759 = FACE_BOUND('',#3760,.F.);
#3760 = EDGE_LOOP('',(#3761,#3762,#3770,#3776));
#3761 = ORIENTED_EDGE('',*,*,#3708,.T.);
#3762 = ORIENTED_EDGE('',*,*,#3763,.T.);
#3763 = EDGE_CURVE('',#3709,#3764,#3766,.T.);
#3764 = VERTEX_POINT('',#3765);
#3765 = CARTESIAN_POINT('',(-24.4,-18.43000156861,5.6));
#3766 = LINE('',#3767,#3768);
#3767 = CARTESIAN_POINT('',(-24.4,-16.43000156861,5.6));
#3768 = VECTOR('',#3769,1.);
#3769 = DIRECTION('',(0.,-1.,0.));
#3770 = ORIENTED_EDGE('',*,*,#3771,.T.);
#3771 = EDGE_CURVE('',#3764,#1505,#3772,.T.);
#3772 = LINE('',#3773,#3774);
#3773 = CARTESIAN_POINT('',(-24.4,-18.43000156861,5.6));
#3774 = VECTOR('',#3775,1.);
#3775 = DIRECTION('',(-0.707107127805,-0.707106434568,0.));
#3776 = ORIENTED_EDGE('',*,*,#1512,.T.);
#3777 = PLANE('',#3778);
#3778 = AXIS2_PLACEMENT_3D('',#3779,#3780,#3781);
#3779 = CARTESIAN_POINT('',(-25.41832783811,-25.00000127569,5.6));
#3780 = DIRECTION('',(0.,0.,1.));
#3781 = DIRECTION('',(1.,0.,0.));
#3782 = ADVANCED_FACE('',(#3783),#3794,.T.);
#3783 = FACE_BOUND('',#3784,.T.);
#3784 = EDGE_LOOP('',(#3785,#3791,#3792,#3793));
#3785 = ORIENTED_EDGE('',*,*,#3786,.T.);
#3786 = EDGE_CURVE('',#3740,#3764,#3787,.T.);
#3787 = LINE('',#3788,#3789);
#3788 = CARTESIAN_POINT('',(-24.4,-18.43000156861,3.6));
#3789 = VECTOR('',#3790,1.);
#3790 = DIRECTION('',(0.,0.,1.));
#3791 = ORIENTED_EDGE('',*,*,#3771,.T.);
#3792 = ORIENTED_EDGE('',*,*,#1504,.F.);
#3793 = ORIENTED_EDGE('',*,*,#3747,.F.);
#3794 = PLANE('',#3795);
#3795 = AXIS2_PLACEMENT_3D('',#3796,#3797,#3798);
#3796 = CARTESIAN_POINT('',(-24.4,-18.43000156861,3.6));
#3797 = DIRECTION('',(0.707106434568,-0.707107127805,0.));
#3798 = DIRECTION('',(-0.707107127805,-0.707106434568,0.));
#3799 = ADVANCED_FACE('',(#3800),#3825,.T.);
#3800 = FACE_BOUND('',#3801,.T.);
#3801 = EDGE_LOOP('',(#3802,#3803,#3811,#3819));
#3802 = ORIENTED_EDGE('',*,*,#1523,.T.);
#3803 = ORIENTED_EDGE('',*,*,#3804,.T.);
#3804 = EDGE_CURVE('',#1526,#3805,#3807,.T.);
#3805 = VERTEX_POINT('',#3806);
#3806 = CARTESIAN_POINT('',(-24.4,-31.56999947712,5.6));
#3807 = LINE('',#3808,#3809);
#3808 = CARTESIAN_POINT('',(-26.,-29.97,5.6));
#3809 = VECTOR('',#3810,1.);
#3810 = DIRECTION('',(0.707106896726,-0.707106665647,0.));
#3811 = ORIENTED_EDGE('',*,*,#3812,.F.);
#3812 = EDGE_CURVE('',#3813,#3805,#3815,.T.);
#3813 = VERTEX_POINT('',#3814);
#3814 = CARTESIAN_POINT('',(-24.4,-31.56999947712,3.6));
#3815 = LINE('',#3816,#3817);
#3816 = CARTESIAN_POINT('',(-24.4,-31.56999947712,3.6));
#3817 = VECTOR('',#3818,1.);
#3818 = DIRECTION('',(0.,0.,1.));
#3819 = ORIENTED_EDGE('',*,*,#3820,.F.);
#3820 = EDGE_CURVE('',#1524,#3813,#3821,.T.);
#3821 = LINE('',#3822,#3823);
#3822 = CARTESIAN_POINT('',(-26.,-29.97,3.6));
#3823 = VECTOR('',#3824,1.);
#3824 = DIRECTION('',(0.707106896726,-0.707106665647,0.));
#3825 = PLANE('',#3826);
#3826 = AXIS2_PLACEMENT_3D('',#3827,#3828,#3829);
#3827 = CARTESIAN_POINT('',(-26.,-29.97,3.6));
#3828 = DIRECTION('',(0.707106665647,0.707106896726,0.));
#3829 = DIRECTION('',(0.707106896726,-0.707106665647,0.));
#3830 = ADVANCED_FACE('',(#3831),#3849,.F.);
#3831 = FACE_BOUND('',#3832,.T.);
#3832 = EDGE_LOOP('',(#3833,#3834,#3842,#3848));
#3833 = ORIENTED_EDGE('',*,*,#3820,.T.);
#3834 = ORIENTED_EDGE('',*,*,#3835,.T.);
#3835 = EDGE_CURVE('',#3813,#3836,#3838,.T.);
#3836 = VERTEX_POINT('',#3837);
#3837 = CARTESIAN_POINT('',(-24.4,-33.56999947712,3.6));
#3838 = LINE('',#3839,#3840);
#3839 = CARTESIAN_POINT('',(-24.4,-31.56999947712,3.6));
#3840 = VECTOR('',#3841,1.);
#3841 = DIRECTION('',(0.,-1.,0.));
#3842 = ORIENTED_EDGE('',*,*,#3843,.T.);
#3843 = EDGE_CURVE('',#3836,#1534,#3844,.T.);
#3844 = LINE('',#3845,#3846);
#3845 = CARTESIAN_POINT('',(-24.4,-33.56999947712,3.6));
#3846 = VECTOR('',#3847,1.);
#3847 = DIRECTION('',(-0.707106781187,-0.707106781187,0.));
#3848 = ORIENTED_EDGE('',*,*,#1533,.T.);
#3849 = PLANE('',#3850);
#3850 = AXIS2_PLACEMENT_3D('',#3851,#3852,#3853);
#3851 = CARTESIAN_POINT('',(-25.41832783811,-25.00000127569,3.6));
#3852 = DIRECTION('',(0.,0.,1.));
#3853 = DIRECTION('',(1.,0.,0.));
#3854 = ADVANCED_FACE('',(#3855),#3873,.T.);
#3855 = FACE_BOUND('',#3856,.F.);
#3856 = EDGE_LOOP('',(#3857,#3858,#3866,#3872));
#3857 = ORIENTED_EDGE('',*,*,#3804,.T.);
#3858 = ORIENTED_EDGE('',*,*,#3859,.T.);
#3859 = EDGE_CURVE('',#3805,#3860,#3862,.T.);
#3860 = VERTEX_POINT('',#3861);
#3861 = CARTESIAN_POINT('',(-24.4,-33.56999947712,5.6));
#3862 = LINE('',#3863,#3864);
#3863 = CARTESIAN_POINT('',(-24.4,-31.56999947712,5.6));
#3864 = VECTOR('',#3865,1.);
#3865 = DIRECTION('',(0.,-1.,0.));
#3866 = ORIENTED_EDGE('',*,*,#3867,.T.);
#3867 = EDGE_CURVE('',#3860,#1542,#3868,.T.);
#3868 = LINE('',#3869,#3870);
#3869 = CARTESIAN_POINT('',(-24.4,-33.56999947712,5.6));
#3870 = VECTOR('',#3871,1.);
#3871 = DIRECTION('',(-0.707106781187,-0.707106781187,0.));
#3872 = ORIENTED_EDGE('',*,*,#1549,.T.);
#3873 = PLANE('',#3874);
#3874 = AXIS2_PLACEMENT_3D('',#3875,#3876,#3877);
#3875 = CARTESIAN_POINT('',(-25.41832783811,-25.00000127569,5.6));
#3876 = DIRECTION('',(0.,0.,1.));
#3877 = DIRECTION('',(1.,0.,0.));
#3878 = ADVANCED_FACE('',(#3879),#3890,.T.);
#3879 = FACE_BOUND('',#3880,.T.);
#3880 = EDGE_LOOP('',(#3881,#3887,#3888,#3889));
#3881 = ORIENTED_EDGE('',*,*,#3882,.T.);
#3882 = EDGE_CURVE('',#3836,#3860,#3883,.T.);
#3883 = LINE('',#3884,#3885);
#3884 = CARTESIAN_POINT('',(-24.4,-33.56999947712,3.6));
#3885 = VECTOR('',#3886,1.);
#3886 = DIRECTION('',(0.,0.,1.));
#3887 = ORIENTED_EDGE('',*,*,#3867,.T.);
#3888 = ORIENTED_EDGE('',*,*,#1541,.F.);
#3889 = ORIENTED_EDGE('',*,*,#3843,.F.);
#3890 = PLANE('',#3891);
#3891 = AXIS2_PLACEMENT_3D('',#3892,#3893,#3894);
#3892 = CARTESIAN_POINT('',(-24.4,-33.56999947712,3.6));
#3893 = DIRECTION('',(0.707106781187,-0.707106781187,0.));
#3894 = DIRECTION('',(-0.707106781187,-0.707106781187,0.));
#3895 = ADVANCED_FACE('',(#3896,#3916,#3927,#3938,#3949,#3983),#3994,.F.
  );
#3896 = FACE_BOUND('',#3897,.F.);
#3897 = EDGE_LOOP('',(#3898,#3899,#3900,#3901,#3902,#3910));
#3898 = ORIENTED_EDGE('',*,*,#3668,.F.);
#3899 = ORIENTED_EDGE('',*,*,#1702,.F.);
#3900 = ORIENTED_EDGE('',*,*,#1735,.F.);
#3901 = ORIENTED_EDGE('',*,*,#1752,.T.);
#3902 = ORIENTED_EDGE('',*,*,#3903,.T.);
#3903 = EDGE_CURVE('',#1753,#3904,#3906,.T.);
#3904 = VERTEX_POINT('',#3905);
#3905 = CARTESIAN_POINT('',(24.,-22.64734622128,16.5));
#3906 = LINE('',#3907,#3908);
#3907 = CARTESIAN_POINT('',(24.,-50.14489657639,6.491715673366));
#3908 = VECTOR('',#3909,1.);
#3909 = DIRECTION('',(0.,0.93969268139,0.342019976818));
#3910 = ORIENTED_EDGE('',*,*,#3911,.F.);
#3911 = EDGE_CURVE('',#3634,#3904,#3912,.T.);
#3912 = LINE('',#3913,#3914);
#3913 = CARTESIAN_POINT('',(-28.,-22.64734622128,16.5));
#3914 = VECTOR('',#3915,1.);
#3915 = DIRECTION('',(1.,-2.3E-16,1.1E-16));
#3916 = FACE_BOUND('',#3917,.F.);
#3917 = EDGE_LOOP('',(#3918));
#3918 = ORIENTED_EDGE('',*,*,#3919,.F.);
#3919 = EDGE_CURVE('',#3920,#3920,#3922,.T.);
#3920 = VERTEX_POINT('',#3921);
#3921 = CARTESIAN_POINT('',(16.250054969811,-52.3886499469,
    5.675056683713));
#3922 = CIRCLE('',#3923,1.05);
#3923 = AXIS2_PLACEMENT_3D('',#3924,#3925,#3926);
#3924 = CARTESIAN_POINT('',(15.200054969811,-52.3886499469,
    5.675056683713));
#3925 = DIRECTION('',(0.,-0.342019976818,0.93969268139));
#3926 = DIRECTION('',(1.,0.,0.));
#3927 = FACE_BOUND('',#3928,.F.);
#3928 = EDGE_LOOP('',(#3929));
#3929 = ORIENTED_EDGE('',*,*,#3930,.F.);
#3930 = EDGE_CURVE('',#3931,#3931,#3933,.T.);
#3931 = VERTEX_POINT('',#3932);
#3932 = CARTESIAN_POINT('',(16.250054969811,-25.6074085273,
    15.422626023026));
#3933 = CIRCLE('',#3934,1.05);
#3934 = AXIS2_PLACEMENT_3D('',#3935,#3936,#3937);
#3935 = CARTESIAN_POINT('',(15.200054969811,-25.6074085273,
    15.422626023026));
#3936 = DIRECTION('',(0.,-0.342019976818,0.93969268139));
#3937 = DIRECTION('',(1.,0.,0.));
#3938 = FACE_BOUND('',#3939,.F.);
#3939 = EDGE_LOOP('',(#3940));
#3940 = ORIENTED_EDGE('',*,*,#3941,.F.);
#3941 = EDGE_CURVE('',#3942,#3942,#3944,.T.);
#3942 = VERTEX_POINT('',#3943);
#3943 = CARTESIAN_POINT('',(-14.14994503018,-52.3886499469,
    5.675056683713));
#3944 = CIRCLE('',#3945,1.05);
#3945 = AXIS2_PLACEMENT_3D('',#3946,#3947,#3948);
#3946 = CARTESIAN_POINT('',(-15.19994503018,-52.3886499469,
    5.675056683713));
#3947 = DIRECTION('',(0.,-0.342019976818,0.93969268139));
#3948 = DIRECTION('',(1.,0.,0.));
#3949 = FACE_BOUND('',#3950,.F.);
#3950 = EDGE_LOOP('',(#3951,#3961,#3969,#3977));
#3951 = ORIENTED_EDGE('',*,*,#3952,.F.);
#3952 = EDGE_CURVE('',#3953,#3955,#3957,.T.);
#3953 = VERTEX_POINT('',#3954);
#3954 = CARTESIAN_POINT('',(-17.3,-27.66011245284,14.675503306276));
#3955 = VERTEX_POINT('',#3956);
#3956 = CARTESIAN_POINT('',(-17.3,-45.42030413111,8.211325744416));
#3957 = LINE('',#3958,#3959);
#3958 = CARTESIAN_POINT('',(-17.3,-41.90250451462,9.491699389024));
#3959 = VECTOR('',#3960,1.);
#3960 = DIRECTION('',(0.,-0.93969268139,-0.342019976818));
#3961 = ORIENTED_EDGE('',*,*,#3962,.F.);
#3962 = EDGE_CURVE('',#3963,#3953,#3965,.T.);
#3963 = VERTEX_POINT('',#3964);
#3964 = CARTESIAN_POINT('',(17.3,-27.66011245284,14.675503306276));
#3965 = LINE('',#3966,#3967);
#3966 = CARTESIAN_POINT('',(-5.35,-27.66011245284,14.675503306276));
#3967 = VECTOR('',#3968,1.);
#3968 = DIRECTION('',(-1.,6.E-17,-1.7E-16));
#3969 = ORIENTED_EDGE('',*,*,#3970,.F.);
#3970 = EDGE_CURVE('',#3971,#3963,#3973,.T.);
#3971 = VERTEX_POINT('',#3972);
#3972 = CARTESIAN_POINT('',(17.3,-45.42030413111,8.211325744416));
#3973 = LINE('',#3974,#3975);
#3974 = CARTESIAN_POINT('',(17.3,-50.78260035375,6.259610608094));
#3975 = VECTOR('',#3976,1.);
#3976 = DIRECTION('',(0.,0.93969268139,0.342019976818));
#3977 = ORIENTED_EDGE('',*,*,#3978,.F.);
#3978 = EDGE_CURVE('',#3955,#3971,#3979,.T.);
#3979 = LINE('',#3980,#3981);
#3980 = CARTESIAN_POINT('',(-22.65,-45.42030413111,8.211325744416));
#3981 = VECTOR('',#3982,1.);
#3982 = DIRECTION('',(1.,-6.E-17,1.7E-16));
#3983 = FACE_BOUND('',#3984,.F.);
#3984 = EDGE_LOOP('',(#3985));
#3985 = ORIENTED_EDGE('',*,*,#3986,.F.);
#3986 = EDGE_CURVE('',#3987,#3987,#3989,.T.);
#3987 = VERTEX_POINT('',#3988);
#3988 = CARTESIAN_POINT('',(-14.14994503018,-25.6074085273,
    15.422626023026));
#3989 = CIRCLE('',#3990,1.05);
#3990 = AXIS2_PLACEMENT_3D('',#3991,#3992,#3993);
#3991 = CARTESIAN_POINT('',(-15.19994503018,-25.6074085273,
    15.422626023026));
#3992 = DIRECTION('',(0.,-0.342019976818,0.93969268139));
#3993 = DIRECTION('',(1.,0.,0.));
#3994 = PLANE('',#3995);
#3995 = AXIS2_PLACEMENT_3D('',#3996,#3997,#3998);
#3996 = CARTESIAN_POINT('',(-28.,-56.14489657639,4.307895471773));
#3997 = DIRECTION('',(-8.E-17,-0.342019976818,0.93969268139));
#3998 = DIRECTION('',(-8.E-17,0.93969268139,0.342019976818));
#3999 = ADVANCED_FACE('',(#4000),#4012,.F.);
#4000 = FACE_BOUND('',#4001,.T.);
#4001 = EDGE_LOOP('',(#4002,#4003,#4004,#4005));
#4002 = ORIENTED_EDGE('',*,*,#1793,.F.);
#4003 = ORIENTED_EDGE('',*,*,#1760,.T.);
#4004 = ORIENTED_EDGE('',*,*,#3903,.T.);
#4005 = ORIENTED_EDGE('',*,*,#4006,.T.);
#4006 = EDGE_CURVE('',#3904,#1784,#4007,.T.);
#4007 = ELLIPSE('',#4008,2.030853192045,2.);
#4008 = AXIS2_PLACEMENT_3D('',#4009,#4010,#4011);
#4009 = CARTESIAN_POINT('',(24.,-22.29469244257,14.5));
#4010 = DIRECTION('',(-2.E-17,0.984807768397,0.173648090416));
#4011 = DIRECTION('',(1.1E-16,0.173648090416,-0.984807768397));
#4012 = CYLINDRICAL_SURFACE('',#4013,2.);
#4013 = AXIS2_PLACEMENT_3D('',#4014,#4015,#4016);
#4014 = CARTESIAN_POINT('',(24.,-49.46085662275,4.612330310586));
#4015 = DIRECTION('',(0.,0.93969268139,0.342019976818));
#4016 = DIRECTION('',(1.,0.,0.));
#4017 = ADVANCED_FACE('',(#4018),#4037,.F.);
#4018 = FACE_BOUND('',#4019,.T.);
#4019 = EDGE_LOOP('',(#4020,#4021,#4029,#4036));
#4020 = ORIENTED_EDGE('',*,*,#4006,.F.);
#4021 = ORIENTED_EDGE('',*,*,#4022,.T.);
#4022 = EDGE_CURVE('',#3904,#4023,#4025,.T.);
#4023 = VERTEX_POINT('',#4024);
#4024 = CARTESIAN_POINT('',(24.,15.343145750508,16.5));
#4025 = LINE('',#4026,#4027);
#4026 = CARTESIAN_POINT('',(24.,-23.,16.5));
#4027 = VECTOR('',#4028,1.);
#4028 = DIRECTION('',(0.,1.,0.));
#4029 = ORIENTED_EDGE('',*,*,#4030,.F.);
#4030 = EDGE_CURVE('',#1786,#4023,#4031,.T.);
#4031 = ELLIPSE('',#4032,2.164784400585,2.);
#4032 = AXIS2_PLACEMENT_3D('',#4033,#4034,#4035);
#4033 = CARTESIAN_POINT('',(24.,15.343145750508,14.5));
#4034 = DIRECTION('',(0.382683432365,-0.923879532511,2.3E-16));
#4035 = DIRECTION('',(0.923879532511,0.382683432365,2.6E-16));
#4036 = ORIENTED_EDGE('',*,*,#1783,.F.);
#4037 = CYLINDRICAL_SURFACE('',#4038,2.);
#4038 = AXIS2_PLACEMENT_3D('',#4039,#4040,#4041);
#4039 = CARTESIAN_POINT('',(24.,-23.,14.5));
#4040 = DIRECTION('',(0.,1.,0.));
#4041 = DIRECTION('',(1.,0.,0.));
#4042 = ADVANCED_FACE('',(#4043),#4054,.F.);
#4043 = FACE_BOUND('',#4044,.F.);
#4044 = EDGE_LOOP('',(#4045,#4051,#4052,#4053));
#4045 = ORIENTED_EDGE('',*,*,#4046,.F.);
#4046 = EDGE_CURVE('',#3267,#1826,#4047,.T.);
#4047 = LINE('',#4048,#4049);
#4048 = CARTESIAN_POINT('',(28.,-44.77893653003,3.));
#4049 = VECTOR('',#4050,1.);
#4050 = DIRECTION('',(-1.,-0.,-0.));
#4051 = ORIENTED_EDGE('',*,*,#3276,.F.);
#4052 = ORIENTED_EDGE('',*,*,#4046,.T.);
#4053 = ORIENTED_EDGE('',*,*,#1825,.T.);
#4054 = CYLINDRICAL_SURFACE('',#4055,1.05);
#4055 = AXIS2_PLACEMENT_3D('',#4056,#4057,#4058);
#4056 = CARTESIAN_POINT('',(28.,-45.82893653003,3.));
#4057 = DIRECTION('',(1.,0.,0.));
#4058 = DIRECTION('',(0.,1.,0.));
#4059 = ADVANCED_FACE('',(#4060),#4079,.F.);
#4060 = FACE_BOUND('',#4061,.T.);
#4061 = EDGE_LOOP('',(#4062,#4070,#4071,#4072));
#4062 = ORIENTED_EDGE('',*,*,#4063,.F.);
#4063 = EDGE_CURVE('',#2424,#4064,#4066,.T.);
#4064 = VERTEX_POINT('',#4065);
#4065 = CARTESIAN_POINT('',(-14.14994503018,-25.91522650643,
    16.268349436276));
#4066 = LINE('',#4067,#4068);
#4067 = CARTESIAN_POINT('',(-14.14994503018,-25.91522650643,
    16.268349436276));
#4068 = VECTOR('',#4069,1.);
#4069 = DIRECTION('',(-0.707106781187,0.241844644909,-0.664463067242));
#4070 = ORIENTED_EDGE('',*,*,#2423,.T.);
#4071 = ORIENTED_EDGE('',*,*,#4063,.T.);
#4072 = ORIENTED_EDGE('',*,*,#4073,.F.);
#4073 = EDGE_CURVE('',#4064,#4064,#4074,.T.);
#4074 = CIRCLE('',#4075,1.05);
#4075 = AXIS2_PLACEMENT_3D('',#4076,#4077,#4078);
#4076 = CARTESIAN_POINT('',(-15.19994503018,-25.91522650643,
    16.268349436276));
#4077 = DIRECTION('',(-1.8E-16,-0.342019976818,0.93969268139));
#4078 = DIRECTION('',(1.,-3.85891615031E-15,-1.212977854191E-15));
#4079 = CONICAL_SURFACE('',#4080,1.05,0.785398163397);
#4080 = AXIS2_PLACEMENT_3D('',#4081,#4082,#4083);
#4081 = CARTESIAN_POINT('',(-15.19994503018,-25.91522650643,
    16.268349436276));
#4082 = DIRECTION('',(-1.8E-16,-0.342019976818,0.93969268139));
#4083 = DIRECTION('',(1.,-3.85891615031E-15,-1.212977854191E-15));
#4084 = ADVANCED_FACE('',(#4085),#4101,.F.);
#4085 = FACE_BOUND('',#4086,.F.);
#4086 = EDGE_LOOP('',(#4087,#4088,#4094,#4095));
#4087 = ORIENTED_EDGE('',*,*,#2447,.F.);
#4088 = ORIENTED_EDGE('',*,*,#4089,.T.);
#4089 = EDGE_CURVE('',#2448,#3953,#4090,.T.);
#4090 = LINE('',#4091,#4092);
#4091 = CARTESIAN_POINT('',(-17.3,-28.34415240648,16.554888669056));
#4092 = VECTOR('',#4093,1.);
#4093 = DIRECTION('',(0.,0.342019976818,-0.93969268139));
#4094 = ORIENTED_EDGE('',*,*,#3952,.T.);
#4095 = ORIENTED_EDGE('',*,*,#4096,.F.);
#4096 = EDGE_CURVE('',#2450,#3955,#4097,.T.);
#4097 = LINE('',#4098,#4099);
#4098 = CARTESIAN_POINT('',(-17.3,-46.10434408474,10.090711107196));
#4099 = VECTOR('',#4100,1.);
#4100 = DIRECTION('',(0.,0.342019976818,-0.93969268139));
#4101 = PLANE('',#4102);
#4102 = AXIS2_PLACEMENT_3D('',#4103,#4104,#4105);
#4103 = CARTESIAN_POINT('',(-17.3,-28.34415240648,16.554888669056));
#4104 = DIRECTION('',(-1.,0.,0.));
#4105 = DIRECTION('',(0.,-0.93969268139,-0.342019976818));
#4106 = ADVANCED_FACE('',(#4107),#4118,.F.);
#4107 = FACE_BOUND('',#4108,.F.);
#4108 = EDGE_LOOP('',(#4109,#4110,#4111,#4112));
#4109 = ORIENTED_EDGE('',*,*,#2473,.F.);
#4110 = ORIENTED_EDGE('',*,*,#4096,.T.);
#4111 = ORIENTED_EDGE('',*,*,#3978,.T.);
#4112 = ORIENTED_EDGE('',*,*,#4113,.F.);
#4113 = EDGE_CURVE('',#2466,#3971,#4114,.T.);
#4114 = LINE('',#4115,#4116);
#4115 = CARTESIAN_POINT('',(17.3,-46.10434408474,10.090711107196));
#4116 = VECTOR('',#4117,1.);
#4117 = DIRECTION('',(0.,0.342019976818,-0.93969268139));
#4118 = PLANE('',#4119);
#4119 = AXIS2_PLACEMENT_3D('',#4120,#4121,#4122);
#4120 = CARTESIAN_POINT('',(-17.3,-46.10434408474,10.090711107196));
#4121 = DIRECTION('',(0.,-0.93969268139,-0.342019976818));
#4122 = DIRECTION('',(1.,0.,0.));
#4123 = ADVANCED_FACE('',(#4124),#4135,.F.);
#4124 = FACE_BOUND('',#4125,.F.);
#4125 = EDGE_LOOP('',(#4126,#4127,#4128,#4129));
#4126 = ORIENTED_EDGE('',*,*,#2465,.F.);
#4127 = ORIENTED_EDGE('',*,*,#4113,.T.);
#4128 = ORIENTED_EDGE('',*,*,#3970,.T.);
#4129 = ORIENTED_EDGE('',*,*,#4130,.F.);
#4130 = EDGE_CURVE('',#2458,#3963,#4131,.T.);
#4131 = LINE('',#4132,#4133);
#4132 = CARTESIAN_POINT('',(17.3,-28.34415240648,16.554888669056));
#4133 = VECTOR('',#4134,1.);
#4134 = DIRECTION('',(0.,0.342019976818,-0.93969268139));
#4135 = PLANE('',#4136);
#4136 = AXIS2_PLACEMENT_3D('',#4137,#4138,#4139);
#4137 = CARTESIAN_POINT('',(17.3,-46.10434408474,10.090711107196));
#4138 = DIRECTION('',(1.,0.,0.));
#4139 = DIRECTION('',(0.,0.93969268139,0.342019976818));
#4140 = ADVANCED_FACE('',(#4141),#4147,.F.);
#4141 = FACE_BOUND('',#4142,.F.);
#4142 = EDGE_LOOP('',(#4143,#4144,#4145,#4146));
#4143 = ORIENTED_EDGE('',*,*,#2457,.F.);
#4144 = ORIENTED_EDGE('',*,*,#4130,.T.);
#4145 = ORIENTED_EDGE('',*,*,#3962,.T.);
#4146 = ORIENTED_EDGE('',*,*,#4089,.F.);
#4147 = PLANE('',#4148);
#4148 = AXIS2_PLACEMENT_3D('',#4149,#4150,#4151);
#4149 = CARTESIAN_POINT('',(17.3,-28.34415240648,16.554888669056));
#4150 = DIRECTION('',(0.,0.93969268139,0.342019976818));
#4151 = DIRECTION('',(-1.,0.,0.));
#4152 = ADVANCED_FACE('',(#4153),#4172,.F.);
#4153 = FACE_BOUND('',#4154,.T.);
#4154 = EDGE_LOOP('',(#4155,#4163,#4164,#4165));
#4155 = ORIENTED_EDGE('',*,*,#4156,.F.);
#4156 = EDGE_CURVE('',#2482,#4157,#4159,.T.);
#4157 = VERTEX_POINT('',#4158);
#4158 = CARTESIAN_POINT('',(16.250054969811,-25.91522650643,
    16.268349436276));
#4159 = LINE('',#4160,#4161);
#4160 = CARTESIAN_POINT('',(16.250054969811,-25.91522650643,
    16.268349436276));
#4161 = VECTOR('',#4162,1.);
#4162 = DIRECTION('',(-0.707106781187,0.241844644909,-0.664463067242));
#4163 = ORIENTED_EDGE('',*,*,#2481,.T.);
#4164 = ORIENTED_EDGE('',*,*,#4156,.T.);
#4165 = ORIENTED_EDGE('',*,*,#4166,.F.);
#4166 = EDGE_CURVE('',#4157,#4157,#4167,.T.);
#4167 = CIRCLE('',#4168,1.05);
#4168 = AXIS2_PLACEMENT_3D('',#4169,#4170,#4171);
#4169 = CARTESIAN_POINT('',(15.200054969811,-25.91522650643,
    16.268349436276));
#4170 = DIRECTION('',(-1.8E-16,-0.342019976818,0.93969268139));
#4171 = DIRECTION('',(1.,-1.959412081258E-15,-5.216152943577E-16));
#4172 = CONICAL_SURFACE('',#4173,1.05,0.785398163397);
#4173 = AXIS2_PLACEMENT_3D('',#4174,#4175,#4176);
#4174 = CARTESIAN_POINT('',(15.200054969811,-25.91522650643,
    16.268349436276));
#4175 = DIRECTION('',(-1.8E-16,-0.342019976818,0.93969268139));
#4176 = DIRECTION('',(1.,-1.959412081258E-15,-5.216152943577E-16));
#4177 = ADVANCED_FACE('',(#4178),#4197,.F.);
#4178 = FACE_BOUND('',#4179,.T.);
#4179 = EDGE_LOOP('',(#4180,#4188,#4189,#4190));
#4180 = ORIENTED_EDGE('',*,*,#4181,.F.);
#4181 = EDGE_CURVE('',#2493,#4182,#4184,.T.);
#4182 = VERTEX_POINT('',#4183);
#4183 = CARTESIAN_POINT('',(16.250054969811,-52.69646792604,
    6.520780096964));
#4184 = LINE('',#4185,#4186);
#4185 = CARTESIAN_POINT('',(16.250054969811,-52.69646792604,
    6.520780096964));
#4186 = VECTOR('',#4187,1.);
#4187 = DIRECTION('',(-0.707106781187,0.241844644909,-0.664463067242));
#4188 = ORIENTED_EDGE('',*,*,#2492,.T.);
#4189 = ORIENTED_EDGE('',*,*,#4181,.T.);
#4190 = ORIENTED_EDGE('',*,*,#4191,.F.);
#4191 = EDGE_CURVE('',#4182,#4182,#4192,.T.);
#4192 = CIRCLE('',#4193,1.05);
#4193 = AXIS2_PLACEMENT_3D('',#4194,#4195,#4196);
#4194 = CARTESIAN_POINT('',(15.200054969811,-52.69646792604,
    6.520780096964));
#4195 = DIRECTION('',(-1.8E-16,-0.342019976818,0.93969268139));
#4196 = DIRECTION('',(1.,-7.669968448459E-15,-2.600086687196E-15));
#4197 = CONICAL_SURFACE('',#4198,1.05,0.785398163397);
#4198 = AXIS2_PLACEMENT_3D('',#4199,#4200,#4201);
#4199 = CARTESIAN_POINT('',(15.200054969811,-52.69646792604,
    6.520780096964));
#4200 = DIRECTION('',(-1.8E-16,-0.342019976818,0.93969268139));
#4201 = DIRECTION('',(1.,-7.669968448459E-15,-2.600086687196E-15));
#4202 = ADVANCED_FACE('',(#4203),#4222,.F.);
#4203 = FACE_BOUND('',#4204,.T.);
#4204 = EDGE_LOOP('',(#4205,#4213,#4214,#4215));
#4205 = ORIENTED_EDGE('',*,*,#4206,.F.);
#4206 = EDGE_CURVE('',#2504,#4207,#4209,.T.);
#4207 = VERTEX_POINT('',#4208);
#4208 = CARTESIAN_POINT('',(-14.14994503018,-52.69646792604,
    6.520780096964));
#4209 = LINE('',#4210,#4211);
#4210 = CARTESIAN_POINT('',(-14.14994503018,-52.69646792604,
    6.520780096964));
#4211 = VECTOR('',#4212,1.);
#4212 = DIRECTION('',(-0.707106781187,0.241844644909,-0.664463067242));
#4213 = ORIENTED_EDGE('',*,*,#2503,.T.);
#4214 = ORIENTED_EDGE('',*,*,#4206,.T.);
#4215 = ORIENTED_EDGE('',*,*,#4216,.F.);
#4216 = EDGE_CURVE('',#4207,#4207,#4217,.T.);
#4217 = CIRCLE('',#4218,1.05);
#4218 = AXIS2_PLACEMENT_3D('',#4219,#4220,#4221);
#4219 = CARTESIAN_POINT('',(-15.19994503018,-52.69646792604,
    6.520780096964));
#4220 = DIRECTION('',(-1.8E-16,-0.342019976818,0.93969268139));
#4221 = DIRECTION('',(1.,-5.767250442716E-15,-1.907554350716E-15));
#4222 = CONICAL_SURFACE('',#4223,1.05,0.785398163397);
#4223 = AXIS2_PLACEMENT_3D('',#4224,#4225,#4226);
#4224 = CARTESIAN_POINT('',(-15.19994503018,-52.69646792604,
    6.520780096964));
#4225 = DIRECTION('',(-1.8E-16,-0.342019976818,0.93969268139));
#4226 = DIRECTION('',(1.,-5.767250442716E-15,-1.907554350716E-15));
#4227 = ADVANCED_FACE('',(#4228),#4338,.F.);
#4228 = FACE_BOUND('',#4229,.F.);
#4229 = EDGE_LOOP('',(#4230,#4231,#4238,#4247,#4253,#4254,#4255,#4264,
    #4272,#4281,#4289,#4298,#4306,#4315,#4323,#4330,#4331,#4332,#4333,
    #4334,#4335,#4336,#4337));
#4230 = ORIENTED_EDGE('',*,*,#2661,.F.);
#4231 = ORIENTED_EDGE('',*,*,#4232,.F.);
#4232 = EDGE_CURVE('',#4233,#2625,#4235,.T.);
#4233 = VERTEX_POINT('',#4234);
#4234 = CARTESIAN_POINT('',(17.,5.329070518201E-15,16.5));
#4235 = B_SPLINE_CURVE_WITH_KNOTS('',1,(#4236,#4237),.UNSPECIFIED.,.F.,
  .F.,(2,2),(-2.,0.),.PIECEWISE_BEZIER_KNOTS.);
#4236 = CARTESIAN_POINT('',(17.,5.329070518201E-15,16.5));
#4237 = CARTESIAN_POINT('',(17.,5.329070518201E-15,18.5));
#4238 = ORIENTED_EDGE('',*,*,#4239,.T.);
#4239 = EDGE_CURVE('',#4233,#4240,#4242,.T.);
#4240 = VERTEX_POINT('',#4241);
#4241 = CARTESIAN_POINT('',(12.020816628917,12.020813931426,16.5));
#4242 = CIRCLE('',#4243,17.);
#4243 = AXIS2_PLACEMENT_3D('',#4244,#4245,#4246);
#4244 = CARTESIAN_POINT('',(-1.7763568394E-15,5.329070518201E-15,16.5));
#4245 = DIRECTION('',(0.,0.,1.));
#4246 = DIRECTION('',(1.,0.,0.));
#4247 = ORIENTED_EDGE('',*,*,#4248,.T.);
#4248 = EDGE_CURVE('',#4240,#3412,#4249,.T.);
#4249 = LINE('',#4250,#4251);
#4250 = CARTESIAN_POINT('',(12.020816628917,12.020813931426,16.5));
#4251 = VECTOR('',#4252,1.);
#4252 = DIRECTION('',(0.,0.,-1.));
#4253 = ORIENTED_EDGE('',*,*,#3411,.F.);
#4254 = ORIENTED_EDGE('',*,*,#3395,.F.);
#4255 = ORIENTED_EDGE('',*,*,#4256,.T.);
#4256 = EDGE_CURVE('',#3378,#4257,#4259,.T.);
#4257 = VERTEX_POINT('',#4258);
#4258 = CARTESIAN_POINT('',(-16.42073855323,4.399925609164,16.5));
#4259 = CIRCLE('',#4260,17.);
#4260 = AXIS2_PLACEMENT_3D('',#4261,#4262,#4263);
#4261 = CARTESIAN_POINT('',(-1.7763568394E-15,5.329070518201E-15,16.5));
#4262 = DIRECTION('',(0.,0.,1.));
#4263 = DIRECTION('',(1.,0.,0.));
#4264 = ORIENTED_EDGE('',*,*,#4265,.T.);
#4265 = EDGE_CURVE('',#4257,#4266,#4268,.T.);
#4266 = VERTEX_POINT('',#4267);
#4267 = CARTESIAN_POINT('',(-16.42073855323,4.399925609164,12.5));
#4268 = LINE('',#4269,#4270);
#4269 = CARTESIAN_POINT('',(-16.42073855323,4.399925609164,16.5));
#4270 = VECTOR('',#4271,1.);
#4271 = DIRECTION('',(0.,0.,-1.));
#4272 = ORIENTED_EDGE('',*,*,#4273,.F.);
#4273 = EDGE_CURVE('',#4274,#4266,#4276,.T.);
#4274 = VERTEX_POINT('',#4275);
#4275 = CARTESIAN_POINT('',(-16.42073855323,-4.399925609164,12.5));
#4276 = CIRCLE('',#4277,17.);
#4277 = AXIS2_PLACEMENT_3D('',#4278,#4279,#4280);
#4278 = CARTESIAN_POINT('',(-1.7763568394E-15,5.329070518201E-15,12.5));
#4279 = DIRECTION('',(0.,0.,-1.));
#4280 = DIRECTION('',(1.,0.,0.));
#4281 = ORIENTED_EDGE('',*,*,#4282,.F.);
#4282 = EDGE_CURVE('',#4283,#4274,#4285,.T.);
#4283 = VERTEX_POINT('',#4284);
#4284 = CARTESIAN_POINT('',(-16.42073855323,-4.399925609164,16.5));
#4285 = LINE('',#4286,#4287);
#4286 = CARTESIAN_POINT('',(-16.42073855323,-4.399925609164,16.5));
#4287 = VECTOR('',#4288,1.);
#4288 = DIRECTION('',(0.,0.,-1.));
#4289 = ORIENTED_EDGE('',*,*,#4290,.T.);
#4290 = EDGE_CURVE('',#4283,#4291,#4293,.T.);
#4291 = VERTEX_POINT('',#4292);
#4292 = CARTESIAN_POINT('',(4.399922,-16.42073952031,16.5));
#4293 = CIRCLE('',#4294,17.);
#4294 = AXIS2_PLACEMENT_3D('',#4295,#4296,#4297);
#4295 = CARTESIAN_POINT('',(-1.7763568394E-15,5.329070518201E-15,16.5));
#4296 = DIRECTION('',(0.,0.,1.));
#4297 = DIRECTION('',(1.,0.,0.));
#4298 = ORIENTED_EDGE('',*,*,#4299,.T.);
#4299 = EDGE_CURVE('',#4291,#4300,#4302,.T.);
#4300 = VERTEX_POINT('',#4301);
#4301 = CARTESIAN_POINT('',(4.399922,-16.42073952031,12.5));
#4302 = LINE('',#4303,#4304);
#4303 = CARTESIAN_POINT('',(4.399922,-16.42073952031,16.5));
#4304 = VECTOR('',#4305,1.);
#4305 = DIRECTION('',(0.,0.,-1.));
#4306 = ORIENTED_EDGE('',*,*,#4307,.F.);
#4307 = EDGE_CURVE('',#4308,#4300,#4310,.T.);
#4308 = VERTEX_POINT('',#4309);
#4309 = CARTESIAN_POINT('',(12.020816684317,-12.02081387602,12.5));
#4310 = CIRCLE('',#4311,17.);
#4311 = AXIS2_PLACEMENT_3D('',#4312,#4313,#4314);
#4312 = CARTESIAN_POINT('',(-1.7763568394E-15,5.329070518201E-15,12.5));
#4313 = DIRECTION('',(0.,0.,-1.));
#4314 = DIRECTION('',(1.,0.,0.));
#4315 = ORIENTED_EDGE('',*,*,#4316,.F.);
#4316 = EDGE_CURVE('',#4317,#4308,#4319,.T.);
#4317 = VERTEX_POINT('',#4318);
#4318 = CARTESIAN_POINT('',(12.020816684317,-12.02081387602,16.5));
#4319 = LINE('',#4320,#4321);
#4320 = CARTESIAN_POINT('',(12.020816684317,-12.02081387602,16.5));
#4321 = VECTOR('',#4322,1.);
#4322 = DIRECTION('',(0.,0.,-1.));
#4323 = ORIENTED_EDGE('',*,*,#4324,.T.);
#4324 = EDGE_CURVE('',#4317,#4233,#4325,.T.);
#4325 = CIRCLE('',#4326,17.);
#4326 = AXIS2_PLACEMENT_3D('',#4327,#4328,#4329);
#4327 = CARTESIAN_POINT('',(-1.7763568394E-15,5.329070518201E-15,16.5));
#4328 = DIRECTION('',(0.,0.,1.));
#4329 = DIRECTION('',(1.,0.,0.));
#4330 = ORIENTED_EDGE('',*,*,#4232,.T.);
#4331 = ORIENTED_EDGE('',*,*,#3251,.F.);
#4332 = ORIENTED_EDGE('',*,*,#3100,.F.);
#4333 = ORIENTED_EDGE('',*,*,#3072,.F.);
#4334 = ORIENTED_EDGE('',*,*,#2948,.F.);
#4335 = ORIENTED_EDGE('',*,*,#2882,.F.);
#4336 = ORIENTED_EDGE('',*,*,#2867,.F.);
#4337 = ORIENTED_EDGE('',*,*,#2689,.F.);
#4338 = CYLINDRICAL_SURFACE('',#4339,17.);
#4339 = AXIS2_PLACEMENT_3D('',#4340,#4341,#4342);
#4340 = CARTESIAN_POINT('',(-1.7763568394E-15,5.329070518201E-15,18.5));
#4341 = DIRECTION('',(0.,0.,1.));
#4342 = DIRECTION('',(1.,0.,0.));
#4343 = ADVANCED_FACE('',(#4344),#4355,.F.);
#4344 = FACE_BOUND('',#4345,.T.);
#4345 = EDGE_LOOP('',(#4346,#4352,#4353,#4354));
#4346 = ORIENTED_EDGE('',*,*,#4347,.T.);
#4347 = EDGE_CURVE('',#3345,#3636,#4348,.T.);
#4348 = LINE('',#4349,#4350);
#4349 = CARTESIAN_POINT('',(-19.17157287525,20.171572875254,16.5));
#4350 = VECTOR('',#4351,1.);
#4351 = DIRECTION('',(-0.707106781187,-0.707106781187,1.6E-16));
#4352 = ORIENTED_EDGE('',*,*,#3643,.T.);
#4353 = ORIENTED_EDGE('',*,*,#3327,.F.);
#4354 = ORIENTED_EDGE('',*,*,#3344,.T.);
#4355 = CYLINDRICAL_SURFACE('',#4356,2.);
#4356 = AXIS2_PLACEMENT_3D('',#4357,#4358,#4359);
#4357 = CARTESIAN_POINT('',(-19.17157287525,20.171572875254,14.5));
#4358 = DIRECTION('',(-0.707106781187,-0.707106781187,1.6E-16));
#4359 = DIRECTION('',(-0.707106781187,0.707106781187,1.E-17));
#4360 = ADVANCED_FACE('',(#4361),#4433,.F.);
#4361 = FACE_BOUND('',#4362,.F.);
#4362 = EDGE_LOOP('',(#4363,#4364,#4365,#4371,#4372,#4373,#4379,#4380,
    #4381,#4389,#4398,#4404,#4405,#4413,#4422,#4428,#4429,#4430,#4431,
    #4432));
#4363 = ORIENTED_EDGE('',*,*,#3911,.T.);
#4364 = ORIENTED_EDGE('',*,*,#4022,.T.);
#4365 = ORIENTED_EDGE('',*,*,#4366,.F.);
#4366 = EDGE_CURVE('',#3576,#4023,#4367,.T.);
#4367 = LINE('',#4368,#4369);
#4368 = CARTESIAN_POINT('',(19.171572875254,20.171572875254,16.5));
#4369 = VECTOR('',#4370,1.);
#4370 = DIRECTION('',(0.707106781187,-0.707106781187,1.6E-16));
#4371 = ORIENTED_EDGE('',*,*,#3575,.F.);
#4372 = ORIENTED_EDGE('',*,*,#3489,.T.);
#4373 = ORIENTED_EDGE('',*,*,#4374,.T.);
#4374 = EDGE_CURVE('',#3492,#4240,#4375,.T.);
#4375 = LINE('',#4376,#4377);
#4376 = CARTESIAN_POINT('',(15.556347,15.556351422829,16.5));
#4377 = VECTOR('',#4378,1.);
#4378 = DIRECTION('',(-0.707106069154,-0.707107493218,0.));
#4379 = ORIENTED_EDGE('',*,*,#4239,.F.);
#4380 = ORIENTED_EDGE('',*,*,#4324,.F.);
#4381 = ORIENTED_EDGE('',*,*,#4382,.F.);
#4382 = EDGE_CURVE('',#4383,#4317,#4385,.T.);
#4383 = VERTEX_POINT('',#4384);
#4384 = CARTESIAN_POINT('',(15.556351727972,-15.55634664423,16.5));
#4385 = LINE('',#4386,#4387);
#4386 = CARTESIAN_POINT('',(15.556351727972,-15.55634664423,16.5));
#4387 = VECTOR('',#4388,1.);
#4388 = DIRECTION('',(-0.707107008731,0.707106553642,-0.));
#4389 = ORIENTED_EDGE('',*,*,#4390,.T.);
#4390 = EDGE_CURVE('',#4383,#4391,#4393,.T.);
#4391 = VERTEX_POINT('',#4392);
#4392 = CARTESIAN_POINT('',(5.694018,-21.25036844423,16.5));
#4393 = CIRCLE('',#4394,22.);
#4394 = AXIS2_PLACEMENT_3D('',#4395,#4396,#4397);
#4395 = CARTESIAN_POINT('',(-1.7763568394E-15,5.329070518201E-15,16.5));
#4396 = DIRECTION('',(0.,0.,-1.));
#4397 = DIRECTION('',(1.,0.,0.));
#4398 = ORIENTED_EDGE('',*,*,#4399,.F.);
#4399 = EDGE_CURVE('',#4291,#4391,#4400,.T.);
#4400 = LINE('',#4401,#4402);
#4401 = CARTESIAN_POINT('',(4.399922,-16.42073952031,16.5));
#4402 = VECTOR('',#4403,1.);
#4403 = DIRECTION('',(0.2588192,-0.965925784784,0.));
#4404 = ORIENTED_EDGE('',*,*,#4290,.F.);
#4405 = ORIENTED_EDGE('',*,*,#4406,.F.);
#4406 = EDGE_CURVE('',#4407,#4283,#4409,.T.);
#4407 = VERTEX_POINT('',#4408);
#4408 = CARTESIAN_POINT('',(-21.24983440097,-5.696010703229,16.5));
#4409 = LINE('',#4410,#4411);
#4410 = CARTESIAN_POINT('',(-21.24983440097,-5.696010703229,16.5));
#4411 = VECTOR('',#4412,1.);
#4412 = DIRECTION('',(0.965819106234,0.259217001821,0.));
#4413 = ORIENTED_EDGE('',*,*,#4414,.T.);
#4414 = EDGE_CURVE('',#4407,#4415,#4417,.T.);
#4415 = VERTEX_POINT('',#4416);
#4416 = CARTESIAN_POINT('',(-21.25090049176,5.692032,16.5));
#4417 = CIRCLE('',#4418,22.);
#4418 = AXIS2_PLACEMENT_3D('',#4419,#4420,#4421);
#4419 = CARTESIAN_POINT('',(-1.7763568394E-15,5.329070518201E-15,16.5));
#4420 = DIRECTION('',(0.,0.,-1.));
#4421 = DIRECTION('',(1.,0.,0.));
#4422 = ORIENTED_EDGE('',*,*,#4423,.F.);
#4423 = EDGE_CURVE('',#4257,#4415,#4424,.T.);
#4424 = LINE('',#4425,#4426);
#4425 = CARTESIAN_POINT('',(-16.42073855323,4.399925609164,16.5));
#4426 = VECTOR('',#4427,1.);
#4427 = DIRECTION('',(-0.966032324379,0.258421261227,-0.));
#4428 = ORIENTED_EDGE('',*,*,#4256,.F.);
#4429 = ORIENTED_EDGE('',*,*,#3377,.F.);
#4430 = ORIENTED_EDGE('',*,*,#3353,.F.);
#4431 = ORIENTED_EDGE('',*,*,#4347,.T.);
#4432 = ORIENTED_EDGE('',*,*,#3633,.F.);
#4433 = PLANE('',#4434);
#4434 = AXIS2_PLACEMENT_3D('',#4435,#4436,#4437);
#4435 = CARTESIAN_POINT('',(-28.,-23.,16.5));
#4436 = DIRECTION('',(0.,2.2E-16,1.));
#4437 = DIRECTION('',(0.,1.,-2.2E-16));
#4438 = ADVANCED_FACE('',(#4439),#4445,.F.);
#4439 = FACE_BOUND('',#4440,.F.);
#4440 = EDGE_LOOP('',(#4441,#4442,#4443,#4444));
#4441 = ORIENTED_EDGE('',*,*,#3543,.T.);
#4442 = ORIENTED_EDGE('',*,*,#3420,.T.);
#4443 = ORIENTED_EDGE('',*,*,#4248,.F.);
#4444 = ORIENTED_EDGE('',*,*,#4374,.F.);
#4445 = PLANE('',#4446);
#4446 = AXIS2_PLACEMENT_3D('',#4447,#4448,#4449);
#4447 = CARTESIAN_POINT('',(15.556347,15.556351422829,16.5));
#4448 = DIRECTION('',(-0.707107493218,0.707106069154,0.));
#4449 = DIRECTION('',(-0.707106069154,-0.707107493218,0.));
#4450 = ADVANCED_FACE('',(#4451),#4457,.F.);
#4451 = FACE_BOUND('',#4452,.F.);
#4452 = EDGE_LOOP('',(#4453,#4454,#4455,#4456));
#4453 = ORIENTED_EDGE('',*,*,#4366,.T.);
#4454 = ORIENTED_EDGE('',*,*,#4030,.F.);
#4455 = ORIENTED_EDGE('',*,*,#3557,.F.);
#4456 = ORIENTED_EDGE('',*,*,#3583,.T.);
#4457 = CYLINDRICAL_SURFACE('',#4458,2.);
#4458 = AXIS2_PLACEMENT_3D('',#4459,#4460,#4461);
#4459 = CARTESIAN_POINT('',(19.171572875254,20.171572875254,14.5));
#4460 = DIRECTION('',(0.707106781187,-0.707106781187,1.6E-16));
#4461 = DIRECTION('',(0.707106781187,0.707106781187,1.E-17));
#4462 = ADVANCED_FACE('',(#4463),#4469,.T.);
#4463 = FACE_BOUND('',#4464,.T.);
#4464 = EDGE_LOOP('',(#4465,#4466,#4467,#4468));
#4465 = ORIENTED_EDGE('',*,*,#3716,.T.);
#4466 = ORIENTED_EDGE('',*,*,#3763,.T.);
#4467 = ORIENTED_EDGE('',*,*,#3786,.F.);
#4468 = ORIENTED_EDGE('',*,*,#3739,.F.);
#4469 = PLANE('',#4470);
#4470 = AXIS2_PLACEMENT_3D('',#4471,#4472,#4473);
#4471 = CARTESIAN_POINT('',(-24.4,-16.43000156861,3.6));
#4472 = DIRECTION('',(1.,0.,0.));
#4473 = DIRECTION('',(0.,-1.,0.));
#4474 = ADVANCED_FACE('',(#4475),#4481,.T.);
#4475 = FACE_BOUND('',#4476,.T.);
#4476 = EDGE_LOOP('',(#4477,#4478,#4479,#4480));
#4477 = ORIENTED_EDGE('',*,*,#3812,.T.);
#4478 = ORIENTED_EDGE('',*,*,#3859,.T.);
#4479 = ORIENTED_EDGE('',*,*,#3882,.F.);
#4480 = ORIENTED_EDGE('',*,*,#3835,.F.);
#4481 = PLANE('',#4482);
#4482 = AXIS2_PLACEMENT_3D('',#4483,#4484,#4485);
#4483 = CARTESIAN_POINT('',(-24.4,-31.56999947712,3.6));
#4484 = DIRECTION('',(1.,0.,0.));
#4485 = DIRECTION('',(0.,-1.,0.));
#4486 = ADVANCED_FACE('',(#4487),#4498,.F.);
#4487 = FACE_BOUND('',#4488,.F.);
#4488 = EDGE_LOOP('',(#4489,#4495,#4496,#4497));
#4489 = ORIENTED_EDGE('',*,*,#4490,.F.);
#4490 = EDGE_CURVE('',#4182,#3920,#4491,.T.);
#4491 = LINE('',#4492,#4493);
#4492 = CARTESIAN_POINT('',(16.250054969811,-53.07268990054,
    7.554442046492));
#4493 = VECTOR('',#4494,1.);
#4494 = DIRECTION('',(0.,0.342019976818,-0.93969268139));
#4495 = ORIENTED_EDGE('',*,*,#4191,.F.);
#4496 = ORIENTED_EDGE('',*,*,#4490,.T.);
#4497 = ORIENTED_EDGE('',*,*,#3919,.T.);
#4498 = CYLINDRICAL_SURFACE('',#4499,1.05);
#4499 = AXIS2_PLACEMENT_3D('',#4500,#4501,#4502);
#4500 = CARTESIAN_POINT('',(15.200054969811,-53.07268990054,
    7.554442046492));
#4501 = DIRECTION('',(0.,-0.342019976818,0.93969268139));
#4502 = DIRECTION('',(1.,0.,0.));
#4503 = ADVANCED_FACE('',(#4504),#4515,.F.);
#4504 = FACE_BOUND('',#4505,.F.);
#4505 = EDGE_LOOP('',(#4506,#4512,#4513,#4514));
#4506 = ORIENTED_EDGE('',*,*,#4507,.F.);
#4507 = EDGE_CURVE('',#4157,#3931,#4508,.T.);
#4508 = LINE('',#4509,#4510);
#4509 = CARTESIAN_POINT('',(16.250054969811,-26.29144848093,
    17.302011385805));
#4510 = VECTOR('',#4511,1.);
#4511 = DIRECTION('',(0.,0.342019976818,-0.93969268139));
#4512 = ORIENTED_EDGE('',*,*,#4166,.F.);
#4513 = ORIENTED_EDGE('',*,*,#4507,.T.);
#4514 = ORIENTED_EDGE('',*,*,#3930,.T.);
#4515 = CYLINDRICAL_SURFACE('',#4516,1.05);
#4516 = AXIS2_PLACEMENT_3D('',#4517,#4518,#4519);
#4517 = CARTESIAN_POINT('',(15.200054969811,-26.29144848093,
    17.302011385805));
#4518 = DIRECTION('',(0.,-0.342019976818,0.93969268139));
#4519 = DIRECTION('',(1.,0.,0.));
#4520 = ADVANCED_FACE('',(#4521),#4532,.F.);
#4521 = FACE_BOUND('',#4522,.F.);
#4522 = EDGE_LOOP('',(#4523,#4529,#4530,#4531));
#4523 = ORIENTED_EDGE('',*,*,#4524,.F.);
#4524 = EDGE_CURVE('',#4207,#3942,#4525,.T.);
#4525 = LINE('',#4526,#4527);
#4526 = CARTESIAN_POINT('',(-14.14994503018,-53.07268990054,
    7.554442046492));
#4527 = VECTOR('',#4528,1.);
#4528 = DIRECTION('',(0.,0.342019976818,-0.93969268139));
#4529 = ORIENTED_EDGE('',*,*,#4216,.F.);
#4530 = ORIENTED_EDGE('',*,*,#4524,.T.);
#4531 = ORIENTED_EDGE('',*,*,#3941,.T.);
#4532 = CYLINDRICAL_SURFACE('',#4533,1.05);
#4533 = AXIS2_PLACEMENT_3D('',#4534,#4535,#4536);
#4534 = CARTESIAN_POINT('',(-15.19994503018,-53.07268990054,
    7.554442046492));
#4535 = DIRECTION('',(0.,-0.342019976818,0.93969268139));
#4536 = DIRECTION('',(1.,0.,0.));
#4537 = ADVANCED_FACE('',(#4538),#4549,.F.);
#4538 = FACE_BOUND('',#4539,.F.);
#4539 = EDGE_LOOP('',(#4540,#4546,#4547,#4548));
#4540 = ORIENTED_EDGE('',*,*,#4541,.F.);
#4541 = EDGE_CURVE('',#4064,#3987,#4542,.T.);
#4542 = LINE('',#4543,#4544);
#4543 = CARTESIAN_POINT('',(-14.14994503018,-26.29144848093,
    17.302011385805));
#4544 = VECTOR('',#4545,1.);
#4545 = DIRECTION('',(0.,0.342019976818,-0.93969268139));
#4546 = ORIENTED_EDGE('',*,*,#4073,.F.);
#4547 = ORIENTED_EDGE('',*,*,#4541,.T.);
#4548 = ORIENTED_EDGE('',*,*,#3986,.T.);
#4549 = CYLINDRICAL_SURFACE('',#4550,1.05);
#4550 = AXIS2_PLACEMENT_3D('',#4551,#4552,#4553);
#4551 = CARTESIAN_POINT('',(-15.19994503018,-26.29144848093,
    17.302011385805));
#4552 = DIRECTION('',(0.,-0.342019976818,0.93969268139));
#4553 = DIRECTION('',(1.,0.,0.));
#4554 = ADVANCED_FACE('',(#4555),#4573,.T.);
#4555 = FACE_BOUND('',#4556,.T.);
#4556 = EDGE_LOOP('',(#4557,#4565,#4571,#4572));
#4557 = ORIENTED_EDGE('',*,*,#4558,.T.);
#4558 = EDGE_CURVE('',#4383,#4559,#4561,.T.);
#4559 = VERTEX_POINT('',#4560);
#4560 = CARTESIAN_POINT('',(15.556351727972,-15.55634664423,12.5));
#4561 = LINE('',#4562,#4563);
#4562 = CARTESIAN_POINT('',(15.556351727972,-15.55634664423,16.5));
#4563 = VECTOR('',#4564,1.);
#4564 = DIRECTION('',(0.,0.,-1.));
#4565 = ORIENTED_EDGE('',*,*,#4566,.T.);
#4566 = EDGE_CURVE('',#4559,#4308,#4567,.T.);
#4567 = LINE('',#4568,#4569);
#4568 = CARTESIAN_POINT('',(15.556351727972,-15.55634664423,12.5));
#4569 = VECTOR('',#4570,1.);
#4570 = DIRECTION('',(-0.707107008731,0.707106553642,-0.));
#4571 = ORIENTED_EDGE('',*,*,#4316,.F.);
#4572 = ORIENTED_EDGE('',*,*,#4382,.F.);
#4573 = PLANE('',#4574);
#4574 = AXIS2_PLACEMENT_3D('',#4575,#4576,#4577);
#4575 = CARTESIAN_POINT('',(15.556351727972,-15.55634664423,16.5));
#4576 = DIRECTION('',(0.707106553642,0.707107008731,0.));
#4577 = DIRECTION('',(-0.707107008731,0.707106553642,0.));
#4578 = ADVANCED_FACE('',(#4579),#4598,.F.);
#4579 = FACE_BOUND('',#4580,.F.);
#4580 = EDGE_LOOP('',(#4581,#4582,#4583,#4591));
#4581 = ORIENTED_EDGE('',*,*,#4566,.T.);
#4582 = ORIENTED_EDGE('',*,*,#4307,.T.);
#4583 = ORIENTED_EDGE('',*,*,#4584,.T.);
#4584 = EDGE_CURVE('',#4300,#4585,#4587,.T.);
#4585 = VERTEX_POINT('',#4586);
#4586 = CARTESIAN_POINT('',(5.694018,-21.25036844423,12.5));
#4587 = LINE('',#4588,#4589);
#4588 = CARTESIAN_POINT('',(4.399922,-16.42073952031,12.5));
#4589 = VECTOR('',#4590,1.);
#4590 = DIRECTION('',(0.2588192,-0.965925784784,0.));
#4591 = ORIENTED_EDGE('',*,*,#4592,.F.);
#4592 = EDGE_CURVE('',#4559,#4585,#4593,.T.);
#4593 = CIRCLE('',#4594,22.);
#4594 = AXIS2_PLACEMENT_3D('',#4595,#4596,#4597);
#4595 = CARTESIAN_POINT('',(-1.7763568394E-15,5.329070518201E-15,12.5));
#4596 = DIRECTION('',(0.,0.,-1.));
#4597 = DIRECTION('',(1.,0.,0.));
#4598 = PLANE('',#4599);
#4599 = AXIS2_PLACEMENT_3D('',#4600,#4601,#4602);
#4600 = CARTESIAN_POINT('',(-7.913757755773E-07,-3.646145900973E-04,12.5
    ));
#4601 = DIRECTION('',(0.,0.,1.));
#4602 = DIRECTION('',(1.,0.,0.));
#4603 = ADVANCED_FACE('',(#4604),#4615,.T.);
#4604 = FACE_BOUND('',#4605,.T.);
#4605 = EDGE_LOOP('',(#4606,#4607,#4608,#4614));
#4606 = ORIENTED_EDGE('',*,*,#4299,.T.);
#4607 = ORIENTED_EDGE('',*,*,#4584,.T.);
#4608 = ORIENTED_EDGE('',*,*,#4609,.F.);
#4609 = EDGE_CURVE('',#4391,#4585,#4610,.T.);
#4610 = LINE('',#4611,#4612);
#4611 = CARTESIAN_POINT('',(5.694018,-21.25036844423,16.5));
#4612 = VECTOR('',#4613,1.);
#4613 = DIRECTION('',(0.,0.,-1.));
#4614 = ORIENTED_EDGE('',*,*,#4399,.F.);
#4615 = PLANE('',#4616);
#4616 = AXIS2_PLACEMENT_3D('',#4617,#4618,#4619);
#4617 = CARTESIAN_POINT('',(4.399922,-16.42073952031,16.5));
#4618 = DIRECTION('',(-0.965925784784,-0.2588192,-0.));
#4619 = DIRECTION('',(0.2588192,-0.965925784784,0.));
#4620 = ADVANCED_FACE('',(#4621),#4639,.T.);
#4621 = FACE_BOUND('',#4622,.T.);
#4622 = EDGE_LOOP('',(#4623,#4631,#4637,#4638));
#4623 = ORIENTED_EDGE('',*,*,#4624,.T.);
#4624 = EDGE_CURVE('',#4407,#4625,#4627,.T.);
#4625 = VERTEX_POINT('',#4626);
#4626 = CARTESIAN_POINT('',(-21.24983440097,-5.696010703229,12.5));
#4627 = LINE('',#4628,#4629);
#4628 = CARTESIAN_POINT('',(-21.24983440097,-5.696010703229,16.5));
#4629 = VECTOR('',#4630,1.);
#4630 = DIRECTION('',(0.,0.,-1.));
#4631 = ORIENTED_EDGE('',*,*,#4632,.T.);
#4632 = EDGE_CURVE('',#4625,#4274,#4633,.T.);
#4633 = LINE('',#4634,#4635);
#4634 = CARTESIAN_POINT('',(-21.24983440097,-5.696010703229,12.5));
#4635 = VECTOR('',#4636,1.);
#4636 = DIRECTION('',(0.965819106234,0.259217001821,0.));
#4637 = ORIENTED_EDGE('',*,*,#4282,.F.);
#4638 = ORIENTED_EDGE('',*,*,#4406,.F.);
#4639 = PLANE('',#4640);
#4640 = AXIS2_PLACEMENT_3D('',#4641,#4642,#4643);
#4641 = CARTESIAN_POINT('',(-21.24983440097,-5.696010703229,16.5));
#4642 = DIRECTION('',(0.259217001821,-0.965819106234,0.));
#4643 = DIRECTION('',(0.965819106234,0.259217001821,0.));
#4644 = ADVANCED_FACE('',(#4645),#4664,.F.);
#4645 = FACE_BOUND('',#4646,.F.);
#4646 = EDGE_LOOP('',(#4647,#4648,#4649,#4657));
#4647 = ORIENTED_EDGE('',*,*,#4632,.T.);
#4648 = ORIENTED_EDGE('',*,*,#4273,.T.);
#4649 = ORIENTED_EDGE('',*,*,#4650,.T.);
#4650 = EDGE_CURVE('',#4266,#4651,#4653,.T.);
#4651 = VERTEX_POINT('',#4652);
#4652 = CARTESIAN_POINT('',(-21.25090049176,5.692032,12.5));
#4653 = LINE('',#4654,#4655);
#4654 = CARTESIAN_POINT('',(-16.42073855323,4.399925609164,12.5));
#4655 = VECTOR('',#4656,1.);
#4656 = DIRECTION('',(-0.966032324379,0.258421261227,-0.));
#4657 = ORIENTED_EDGE('',*,*,#4658,.F.);
#4658 = EDGE_CURVE('',#4625,#4651,#4659,.T.);
#4659 = CIRCLE('',#4660,22.);
#4660 = AXIS2_PLACEMENT_3D('',#4661,#4662,#4663);
#4661 = CARTESIAN_POINT('',(-1.7763568394E-15,5.329070518201E-15,12.5));
#4662 = DIRECTION('',(0.,0.,-1.));
#4663 = DIRECTION('',(1.,0.,0.));
#4664 = PLANE('',#4665);
#4665 = AXIS2_PLACEMENT_3D('',#4666,#4667,#4668);
#4666 = CARTESIAN_POINT('',(-7.913757755773E-07,-3.646145900973E-04,12.5
    ));
#4667 = DIRECTION('',(0.,0.,1.));
#4668 = DIRECTION('',(1.,0.,0.));
#4669 = ADVANCED_FACE('',(#4670),#4681,.T.);
#4670 = FACE_BOUND('',#4671,.T.);
#4671 = EDGE_LOOP('',(#4672,#4673,#4674,#4680));
#4672 = ORIENTED_EDGE('',*,*,#4265,.T.);
#4673 = ORIENTED_EDGE('',*,*,#4650,.T.);
#4674 = ORIENTED_EDGE('',*,*,#4675,.F.);
#4675 = EDGE_CURVE('',#4415,#4651,#4676,.T.);
#4676 = LINE('',#4677,#4678);
#4677 = CARTESIAN_POINT('',(-21.25090049176,5.692032,16.5));
#4678 = VECTOR('',#4679,1.);
#4679 = DIRECTION('',(0.,0.,-1.));
#4680 = ORIENTED_EDGE('',*,*,#4423,.F.);
#4681 = PLANE('',#4682);
#4682 = AXIS2_PLACEMENT_3D('',#4683,#4684,#4685);
#4683 = CARTESIAN_POINT('',(-16.42073855323,4.399925609164,16.5));
#4684 = DIRECTION('',(0.258421261227,0.966032324379,0.));
#4685 = DIRECTION('',(-0.966032324379,0.258421261227,0.));
#4686 = ADVANCED_FACE('',(#4687),#4693,.T.);
#4687 = FACE_BOUND('',#4688,.F.);
#4688 = EDGE_LOOP('',(#4689,#4690,#4691,#4692));
#4689 = ORIENTED_EDGE('',*,*,#4624,.T.);
#4690 = ORIENTED_EDGE('',*,*,#4658,.T.);
#4691 = ORIENTED_EDGE('',*,*,#4675,.F.);
#4692 = ORIENTED_EDGE('',*,*,#4414,.F.);
#4693 = CYLINDRICAL_SURFACE('',#4694,22.);
#4694 = AXIS2_PLACEMENT_3D('',#4695,#4696,#4697);
#4695 = CARTESIAN_POINT('',(-1.7763568394E-15,5.329070518201E-15,16.5));
#4696 = DIRECTION('',(0.,0.,1.));
#4697 = DIRECTION('',(1.,0.,0.));
#4698 = ADVANCED_FACE('',(#4699),#4705,.T.);
#4699 = FACE_BOUND('',#4700,.F.);
#4700 = EDGE_LOOP('',(#4701,#4702,#4703,#4704));
#4701 = ORIENTED_EDGE('',*,*,#4558,.T.);
#4702 = ORIENTED_EDGE('',*,*,#4592,.T.);
#4703 = ORIENTED_EDGE('',*,*,#4609,.F.);
#4704 = ORIENTED_EDGE('',*,*,#4390,.F.);
#4705 = CYLINDRICAL_SURFACE('',#4706,22.);
#4706 = AXIS2_PLACEMENT_3D('',#4707,#4708,#4709);
#4707 = CARTESIAN_POINT('',(-1.7763568394E-15,5.329070518201E-15,16.5));
#4708 = DIRECTION('',(0.,0.,1.));
#4709 = DIRECTION('',(1.,0.,0.));
#4710 = ( GEOMETRIC_REPRESENTATION_CONTEXT(3) 
GLOBAL_UNCERTAINTY_ASSIGNED_CONTEXT((#4714)) 
GLOBAL_UNIT_ASSIGNED_CONTEXT((#4711,#4712,#4713)) REPRESENTATION_CONTEXT
('Context #1','3D Context with UNIT and UNCERTAINTY') );
#4711 = ( LENGTH_UNIT() NAMED_UNIT(*) SI_UNIT(.MILLI.,.METRE.) );
#4712 = ( NAMED_UNIT(*) PLANE_ANGLE_UNIT() SI_UNIT($,.RADIAN.) );
#4713 = ( NAMED_UNIT(*) SI_UNIT($,.STERADIAN.) SOLID_ANGLE_UNIT() );
#4714 = UNCERTAINTY_MEASURE_WITH_UNIT(LENGTH_MEASURE(5.E-06),#4711,
  'distance_accuracy_value','confusion accuracy');
#4715 = PRODUCT_RELATED_PRODUCT_CATEGORY('part',$,(#7));
#4716 = MECHANICAL_DESIGN_GEOMETRIC_PRESENTATION_REPRESENTATION('',(
    #4717),#4710);
#4717 = STYLED_ITEM('color',(#4718),#15);
#4718 = PRESENTATION_STYLE_ASSIGNMENT((#4719,#4727));
#4719 = SURFACE_STYLE_USAGE(.BOTH.,#4720);
#4720 = SURFACE_SIDE_STYLE('',(#4721,#4725));
#4721 = SURFACE_STYLE_FILL_AREA(#4722);
#4722 = FILL_AREA_STYLE('',(#4723));
#4723 = FILL_AREA_STYLE_COLOUR('',#4724);
#4724 = COLOUR_RGB('',0.713725498821,0.788235302081,0.349019616187);
#4725 = SURFACE_STYLE_RENDERING_WITH_PROPERTIES(.NORMAL_SHADING.,#4724,(
    #4726));
#4726 = SURFACE_STYLE_TRANSPARENT(0.199999988079);
#4727 = CURVE_STYLE('',#4728,POSITIVE_LENGTH_MEASURE(0.1),#4729);
#4728 = DRAUGHTING_PRE_DEFINED_CURVE_FONT('continuous');
#4729 = COLOUR_RGB('',9.803921802644E-02,9.803921802644E-02,
  9.803921802644E-02);
ENDSEC;
END-ISO-10303-21;
