ISO-10303-21;
HEADER;
FILE_DESCRIPTION(('FreeCAD Model'),'2;1');
FILE_NAME('Open CASCADE Shape Model','2026-01-10T20:50:00',('Author'),(
    ''),'Open CASCADE STEP processor 7.8','FreeCAD','Unknown');
FILE_SCHEMA(('AUTOMOTIVE_DESIGN { 1 0 10303 214 1 1 1 1 }'));
ENDSEC;
DATA;
#1 = APPLICATION_PROTOCOL_DEFINITION('international standard',
  'automotive_design',2000,#2);
#2 = APPLICATION_CONTEXT(
  'core data for automotive mechanical design processes');
#3 = SHAPE_DEFINITION_REPRESENTATION(#4,#10);
#4 = PRODUCT_DEFINITION_SHAPE('','',#5);
#5 = PRODUCT_DEFINITION('design','',#6,#9);
#6 = PRODUCT_DEFINITION_FORMATION('','',#7);
#7 = PRODUCT('case','case','',(#8));
#8 = PRODUCT_CONTEXT('',#2,'mechanical');
#9 = PRODUCT_DEFINITION_CONTEXT('part definition',#2,'design');
#10 = ADVANCED_BREP_SHAPE_REPRESENTATION('',(#11,#15),#4643);
#11 = AXIS2_PLACEMENT_3D('',#12,#13,#14);
#12 = CARTESIAN_POINT('',(0.,0.,0.));
#13 = DIRECTION('',(0.,0.,1.));
#14 = DIRECTION('',(1.,0.,-0.));
#15 = BREP_WITH_VOIDS('',#16,(#4493));
#16 = CLOSED_SHELL('',(#17,#79,#112,#145,#416,#469,#494,#519,#557,#659,
    #717,#749,#774,#799,#816,#841,#872,#897,#922,#946,#970,#995,#1020,
    #1037,#1062,#1087,#1184,#1224,#1319,#1343,#1367,#1423,#1447,#1471,
    #1643,#1729,#1753,#1770,#1795,#1822,#1852,#1870,#1926,#1948,#1965,
    #1982,#1999,#2016,#2033,#2050,#2062,#2074,#2083,#2213,#2222,#2231,
    #2255,#2279,#2296,#2322,#2353,#2385,#2409,#2434,#2507,#2519,#2531,
    #2555,#2579,#2596,#2608,#2633,#2656,#2681,#2693,#2717,#2741,#2758,
    #2770,#2794,#2811,#2823,#2832,#2921,#2943,#2960,#2977,#2989,#3014,
    #3039,#3064,#3118,#3143,#3196,#3230,#3281,#3306,#3353,#3371,#3396,
    #3413,#3425,#3450,#3475,#3488,#3532,#3681,#3707,#3854,#3880,#4017,
    #4037,#4057,#4077,#4136,#4156,#4165,#4174,#4200,#4219,#4237,#4255,
    #4267,#4295,#4309,#4327,#4345,#4357,#4382,#4407,#4432,#4457,#4466,
    #4475,#4484));
#17 = ADVANCED_FACE('',(#18),#74,.T.);
#18 = FACE_BOUND('',#19,.T.);
#19 = EDGE_LOOP('',(#20,#30,#38,#52,#60,#68));
#20 = ORIENTED_EDGE('',*,*,#21,.F.);
#21 = EDGE_CURVE('',#22,#24,#26,.T.);
#22 = VERTEX_POINT('',#23);
#23 = CARTESIAN_POINT('',(-25.,23.,14.));
#24 = VERTEX_POINT('',#25);
#25 = CARTESIAN_POINT('',(-25.,23.,-1.2E-14));
#26 = LINE('',#27,#28);
#27 = CARTESIAN_POINT('',(-25.,23.,16.));
#28 = VECTOR('',#29,1.);
#29 = DIRECTION('',(3.3E-16,-1.1E-16,-1.));
#30 = ORIENTED_EDGE('',*,*,#31,.T.);
#31 = EDGE_CURVE('',#22,#32,#34,.T.);
#32 = VERTEX_POINT('',#33);
#33 = CARTESIAN_POINT('',(-4.609772228646,23.,14.));
#34 = LINE('',#35,#36);
#35 = CARTESIAN_POINT('',(-25.,23.,14.));
#36 = VECTOR('',#37,1.);
#37 = DIRECTION('',(1.,-2.2E-16,1.1E-16));
#38 = ORIENTED_EDGE('',*,*,#39,.T.);
#39 = EDGE_CURVE('',#32,#40,#42,.T.);
#40 = VERTEX_POINT('',#41);
#41 = CARTESIAN_POINT('',(4.609772228646,23.,14.));
#42 = ( BOUNDED_CURVE() B_SPLINE_CURVE(8,(#43,#44,#45,#46,#47,#48,#49,
#50,#51),.UNSPECIFIED.,.F.,.F.) B_SPLINE_CURVE_WITH_KNOTS((9,9),(
68.102616751738,77.322161209031),.PIECEWISE_BEZIER_KNOTS.) CURVE() 
GEOMETRIC_REPRESENTATION_ITEM() RATIONAL_B_SPLINE_CURVE((1.,1.,1.,1.,1.,
1.,1.,1.,1.)) REPRESENTATION_ITEM('') );
#43 = CARTESIAN_POINT('',(-4.609772228646,23.,14.));
#44 = CARTESIAN_POINT('',(-3.457329171485,23.,14.));
#45 = CARTESIAN_POINT('',(-2.304886114323,23.,14.036574960183));
#46 = CARTESIAN_POINT('',(-1.152443057161,23.,14.071355841993));
#47 = CARTESIAN_POINT('',(-2.0948E-13,23.,14.088829118869));
#48 = CARTESIAN_POINT('',(1.152443057162,23.,14.071355841993));
#49 = CARTESIAN_POINT('',(2.304886114323,23.,14.036574960183));
#50 = CARTESIAN_POINT('',(3.457329171485,23.,14.));
#51 = CARTESIAN_POINT('',(4.609772228646,23.,14.));
#52 = ORIENTED_EDGE('',*,*,#53,.T.);
#53 = EDGE_CURVE('',#40,#54,#56,.T.);
#54 = VERTEX_POINT('',#55);
#55 = CARTESIAN_POINT('',(25.,23.,14.));
#56 = LINE('',#57,#58);
#57 = CARTESIAN_POINT('',(-25.,23.,14.));
#58 = VECTOR('',#59,1.);
#59 = DIRECTION('',(1.,-2.2E-16,1.1E-16));
#60 = ORIENTED_EDGE('',*,*,#61,.T.);
#61 = EDGE_CURVE('',#54,#62,#64,.T.);
#62 = VERTEX_POINT('',#63);
#63 = CARTESIAN_POINT('',(25.,23.,-7.E-15));
#64 = LINE('',#65,#66);
#65 = CARTESIAN_POINT('',(25.,23.,16.));
#66 = VECTOR('',#67,1.);
#67 = DIRECTION('',(3.3E-16,-1.1E-16,-1.));
#68 = ORIENTED_EDGE('',*,*,#69,.F.);
#69 = EDGE_CURVE('',#24,#62,#70,.T.);
#70 = LINE('',#71,#72);
#71 = CARTESIAN_POINT('',(-28.,23.,-5.11E-15));
#72 = VECTOR('',#73,1.);
#73 = DIRECTION('',(1.,-2.2E-16,0.));
#74 = PLANE('',#75);
#75 = AXIS2_PLACEMENT_3D('',#76,#77,#78);
#76 = CARTESIAN_POINT('',(-28.,23.,16.));
#77 = DIRECTION('',(2.2E-16,1.,0.));
#78 = DIRECTION('',(2.2E-16,-4.84E-32,-1.));
#79 = ADVANCED_FACE('',(#80),#107,.T.);
#80 = FACE_BOUND('',#81,.F.);
#81 = EDGE_LOOP('',(#82,#83,#92,#100));
#82 = ORIENTED_EDGE('',*,*,#21,.F.);
#83 = ORIENTED_EDGE('',*,*,#84,.F.);
#84 = EDGE_CURVE('',#85,#22,#87,.T.);
#85 = VERTEX_POINT('',#86);
#86 = CARTESIAN_POINT('',(-28.,20.,14.));
#87 = CIRCLE('',#88,3.);
#88 = AXIS2_PLACEMENT_3D('',#89,#90,#91);
#89 = CARTESIAN_POINT('',(-25.,20.,14.));
#90 = DIRECTION('',(1.1E-16,-3.3E-16,-1.));
#91 = DIRECTION('',(-1.,-2.59E-15,-1.1E-16));
#92 = ORIENTED_EDGE('',*,*,#93,.T.);
#93 = EDGE_CURVE('',#85,#94,#96,.T.);
#94 = VERTEX_POINT('',#95);
#95 = CARTESIAN_POINT('',(-28.,20.,0.));
#96 = LINE('',#97,#98);
#97 = CARTESIAN_POINT('',(-28.,20.,16.));
#98 = VECTOR('',#99,1.);
#99 = DIRECTION('',(3.3E-16,-1.1E-16,-1.));
#100 = ORIENTED_EDGE('',*,*,#101,.F.);
#101 = EDGE_CURVE('',#24,#94,#102,.T.);
#102 = CIRCLE('',#103,3.);
#103 = AXIS2_PLACEMENT_3D('',#104,#105,#106);
#104 = CARTESIAN_POINT('',(-25.,20.,-5.33E-15));
#105 = DIRECTION('',(-3.3E-16,1.1E-16,1.));
#106 = DIRECTION('',(1.,0.,3.3E-16));
#107 = CYLINDRICAL_SURFACE('',#108,3.);
#108 = AXIS2_PLACEMENT_3D('',#109,#110,#111);
#109 = CARTESIAN_POINT('',(-25.,20.,16.));
#110 = DIRECTION('',(3.3E-16,-1.1E-16,-1.));
#111 = DIRECTION('',(2.2E-16,1.,-1.1E-16));
#112 = ADVANCED_FACE('',(#113),#140,.T.);
#113 = FACE_BOUND('',#114,.T.);
#114 = EDGE_LOOP('',(#115,#124,#132,#139));
#115 = ORIENTED_EDGE('',*,*,#116,.T.);
#116 = EDGE_CURVE('',#22,#117,#119,.T.);
#117 = VERTEX_POINT('',#118);
#118 = CARTESIAN_POINT('',(-25.,21.,16.));
#119 = CIRCLE('',#120,2.);
#120 = AXIS2_PLACEMENT_3D('',#121,#122,#123);
#121 = CARTESIAN_POINT('',(-25.,21.,14.));
#122 = DIRECTION('',(1.,2.65E-15,1.1E-16));
#123 = DIRECTION('',(-2.65E-15,1.,-3.3E-16));
#124 = ORIENTED_EDGE('',*,*,#125,.T.);
#125 = EDGE_CURVE('',#117,#126,#128,.T.);
#126 = VERTEX_POINT('',#127);
#127 = CARTESIAN_POINT('',(-4.609772228646,21.,16.));
#128 = LINE('',#129,#130);
#129 = CARTESIAN_POINT('',(-25.,21.,16.));
#130 = VECTOR('',#131,1.);
#131 = DIRECTION('',(1.,-2.2E-16,1.1E-16));
#132 = ORIENTED_EDGE('',*,*,#133,.F.);
#133 = EDGE_CURVE('',#32,#126,#134,.T.);
#134 = CIRCLE('',#135,2.);
#135 = AXIS2_PLACEMENT_3D('',#136,#137,#138);
#136 = CARTESIAN_POINT('',(-4.609772228646,21.,14.));
#137 = DIRECTION('',(1.,-2.2E-16,1.1E-16));
#138 = DIRECTION('',(2.2E-16,1.,-1.1E-16));
#139 = ORIENTED_EDGE('',*,*,#31,.F.);
#140 = CYLINDRICAL_SURFACE('',#141,2.);
#141 = AXIS2_PLACEMENT_3D('',#142,#143,#144);
#142 = CARTESIAN_POINT('',(-25.,21.,14.));
#143 = DIRECTION('',(1.,-2.2E-16,1.1E-16));
#144 = DIRECTION('',(2.2E-16,1.,-1.1E-16));
#145 = ADVANCED_FACE('',(#146,#199,#210,#280,#291,#302,#400),#411,.T.);
#146 = FACE_BOUND('',#147,.T.);
#147 = EDGE_LOOP('',(#148,#149,#158,#166,#175,#183,#192,#198));
#148 = ORIENTED_EDGE('',*,*,#69,.T.);
#149 = ORIENTED_EDGE('',*,*,#150,.T.);
#150 = EDGE_CURVE('',#62,#151,#153,.T.);
#151 = VERTEX_POINT('',#152);
#152 = CARTESIAN_POINT('',(28.,20.,9.E-15));
#153 = CIRCLE('',#154,3.);
#154 = AXIS2_PLACEMENT_3D('',#155,#156,#157);
#155 = CARTESIAN_POINT('',(25.,20.,-7.11E-15));
#156 = DIRECTION('',(3.3E-16,-1.1E-16,-1.));
#157 = DIRECTION('',(1.,0.,3.3E-16));
#158 = ORIENTED_EDGE('',*,*,#159,.T.);
#159 = EDGE_CURVE('',#151,#160,#162,.T.);
#160 = VERTEX_POINT('',#161);
#161 = CARTESIAN_POINT('',(28.,-52.,1.4E-14));
#162 = LINE('',#163,#164);
#163 = CARTESIAN_POINT('',(28.,23.,-5.11E-15));
#164 = VECTOR('',#165,1.);
#165 = DIRECTION('',(2.2E-16,-1.,2.2E-16));
#166 = ORIENTED_EDGE('',*,*,#167,.T.);
#167 = EDGE_CURVE('',#160,#168,#170,.T.);
#168 = VERTEX_POINT('',#169);
#169 = CARTESIAN_POINT('',(25.,-55.,2.1E-14));
#170 = CIRCLE('',#171,3.);
#171 = AXIS2_PLACEMENT_3D('',#172,#173,#174);
#172 = CARTESIAN_POINT('',(25.,-52.,1.732E-14));
#173 = DIRECTION('',(3.3E-16,-1.1E-16,-1.));
#174 = DIRECTION('',(-1.,0.,-3.3E-16));
#175 = ORIENTED_EDGE('',*,*,#176,.F.);
#176 = EDGE_CURVE('',#177,#168,#179,.T.);
#177 = VERTEX_POINT('',#178);
#178 = CARTESIAN_POINT('',(-25.,-55.,1.6E-14));
#179 = LINE('',#180,#181);
#180 = CARTESIAN_POINT('',(-28.,-55.,1.221E-14));
#181 = VECTOR('',#182,1.);
#182 = DIRECTION('',(1.,-2.2E-16,0.));
#183 = ORIENTED_EDGE('',*,*,#184,.F.);
#184 = EDGE_CURVE('',#185,#177,#187,.T.);
#185 = VERTEX_POINT('',#186);
#186 = CARTESIAN_POINT('',(-28.,-52.,7.E-15));
#187 = CIRCLE('',#188,3.);
#188 = AXIS2_PLACEMENT_3D('',#189,#190,#191);
#189 = CARTESIAN_POINT('',(-25.,-52.,1.732E-14));
#190 = DIRECTION('',(-3.3E-16,1.1E-16,1.));
#191 = DIRECTION('',(-1.,0.,-3.3E-16));
#192 = ORIENTED_EDGE('',*,*,#193,.F.);
#193 = EDGE_CURVE('',#94,#185,#194,.T.);
#194 = LINE('',#195,#196);
#195 = CARTESIAN_POINT('',(-28.,23.,-5.11E-15));
#196 = VECTOR('',#197,1.);
#197 = DIRECTION('',(2.2E-16,-1.,2.2E-16));
#198 = ORIENTED_EDGE('',*,*,#101,.F.);
#199 = FACE_BOUND('',#200,.T.);
#200 = EDGE_LOOP('',(#201));
#201 = ORIENTED_EDGE('',*,*,#202,.F.);
#202 = EDGE_CURVE('',#203,#203,#205,.T.);
#203 = VERTEX_POINT('',#204);
#204 = CARTESIAN_POINT('',(26.6,20.,0.));
#205 = CIRCLE('',#206,1.6);
#206 = AXIS2_PLACEMENT_3D('',#207,#208,#209);
#207 = CARTESIAN_POINT('',(25.,20.,0.));
#208 = DIRECTION('',(0.,0.,-1.));
#209 = DIRECTION('',(1.,0.,0.));
#210 = FACE_BOUND('',#211,.T.);
#211 = EDGE_LOOP('',(#212,#222,#231,#239,#248,#256,#265,#273));
#212 = ORIENTED_EDGE('',*,*,#213,.F.);
#213 = EDGE_CURVE('',#214,#216,#218,.T.);
#214 = VERTEX_POINT('',#215);
#215 = CARTESIAN_POINT('',(-16.25,-9.25,0.));
#216 = VERTEX_POINT('',#217);
#217 = CARTESIAN_POINT('',(-16.25,9.25,0.));
#218 = LINE('',#219,#220);
#219 = CARTESIAN_POINT('',(-16.25,-9.25,0.));
#220 = VECTOR('',#221,1.);
#221 = DIRECTION('',(0.,1.,0.));
#222 = ORIENTED_EDGE('',*,*,#223,.F.);
#223 = EDGE_CURVE('',#224,#214,#226,.T.);
#224 = VERTEX_POINT('',#225);
#225 = CARTESIAN_POINT('',(-13.25,-12.25,0.));
#226 = CIRCLE('',#227,3.);
#227 = AXIS2_PLACEMENT_3D('',#228,#229,#230);
#228 = CARTESIAN_POINT('',(-13.25,-9.25,0.));
#229 = DIRECTION('',(0.,0.,-1.));
#230 = DIRECTION('',(1.,0.,0.));
#231 = ORIENTED_EDGE('',*,*,#232,.F.);
#232 = EDGE_CURVE('',#233,#224,#235,.T.);
#233 = VERTEX_POINT('',#234);
#234 = CARTESIAN_POINT('',(13.25,-12.25,0.));
#235 = LINE('',#236,#237);
#236 = CARTESIAN_POINT('',(13.25,-12.25,0.));
#237 = VECTOR('',#238,1.);
#238 = DIRECTION('',(-1.,0.,0.));
#239 = ORIENTED_EDGE('',*,*,#240,.F.);
#240 = EDGE_CURVE('',#241,#233,#243,.T.);
#241 = VERTEX_POINT('',#242);
#242 = CARTESIAN_POINT('',(16.25,-9.25,0.));
#243 = CIRCLE('',#244,3.);
#244 = AXIS2_PLACEMENT_3D('',#245,#246,#247);
#245 = CARTESIAN_POINT('',(13.25,-9.25,0.));
#246 = DIRECTION('',(0.,0.,-1.));
#247 = DIRECTION('',(1.,0.,0.));
#248 = ORIENTED_EDGE('',*,*,#249,.F.);
#249 = EDGE_CURVE('',#250,#241,#252,.T.);
#250 = VERTEX_POINT('',#251);
#251 = CARTESIAN_POINT('',(16.25,9.25,0.));
#252 = LINE('',#253,#254);
#253 = CARTESIAN_POINT('',(16.25,9.25,0.));
#254 = VECTOR('',#255,1.);
#255 = DIRECTION('',(0.,-1.,0.));
#256 = ORIENTED_EDGE('',*,*,#257,.F.);
#257 = EDGE_CURVE('',#258,#250,#260,.T.);
#258 = VERTEX_POINT('',#259);
#259 = CARTESIAN_POINT('',(13.25,12.25,0.));
#260 = CIRCLE('',#261,3.);
#261 = AXIS2_PLACEMENT_3D('',#262,#263,#264);
#262 = CARTESIAN_POINT('',(13.25,9.25,0.));
#263 = DIRECTION('',(0.,0.,-1.));
#264 = DIRECTION('',(1.,0.,0.));
#265 = ORIENTED_EDGE('',*,*,#266,.F.);
#266 = EDGE_CURVE('',#267,#258,#269,.T.);
#267 = VERTEX_POINT('',#268);
#268 = CARTESIAN_POINT('',(-13.25,12.25,0.));
#269 = LINE('',#270,#271);
#270 = CARTESIAN_POINT('',(-13.25,12.25,0.));
#271 = VECTOR('',#272,1.);
#272 = DIRECTION('',(1.,0.,0.));
#273 = ORIENTED_EDGE('',*,*,#274,.F.);
#274 = EDGE_CURVE('',#216,#267,#275,.T.);
#275 = CIRCLE('',#276,3.);
#276 = AXIS2_PLACEMENT_3D('',#277,#278,#279);
#277 = CARTESIAN_POINT('',(-13.25,9.25,0.));
#278 = DIRECTION('',(0.,0.,-1.));
#279 = DIRECTION('',(1.,0.,0.));
#280 = FACE_BOUND('',#281,.T.);
#281 = EDGE_LOOP('',(#282));
#282 = ORIENTED_EDGE('',*,*,#283,.F.);
#283 = EDGE_CURVE('',#284,#284,#286,.T.);
#284 = VERTEX_POINT('',#285);
#285 = CARTESIAN_POINT('',(26.6,-52.,0.));
#286 = CIRCLE('',#287,1.6);
#287 = AXIS2_PLACEMENT_3D('',#288,#289,#290);
#288 = CARTESIAN_POINT('',(25.,-52.,0.));
#289 = DIRECTION('',(0.,0.,-1.));
#290 = DIRECTION('',(1.,0.,0.));
#291 = FACE_BOUND('',#292,.T.);
#292 = EDGE_LOOP('',(#293));
#293 = ORIENTED_EDGE('',*,*,#294,.F.);
#294 = EDGE_CURVE('',#295,#295,#297,.T.);
#295 = VERTEX_POINT('',#296);
#296 = CARTESIAN_POINT('',(-23.4,20.,0.));
#297 = CIRCLE('',#298,1.6);
#298 = AXIS2_PLACEMENT_3D('',#299,#300,#301);
#299 = CARTESIAN_POINT('',(-25.,20.,0.));
#300 = DIRECTION('',(0.,0.,-1.));
#301 = DIRECTION('',(1.,0.,0.));
#302 = FACE_BOUND('',#303,.T.);
#303 = EDGE_LOOP('',(#304,#314,#322,#330,#338,#346,#354,#362,#370,#378,
    #386,#394));
#304 = ORIENTED_EDGE('',*,*,#305,.F.);
#305 = EDGE_CURVE('',#306,#308,#310,.T.);
#306 = VERTEX_POINT('',#307);
#307 = CARTESIAN_POINT('',(6.7,-21.78192373468,4.E-15));
#308 = VERTEX_POINT('',#309);
#309 = CARTESIAN_POINT('',(6.7,-34.,0.));
#310 = LINE('',#311,#312);
#311 = CARTESIAN_POINT('',(6.7,-16.,0.));
#312 = VECTOR('',#313,1.);
#313 = DIRECTION('',(0.,-1.,0.));
#314 = ORIENTED_EDGE('',*,*,#315,.F.);
#315 = EDGE_CURVE('',#316,#306,#318,.T.);
#316 = VERTEX_POINT('',#317);
#317 = CARTESIAN_POINT('',(12.5,-21.78192373468,9.E-15));
#318 = LINE('',#319,#320);
#319 = CARTESIAN_POINT('',(-20.25,-21.78192373468,4.19E-15));
#320 = VECTOR('',#321,1.);
#321 = DIRECTION('',(-1.,4.E-17,-1.1E-16));
#322 = ORIENTED_EDGE('',*,*,#323,.F.);
#323 = EDGE_CURVE('',#324,#316,#326,.T.);
#324 = VERTEX_POINT('',#325);
#325 = CARTESIAN_POINT('',(12.5,-17.52521264477,8.E-15));
#326 = LINE('',#327,#328);
#327 = CARTESIAN_POINT('',(12.5,-1.238439223875,2.19E-15));
#328 = VECTOR('',#329,1.);
#329 = DIRECTION('',(0.,-1.,3.3E-16));
#330 = ORIENTED_EDGE('',*,*,#331,.F.);
#331 = EDGE_CURVE('',#332,#324,#334,.T.);
#332 = VERTEX_POINT('',#333);
#333 = CARTESIAN_POINT('',(6.7,-17.52521264477,3.E-15));
#334 = LINE('',#335,#336);
#335 = CARTESIAN_POINT('',(-7.75,-17.52521264477,4.51E-15));
#336 = VECTOR('',#337,1.);
#337 = DIRECTION('',(1.,-4.E-17,1.1E-16));
#338 = ORIENTED_EDGE('',*,*,#339,.F.);
#339 = EDGE_CURVE('',#340,#332,#342,.T.);
#340 = VERTEX_POINT('',#341);
#341 = CARTESIAN_POINT('',(6.7,-16.,0.));
#342 = LINE('',#343,#344);
#343 = CARTESIAN_POINT('',(6.7,-16.,0.));
#344 = VECTOR('',#345,1.);
#345 = DIRECTION('',(0.,-1.,0.));
#346 = ORIENTED_EDGE('',*,*,#347,.F.);
#347 = EDGE_CURVE('',#348,#340,#350,.T.);
#348 = VERTEX_POINT('',#349);
#349 = CARTESIAN_POINT('',(-26.1,-16.,0.));
#350 = LINE('',#351,#352);
#351 = CARTESIAN_POINT('',(-26.7,-16.,0.));
#352 = VECTOR('',#353,1.);
#353 = DIRECTION('',(1.,0.,0.));
#354 = ORIENTED_EDGE('',*,*,#355,.F.);
#355 = EDGE_CURVE('',#356,#348,#358,.T.);
#356 = VERTEX_POINT('',#357);
#357 = CARTESIAN_POINT('',(-26.1,-19.,0.));
#358 = LINE('',#359,#360);
#359 = CARTESIAN_POINT('',(-26.1,-19.,0.));
#360 = VECTOR('',#361,1.);
#361 = DIRECTION('',(0.,1.,0.));
#362 = ORIENTED_EDGE('',*,*,#363,.F.);
#363 = EDGE_CURVE('',#364,#356,#366,.T.);
#364 = VERTEX_POINT('',#365);
#365 = CARTESIAN_POINT('',(-26.7,-19.,0.));
#366 = LINE('',#367,#368);
#367 = CARTESIAN_POINT('',(-26.7,-19.,0.));
#368 = VECTOR('',#369,1.);
#369 = DIRECTION('',(1.,0.,0.));
#370 = ORIENTED_EDGE('',*,*,#371,.F.);
#371 = EDGE_CURVE('',#372,#364,#374,.T.);
#372 = VERTEX_POINT('',#373);
#373 = CARTESIAN_POINT('',(-26.7,-31.,0.));
#374 = LINE('',#375,#376);
#375 = CARTESIAN_POINT('',(-26.7,-34.,0.));
#376 = VECTOR('',#377,1.);
#377 = DIRECTION('',(0.,1.,0.));
#378 = ORIENTED_EDGE('',*,*,#379,.T.);
#379 = EDGE_CURVE('',#372,#380,#382,.T.);
#380 = VERTEX_POINT('',#381);
#381 = CARTESIAN_POINT('',(-26.1,-31.,0.));
#382 = LINE('',#383,#384);
#383 = CARTESIAN_POINT('',(-26.7,-31.,0.));
#384 = VECTOR('',#385,1.);
#385 = DIRECTION('',(1.,0.,0.));
#386 = ORIENTED_EDGE('',*,*,#387,.F.);
#387 = EDGE_CURVE('',#388,#380,#390,.T.);
#388 = VERTEX_POINT('',#389);
#389 = CARTESIAN_POINT('',(-26.1,-34.,0.));
#390 = LINE('',#391,#392);
#391 = CARTESIAN_POINT('',(-26.1,-34.,0.));
#392 = VECTOR('',#393,1.);
#393 = DIRECTION('',(0.,1.,0.));
#394 = ORIENTED_EDGE('',*,*,#395,.F.);
#395 = EDGE_CURVE('',#308,#388,#396,.T.);
#396 = LINE('',#397,#398);
#397 = CARTESIAN_POINT('',(6.7,-34.,0.));
#398 = VECTOR('',#399,1.);
#399 = DIRECTION('',(-1.,0.,0.));
#400 = FACE_BOUND('',#401,.T.);
#401 = EDGE_LOOP('',(#402));
#402 = ORIENTED_EDGE('',*,*,#403,.F.);
#403 = EDGE_CURVE('',#404,#404,#406,.T.);
#404 = VERTEX_POINT('',#405);
#405 = CARTESIAN_POINT('',(-23.4,-52.,0.));
#406 = CIRCLE('',#407,1.6);
#407 = AXIS2_PLACEMENT_3D('',#408,#409,#410);
#408 = CARTESIAN_POINT('',(-25.,-52.,0.));
#409 = DIRECTION('',(0.,0.,-1.));
#410 = DIRECTION('',(1.,0.,0.));
#411 = PLANE('',#412);
#412 = AXIS2_PLACEMENT_3D('',#413,#414,#415);
#413 = CARTESIAN_POINT('',(0.,-16.,5.33E-15));
#414 = DIRECTION('',(-0.,-3.3E-16,-1.));
#415 = DIRECTION('',(0.,-1.,3.3E-16));
#416 = ADVANCED_FACE('',(#417),#441,.T.);
#417 = FACE_BOUND('',#418,.T.);
#418 = EDGE_LOOP('',(#419,#420,#434,#440));
#419 = ORIENTED_EDGE('',*,*,#133,.T.);
#420 = ORIENTED_EDGE('',*,*,#421,.T.);
#421 = EDGE_CURVE('',#126,#422,#424,.T.);
#422 = VERTEX_POINT('',#423);
#423 = CARTESIAN_POINT('',(4.609772228646,21.,16.));
#424 = ( BOUNDED_CURVE() B_SPLINE_CURVE(8,(#425,#426,#427,#428,#429,#430
,#431,#432,#433),.UNSPECIFIED.,.F.,.F.) B_SPLINE_CURVE_WITH_KNOTS((9,9),
(68.102616751738,77.322161209031),.PIECEWISE_BEZIER_KNOTS.) CURVE() 
GEOMETRIC_REPRESENTATION_ITEM() RATIONAL_B_SPLINE_CURVE((1.,1.,1.,1.,1.,
1.,1.,1.,1.)) REPRESENTATION_ITEM('') );
#425 = CARTESIAN_POINT('',(-4.609772228646,21.,16.));
#426 = CARTESIAN_POINT('',(-3.457329171485,21.252976190476,16.));
#427 = CARTESIAN_POINT('',(-2.304886114323,21.430190669269,16.));
#428 = CARTESIAN_POINT('',(-1.152443057161,21.5352938123,16.));
#429 = CARTESIAN_POINT('',(-2.6788E-13,21.570125662706,16.));
#430 = CARTESIAN_POINT('',(1.152443057162,21.5352938123,16.));
#431 = CARTESIAN_POINT('',(2.304886114323,21.430190669269,16.));
#432 = CARTESIAN_POINT('',(3.457329171485,21.252976190476,16.));
#433 = CARTESIAN_POINT('',(4.609772228646,21.,16.));
#434 = ORIENTED_EDGE('',*,*,#435,.F.);
#435 = EDGE_CURVE('',#40,#422,#436,.T.);
#436 = ( BOUNDED_CURVE() B_SPLINE_CURVE(2,(#437,#438,#439),
.UNSPECIFIED.,.F.,.F.) B_SPLINE_CURVE_WITH_KNOTS((3,3),(0.,
9.219544457293),.PIECEWISE_BEZIER_KNOTS.) CURVE() 
GEOMETRIC_REPRESENTATION_ITEM() RATIONAL_B_SPLINE_CURVE((1.,
0.707106781187,1.)) REPRESENTATION_ITEM('') );
#437 = CARTESIAN_POINT('',(4.609772228646,23.,14.));
#438 = CARTESIAN_POINT('',(4.609772228646,23.,16.));
#439 = CARTESIAN_POINT('',(4.609772228646,21.,16.));
#440 = ORIENTED_EDGE('',*,*,#39,.F.);
#441 = ( BOUNDED_SURFACE() B_SPLINE_SURFACE(2,8,(
    (#442,#443,#444,#445,#446,#447,#448,#449,#450)
    ,(#451,#452,#453,#454,#455,#456,#457,#458,#459)
    ,(#460,#461,#462,#463,#464,#465,#466,#467,#468
)),.UNSPECIFIED.,.F.,.F.,.F.) B_SPLINE_SURFACE_WITH_KNOTS((3,3),(9,9),(
    0.,9.219544457293),(68.102616751738,77.322161209031),
.PIECEWISE_BEZIER_KNOTS.) GEOMETRIC_REPRESENTATION_ITEM() 
RATIONAL_B_SPLINE_SURFACE((
    (1.,1.,1.,1.,1.,1.,1.,1.,1.)
    ,(0.707106781187,0.751827076128,0.779925607051,0.796217183942
      ,0.801287894555,0.796217183942,0.779925607051,0.751827076128
      ,0.707106781187)
,(1.,1.,1.,1.,1.,1.,1.,1.,1.))) REPRESENTATION_ITEM('') SURFACE() );
#442 = CARTESIAN_POINT('',(-4.609772228646,23.,14.));
#443 = CARTESIAN_POINT('',(-3.457329171485,23.,14.));
#444 = CARTESIAN_POINT('',(-2.304886114323,23.,14.036574960183));
#445 = CARTESIAN_POINT('',(-1.152443057161,23.,14.071355841993));
#446 = CARTESIAN_POINT('',(-2.0948E-13,23.,14.088829118869));
#447 = CARTESIAN_POINT('',(1.152443057162,23.,14.071355841993));
#448 = CARTESIAN_POINT('',(2.304886114323,23.,14.036574960183));
#449 = CARTESIAN_POINT('',(3.457329171485,23.,14.));
#450 = CARTESIAN_POINT('',(4.609772228646,23.,14.));
#451 = CARTESIAN_POINT('',(-4.609772228646,23.,16.));
#452 = CARTESIAN_POINT('',(-3.525878968447,23.,15.762071378586));
#453 = CARTESIAN_POINT('',(-2.369202086689,23.,15.643146624638));
#454 = CARTESIAN_POINT('',(-1.190990287116,23.,15.592004168296));
#455 = CARTESIAN_POINT('',(-2.5837E-13,23.,15.580101071906));
#456 = CARTESIAN_POINT('',(1.190990287117,23.,15.592004168296));
#457 = CARTESIAN_POINT('',(2.369202086689,23.,15.643146624638));
#458 = CARTESIAN_POINT('',(3.525878968447,23.,15.762071378586));
#459 = CARTESIAN_POINT('',(4.609772228646,23.,16.));
#460 = CARTESIAN_POINT('',(-4.609772228646,21.,16.));
#461 = CARTESIAN_POINT('',(-3.457329171485,21.252976190476,16.));
#462 = CARTESIAN_POINT('',(-2.304886114323,21.430190669269,16.));
#463 = CARTESIAN_POINT('',(-1.152443057161,21.5352938123,16.));
#464 = CARTESIAN_POINT('',(-2.6788E-13,21.570125662706,16.));
#465 = CARTESIAN_POINT('',(1.152443057162,21.5352938123,16.));
#466 = CARTESIAN_POINT('',(2.304886114323,21.430190669269,16.));
#467 = CARTESIAN_POINT('',(3.457329171485,21.252976190476,16.));
#468 = CARTESIAN_POINT('',(4.609772228646,21.,16.));
#469 = ADVANCED_FACE('',(#470),#489,.T.);
#470 = FACE_BOUND('',#471,.T.);
#471 = EDGE_LOOP('',(#472,#473,#482,#488));
#472 = ORIENTED_EDGE('',*,*,#61,.F.);
#473 = ORIENTED_EDGE('',*,*,#474,.T.);
#474 = EDGE_CURVE('',#54,#475,#477,.T.);
#475 = VERTEX_POINT('',#476);
#476 = CARTESIAN_POINT('',(28.,20.,14.));
#477 = CIRCLE('',#478,3.);
#478 = AXIS2_PLACEMENT_3D('',#479,#480,#481);
#479 = CARTESIAN_POINT('',(25.,20.,14.));
#480 = DIRECTION('',(1.1E-16,-3.3E-16,-1.));
#481 = DIRECTION('',(-1.11E-15,1.,-3.3E-16));
#482 = ORIENTED_EDGE('',*,*,#483,.T.);
#483 = EDGE_CURVE('',#475,#151,#484,.T.);
#484 = LINE('',#485,#486);
#485 = CARTESIAN_POINT('',(28.,20.,16.));
#486 = VECTOR('',#487,1.);
#487 = DIRECTION('',(3.3E-16,-1.1E-16,-1.));
#488 = ORIENTED_EDGE('',*,*,#150,.F.);
#489 = CYLINDRICAL_SURFACE('',#490,3.);
#490 = AXIS2_PLACEMENT_3D('',#491,#492,#493);
#491 = CARTESIAN_POINT('',(25.,20.,16.));
#492 = DIRECTION('',(3.3E-16,-1.1E-16,-1.));
#493 = DIRECTION('',(2.2E-16,1.,-1.1E-16));
#494 = ADVANCED_FACE('',(#495),#514,.T.);
#495 = FACE_BOUND('',#496,.T.);
#496 = EDGE_LOOP('',(#497,#498,#506,#513));
#497 = ORIENTED_EDGE('',*,*,#435,.T.);
#498 = ORIENTED_EDGE('',*,*,#499,.T.);
#499 = EDGE_CURVE('',#422,#500,#502,.T.);
#500 = VERTEX_POINT('',#501);
#501 = CARTESIAN_POINT('',(25.,21.,16.));
#502 = LINE('',#503,#504);
#503 = CARTESIAN_POINT('',(-25.,21.,16.));
#504 = VECTOR('',#505,1.);
#505 = DIRECTION('',(1.,-2.2E-16,1.1E-16));
#506 = ORIENTED_EDGE('',*,*,#507,.F.);
#507 = EDGE_CURVE('',#54,#500,#508,.T.);
#508 = CIRCLE('',#509,2.);
#509 = AXIS2_PLACEMENT_3D('',#510,#511,#512);
#510 = CARTESIAN_POINT('',(25.,21.,14.));
#511 = DIRECTION('',(1.,-2.2E-16,1.1E-16));
#512 = DIRECTION('',(2.2E-16,1.,-1.1E-16));
#513 = ORIENTED_EDGE('',*,*,#53,.F.);
#514 = CYLINDRICAL_SURFACE('',#515,2.);
#515 = AXIS2_PLACEMENT_3D('',#516,#517,#518);
#516 = CARTESIAN_POINT('',(-25.,21.,14.));
#517 = DIRECTION('',(1.,-2.2E-16,1.1E-16));
#518 = DIRECTION('',(2.2E-16,1.,-1.1E-16));
#519 = ADVANCED_FACE('',(#520),#540,.T.);
#520 = FACE_BOUND('',#521,.F.);
#521 = EDGE_LOOP('',(#522,#531,#532,#533));
#522 = ORIENTED_EDGE('',*,*,#523,.F.);
#523 = EDGE_CURVE('',#85,#524,#526,.T.);
#524 = VERTEX_POINT('',#525);
#525 = CARTESIAN_POINT('',(-26.,20.,16.));
#526 = CIRCLE('',#527,2.);
#527 = AXIS2_PLACEMENT_3D('',#528,#529,#530);
#528 = CARTESIAN_POINT('',(-26.,20.,14.));
#529 = DIRECTION('',(0.,1.,-3.3E-16));
#530 = DIRECTION('',(-1.,-1.089E-31,-3.3E-16));
#531 = ORIENTED_EDGE('',*,*,#84,.T.);
#532 = ORIENTED_EDGE('',*,*,#116,.T.);
#533 = ORIENTED_EDGE('',*,*,#534,.F.);
#534 = EDGE_CURVE('',#524,#117,#535,.T.);
#535 = CIRCLE('',#536,1.);
#536 = AXIS2_PLACEMENT_3D('',#537,#538,#539);
#537 = CARTESIAN_POINT('',(-25.,20.,16.));
#538 = DIRECTION('',(1.1E-16,-3.3E-16,-1.));
#539 = DIRECTION('',(-1.,-2.59E-15,-1.1E-16));
#540 = SURFACE_OF_REVOLUTION('',#541,#554);
#541 = B_SPLINE_CURVE_WITH_KNOTS('',6,(#542,#543,#544,#545,#546,#547,
    #548,#549,#550,#551,#552,#553),.UNSPECIFIED.,.F.,.F.,(7,5,7),(0.,
    0.785398163397,1.570796326795),.UNSPECIFIED.);
#542 = CARTESIAN_POINT('',(-28.,20.,14.));
#543 = CARTESIAN_POINT('',(-28.,20.,14.261799387799));
#544 = CARTESIAN_POINT('',(-27.95887680963,20.,14.523598338321));
#545 = CARTESIAN_POINT('',(-27.87662935758,20.,14.777325331457));
#546 = CARTESIAN_POINT('',(-27.75537501124,20.,15.014895139958));
#547 = CARTESIAN_POINT('',(-27.59933368479,20.,15.22909343995));
#548 = CARTESIAN_POINT('',(-27.22909343995,20.,15.599333684796));
#549 = CARTESIAN_POINT('',(-27.01489513995,20.,15.755375011249));
#550 = CARTESIAN_POINT('',(-26.77732533145,20.,15.87662935758));
#551 = CARTESIAN_POINT('',(-26.52359833832,20.,15.958876809637));
#552 = CARTESIAN_POINT('',(-26.26179938779,20.,16.));
#553 = CARTESIAN_POINT('',(-26.,20.,16.));
#554 = AXIS1_PLACEMENT('',#555,#556);
#555 = CARTESIAN_POINT('',(-25.,20.,14.));
#556 = DIRECTION('',(-1.1E-16,3.3E-16,1.));
#557 = ADVANCED_FACE('',(#558,#584),#654,.F.);
#558 = FACE_BOUND('',#559,.F.);
#559 = EDGE_LOOP('',(#560,#561,#569,#577,#583));
#560 = ORIENTED_EDGE('',*,*,#93,.F.);
#561 = ORIENTED_EDGE('',*,*,#562,.F.);
#562 = EDGE_CURVE('',#563,#85,#565,.T.);
#563 = VERTEX_POINT('',#564);
#564 = CARTESIAN_POINT('',(-28.,-28.49495483929,14.));
#565 = LINE('',#566,#567);
#566 = CARTESIAN_POINT('',(-28.,-23.,14.));
#567 = VECTOR('',#568,1.);
#568 = DIRECTION('',(0.,1.,-3.3E-16));
#569 = ORIENTED_EDGE('',*,*,#570,.F.);
#570 = EDGE_CURVE('',#571,#563,#573,.T.);
#571 = VERTEX_POINT('',#572);
#572 = CARTESIAN_POINT('',(-28.,-52.,5.444863207027));
#573 = LINE('',#574,#575);
#574 = CARTESIAN_POINT('',(-28.,-55.,4.352952504305));
#575 = VECTOR('',#576,1.);
#576 = DIRECTION('',(-2.8E-16,0.939692620794,0.342020143304));
#577 = ORIENTED_EDGE('',*,*,#578,.F.);
#578 = EDGE_CURVE('',#185,#571,#579,.T.);
#579 = LINE('',#580,#581);
#580 = CARTESIAN_POINT('',(-28.,-52.,1.477E-14));
#581 = VECTOR('',#582,1.);
#582 = DIRECTION('',(-3.3E-16,1.1E-16,1.));
#583 = ORIENTED_EDGE('',*,*,#193,.F.);
#584 = FACE_BOUND('',#585,.F.);
#585 = EDGE_LOOP('',(#586,#597,#605,#614,#622,#631,#639,#648));
#586 = ORIENTED_EDGE('',*,*,#587,.T.);
#587 = EDGE_CURVE('',#588,#590,#592,.T.);
#588 = VERTEX_POINT('',#589);
#589 = CARTESIAN_POINT('',(-28.,-21.73,4.96));
#590 = VERTEX_POINT('',#591);
#591 = CARTESIAN_POINT('',(-28.,-20.23,3.46));
#592 = CIRCLE('',#593,1.5);
#593 = AXIS2_PLACEMENT_3D('',#594,#595,#596);
#594 = CARTESIAN_POINT('',(-28.,-21.73,3.46));
#595 = DIRECTION('',(-1.,0.,0.));
#596 = DIRECTION('',(0.,-1.,0.));
#597 = ORIENTED_EDGE('',*,*,#598,.T.);
#598 = EDGE_CURVE('',#590,#599,#601,.T.);
#599 = VERTEX_POINT('',#600);
#600 = CARTESIAN_POINT('',(-28.,-20.23,2.7));
#601 = LINE('',#602,#603);
#602 = CARTESIAN_POINT('',(-28.,-20.23,3.46));
#603 = VECTOR('',#604,1.);
#604 = DIRECTION('',(0.,0.,-1.));
#605 = ORIENTED_EDGE('',*,*,#606,.T.);
#606 = EDGE_CURVE('',#599,#607,#609,.T.);
#607 = VERTEX_POINT('',#608);
#608 = CARTESIAN_POINT('',(-28.,-21.73,1.2));
#609 = CIRCLE('',#610,1.5);
#610 = AXIS2_PLACEMENT_3D('',#611,#612,#613);
#611 = CARTESIAN_POINT('',(-28.,-21.73,2.7));
#612 = DIRECTION('',(-1.,0.,0.));
#613 = DIRECTION('',(0.,-1.,0.));
#614 = ORIENTED_EDGE('',*,*,#615,.T.);
#615 = EDGE_CURVE('',#607,#616,#618,.T.);
#616 = VERTEX_POINT('',#617);
#617 = CARTESIAN_POINT('',(-28.,-28.27,1.2));
#618 = LINE('',#619,#620);
#619 = CARTESIAN_POINT('',(-28.,-21.73,1.2));
#620 = VECTOR('',#621,1.);
#621 = DIRECTION('',(0.,-1.,0.));
#622 = ORIENTED_EDGE('',*,*,#623,.T.);
#623 = EDGE_CURVE('',#616,#624,#626,.T.);
#624 = VERTEX_POINT('',#625);
#625 = CARTESIAN_POINT('',(-28.,-29.77,2.7));
#626 = CIRCLE('',#627,1.5);
#627 = AXIS2_PLACEMENT_3D('',#628,#629,#630);
#628 = CARTESIAN_POINT('',(-28.,-28.27,2.7));
#629 = DIRECTION('',(-1.,0.,0.));
#630 = DIRECTION('',(0.,-1.,0.));
#631 = ORIENTED_EDGE('',*,*,#632,.T.);
#632 = EDGE_CURVE('',#624,#633,#635,.T.);
#633 = VERTEX_POINT('',#634);
#634 = CARTESIAN_POINT('',(-28.,-29.77,3.46));
#635 = LINE('',#636,#637);
#636 = CARTESIAN_POINT('',(-28.,-29.77,2.7));
#637 = VECTOR('',#638,1.);
#638 = DIRECTION('',(0.,0.,1.));
#639 = ORIENTED_EDGE('',*,*,#640,.T.);
#640 = EDGE_CURVE('',#633,#641,#643,.T.);
#641 = VERTEX_POINT('',#642);
#642 = CARTESIAN_POINT('',(-28.,-28.27,4.96));
#643 = CIRCLE('',#644,1.5);
#644 = AXIS2_PLACEMENT_3D('',#645,#646,#647);
#645 = CARTESIAN_POINT('',(-28.,-28.27,3.46));
#646 = DIRECTION('',(-1.,0.,0.));
#647 = DIRECTION('',(0.,-1.,0.));
#648 = ORIENTED_EDGE('',*,*,#649,.T.);
#649 = EDGE_CURVE('',#641,#588,#650,.T.);
#650 = LINE('',#651,#652);
#651 = CARTESIAN_POINT('',(-28.,-28.27,4.96));
#652 = VECTOR('',#653,1.);
#653 = DIRECTION('',(0.,1.,0.));
#654 = PLANE('',#655);
#655 = AXIS2_PLACEMENT_3D('',#656,#657,#658);
#656 = CARTESIAN_POINT('',(-28.,-13.71869472455,6.838426215156));
#657 = DIRECTION('',(1.,-2.2E-16,-2.2E-16));
#658 = DIRECTION('',(2.2E-16,-2.2E-16,1.));
#659 = ADVANCED_FACE('',(#660),#712,.T.);
#660 = FACE_BOUND('',#661,.T.);
#661 = EDGE_LOOP('',(#662,#672,#680,#687,#688,#697,#704,#705,#706));
#662 = ORIENTED_EDGE('',*,*,#663,.T.);
#663 = EDGE_CURVE('',#664,#666,#668,.T.);
#664 = VERTEX_POINT('',#665);
#665 = CARTESIAN_POINT('',(-26.,-23.,16.));
#666 = VERTEX_POINT('',#667);
#667 = CARTESIAN_POINT('',(26.,-23.,16.));
#668 = LINE('',#669,#670);
#669 = CARTESIAN_POINT('',(-28.,-23.,16.));
#670 = VECTOR('',#671,1.);
#671 = DIRECTION('',(1.,-2.2E-16,0.));
#672 = ORIENTED_EDGE('',*,*,#673,.F.);
#673 = EDGE_CURVE('',#674,#666,#676,.T.);
#674 = VERTEX_POINT('',#675);
#675 = CARTESIAN_POINT('',(26.,20.,16.));
#676 = LINE('',#677,#678);
#677 = CARTESIAN_POINT('',(26.,20.,16.));
#678 = VECTOR('',#679,1.);
#679 = DIRECTION('',(-0.,-1.,3.3E-16));
#680 = ORIENTED_EDGE('',*,*,#681,.F.);
#681 = EDGE_CURVE('',#500,#674,#682,.T.);
#682 = CIRCLE('',#683,1.);
#683 = AXIS2_PLACEMENT_3D('',#684,#685,#686);
#684 = CARTESIAN_POINT('',(25.,20.,16.));
#685 = DIRECTION('',(1.1E-16,-3.3E-16,-1.));
#686 = DIRECTION('',(-1.11E-15,1.,-3.3E-16));
#687 = ORIENTED_EDGE('',*,*,#499,.F.);
#688 = ORIENTED_EDGE('',*,*,#689,.T.);
#689 = EDGE_CURVE('',#422,#690,#692,.T.);
#690 = VERTEX_POINT('',#691);
#691 = CARTESIAN_POINT('',(21.5,5.E-15,16.));
#692 = CIRCLE('',#693,21.5);
#693 = AXIS2_PLACEMENT_3D('',#694,#695,#696);
#694 = CARTESIAN_POINT('',(-1.78E-15,5.33E-15,16.));
#695 = DIRECTION('',(0.,0.,-1.));
#696 = DIRECTION('',(1.,0.,0.));
#697 = ORIENTED_EDGE('',*,*,#698,.T.);
#698 = EDGE_CURVE('',#690,#126,#699,.T.);
#699 = CIRCLE('',#700,21.5);
#700 = AXIS2_PLACEMENT_3D('',#701,#702,#703);
#701 = CARTESIAN_POINT('',(-1.78E-15,5.33E-15,16.));
#702 = DIRECTION('',(0.,0.,-1.));
#703 = DIRECTION('',(1.,0.,0.));
#704 = ORIENTED_EDGE('',*,*,#125,.F.);
#705 = ORIENTED_EDGE('',*,*,#534,.F.);
#706 = ORIENTED_EDGE('',*,*,#707,.F.);
#707 = EDGE_CURVE('',#664,#524,#708,.T.);
#708 = LINE('',#709,#710);
#709 = CARTESIAN_POINT('',(-26.,-23.,16.));
#710 = VECTOR('',#711,1.);
#711 = DIRECTION('',(0.,1.,-3.3E-16));
#712 = PLANE('',#713);
#713 = AXIS2_PLACEMENT_3D('',#714,#715,#716);
#714 = CARTESIAN_POINT('',(-28.,-23.,16.));
#715 = DIRECTION('',(0.,2.2E-16,1.));
#716 = DIRECTION('',(0.,1.,-2.2E-16));
#717 = ADVANCED_FACE('',(#718),#744,.T.);
#718 = FACE_BOUND('',#719,.T.);
#719 = EDGE_LOOP('',(#720,#721,#729,#737,#743));
#720 = ORIENTED_EDGE('',*,*,#483,.F.);
#721 = ORIENTED_EDGE('',*,*,#722,.T.);
#722 = EDGE_CURVE('',#475,#723,#725,.T.);
#723 = VERTEX_POINT('',#724);
#724 = CARTESIAN_POINT('',(28.,-28.49495483929,14.));
#725 = LINE('',#726,#727);
#726 = CARTESIAN_POINT('',(28.,20.,14.));
#727 = VECTOR('',#728,1.);
#728 = DIRECTION('',(-0.,-1.,3.3E-16));
#729 = ORIENTED_EDGE('',*,*,#730,.F.);
#730 = EDGE_CURVE('',#731,#723,#733,.T.);
#731 = VERTEX_POINT('',#732);
#732 = CARTESIAN_POINT('',(28.,-52.,5.444863207027));
#733 = LINE('',#734,#735);
#734 = CARTESIAN_POINT('',(28.,-55.,4.352952504305));
#735 = VECTOR('',#736,1.);
#736 = DIRECTION('',(-2.8E-16,0.939692620794,0.342020143304));
#737 = ORIENTED_EDGE('',*,*,#738,.F.);
#738 = EDGE_CURVE('',#160,#731,#739,.T.);
#739 = LINE('',#740,#741);
#740 = CARTESIAN_POINT('',(28.,-52.,2.098E-14));
#741 = VECTOR('',#742,1.);
#742 = DIRECTION('',(-3.3E-16,1.1E-16,1.));
#743 = ORIENTED_EDGE('',*,*,#159,.F.);
#744 = PLANE('',#745);
#745 = AXIS2_PLACEMENT_3D('',#746,#747,#748);
#746 = CARTESIAN_POINT('',(28.,-13.71869472455,6.838426215156));
#747 = DIRECTION('',(1.,-2.2E-16,-2.2E-16));
#748 = DIRECTION('',(2.2E-16,-2.2E-16,1.));
#749 = ADVANCED_FACE('',(#750),#769,.T.);
#750 = FACE_BOUND('',#751,.T.);
#751 = EDGE_LOOP('',(#752,#753,#761,#768));
#752 = ORIENTED_EDGE('',*,*,#184,.T.);
#753 = ORIENTED_EDGE('',*,*,#754,.T.);
#754 = EDGE_CURVE('',#177,#755,#757,.T.);
#755 = VERTEX_POINT('',#756);
#756 = CARTESIAN_POINT('',(-25.,-55.,4.352952504305));
#757 = LINE('',#758,#759);
#758 = CARTESIAN_POINT('',(-25.,-55.,1.61E-14));
#759 = VECTOR('',#760,1.);
#760 = DIRECTION('',(-3.3E-16,1.1E-16,1.));
#761 = ORIENTED_EDGE('',*,*,#762,.F.);
#762 = EDGE_CURVE('',#571,#755,#763,.T.);
#763 = ELLIPSE('',#764,3.192533317401,3.);
#764 = AXIS2_PLACEMENT_3D('',#765,#766,#767);
#765 = CARTESIAN_POINT('',(-25.,-52.,5.444863207027));
#766 = DIRECTION('',(-1.8E-16,-0.342020143304,0.939692620794));
#767 = DIRECTION('',(-4.8E-16,0.939692620794,0.342020143304));
#768 = ORIENTED_EDGE('',*,*,#578,.F.);
#769 = CYLINDRICAL_SURFACE('',#770,3.);
#770 = AXIS2_PLACEMENT_3D('',#771,#772,#773);
#771 = CARTESIAN_POINT('',(-25.,-52.,1.577E-14));
#772 = DIRECTION('',(-3.3E-16,1.1E-16,1.));
#773 = DIRECTION('',(-1.,0.,-3.3E-16));
#774 = ADVANCED_FACE('',(#775),#794,.T.);
#775 = FACE_BOUND('',#776,.F.);
#776 = EDGE_LOOP('',(#777,#778,#786,#793));
#777 = ORIENTED_EDGE('',*,*,#167,.T.);
#778 = ORIENTED_EDGE('',*,*,#779,.T.);
#779 = EDGE_CURVE('',#168,#780,#782,.T.);
#780 = VERTEX_POINT('',#781);
#781 = CARTESIAN_POINT('',(25.,-55.,4.352952504305));
#782 = LINE('',#783,#784);
#783 = CARTESIAN_POINT('',(25.,-55.,2.032E-14));
#784 = VECTOR('',#785,1.);
#785 = DIRECTION('',(-3.3E-16,1.1E-16,1.));
#786 = ORIENTED_EDGE('',*,*,#787,.F.);
#787 = EDGE_CURVE('',#731,#780,#788,.T.);
#788 = ELLIPSE('',#789,3.192533317401,3.);
#789 = AXIS2_PLACEMENT_3D('',#790,#791,#792);
#790 = CARTESIAN_POINT('',(25.,-52.,5.444863207027));
#791 = DIRECTION('',(1.8E-16,0.342020143304,-0.939692620794));
#792 = DIRECTION('',(-4.8E-16,0.939692620794,0.342020143304));
#793 = ORIENTED_EDGE('',*,*,#738,.F.);
#794 = CYLINDRICAL_SURFACE('',#795,3.);
#795 = AXIS2_PLACEMENT_3D('',#796,#797,#798);
#796 = CARTESIAN_POINT('',(25.,-52.,1.998E-14));
#797 = DIRECTION('',(-3.3E-16,1.1E-16,1.));
#798 = DIRECTION('',(1.,0.,3.3E-16));
#799 = ADVANCED_FACE('',(#800),#811,.T.);
#800 = FACE_BOUND('',#801,.T.);
#801 = EDGE_LOOP('',(#802,#803,#804,#810));
#802 = ORIENTED_EDGE('',*,*,#176,.T.);
#803 = ORIENTED_EDGE('',*,*,#779,.T.);
#804 = ORIENTED_EDGE('',*,*,#805,.F.);
#805 = EDGE_CURVE('',#755,#780,#806,.T.);
#806 = LINE('',#807,#808);
#807 = CARTESIAN_POINT('',(-28.,-55.,4.352952504305));
#808 = VECTOR('',#809,1.);
#809 = DIRECTION('',(1.,-2.2E-16,0.));
#810 = ORIENTED_EDGE('',*,*,#754,.F.);
#811 = PLANE('',#812);
#812 = AXIS2_PLACEMENT_3D('',#813,#814,#815);
#813 = CARTESIAN_POINT('',(-28.,-55.,1.221E-14));
#814 = DIRECTION('',(-2.2E-16,-1.,-0.));
#815 = DIRECTION('',(-2.2E-16,4.84E-32,1.));
#816 = ADVANCED_FACE('',(#817),#836,.F.);
#817 = FACE_BOUND('',#818,.F.);
#818 = EDGE_LOOP('',(#819,#827,#834,#835));
#819 = ORIENTED_EDGE('',*,*,#820,.T.);
#820 = EDGE_CURVE('',#203,#821,#823,.T.);
#821 = VERTEX_POINT('',#822);
#822 = CARTESIAN_POINT('',(26.6,20.,3.));
#823 = LINE('',#824,#825);
#824 = CARTESIAN_POINT('',(26.6,20.,0.));
#825 = VECTOR('',#826,1.);
#826 = DIRECTION('',(0.,0.,1.));
#827 = ORIENTED_EDGE('',*,*,#828,.T.);
#828 = EDGE_CURVE('',#821,#821,#829,.T.);
#829 = CIRCLE('',#830,1.6);
#830 = AXIS2_PLACEMENT_3D('',#831,#832,#833);
#831 = CARTESIAN_POINT('',(25.,20.,3.));
#832 = DIRECTION('',(0.,0.,-1.));
#833 = DIRECTION('',(1.,0.,0.));
#834 = ORIENTED_EDGE('',*,*,#820,.F.);
#835 = ORIENTED_EDGE('',*,*,#202,.F.);
#836 = CYLINDRICAL_SURFACE('',#837,1.6);
#837 = AXIS2_PLACEMENT_3D('',#838,#839,#840);
#838 = CARTESIAN_POINT('',(25.,20.,0.));
#839 = DIRECTION('',(0.,0.,-1.));
#840 = DIRECTION('',(1.,0.,0.));
#841 = ADVANCED_FACE('',(#842),#867,.T.);
#842 = FACE_BOUND('',#843,.T.);
#843 = EDGE_LOOP('',(#844,#845,#853,#861));
#844 = ORIENTED_EDGE('',*,*,#213,.T.);
#845 = ORIENTED_EDGE('',*,*,#846,.T.);
#846 = EDGE_CURVE('',#216,#847,#849,.T.);
#847 = VERTEX_POINT('',#848);
#848 = CARTESIAN_POINT('',(-16.25,9.25,3.));
#849 = LINE('',#850,#851);
#850 = CARTESIAN_POINT('',(-16.25,9.25,0.));
#851 = VECTOR('',#852,1.);
#852 = DIRECTION('',(0.,0.,1.));
#853 = ORIENTED_EDGE('',*,*,#854,.F.);
#854 = EDGE_CURVE('',#855,#847,#857,.T.);
#855 = VERTEX_POINT('',#856);
#856 = CARTESIAN_POINT('',(-16.25,-9.25,3.));
#857 = LINE('',#858,#859);
#858 = CARTESIAN_POINT('',(-16.25,-9.25,3.));
#859 = VECTOR('',#860,1.);
#860 = DIRECTION('',(0.,1.,0.));
#861 = ORIENTED_EDGE('',*,*,#862,.F.);
#862 = EDGE_CURVE('',#214,#855,#863,.T.);
#863 = LINE('',#864,#865);
#864 = CARTESIAN_POINT('',(-16.25,-9.25,0.));
#865 = VECTOR('',#866,1.);
#866 = DIRECTION('',(0.,0.,1.));
#867 = PLANE('',#868);
#868 = AXIS2_PLACEMENT_3D('',#869,#870,#871);
#869 = CARTESIAN_POINT('',(-16.25,3.18E-15,1.5));
#870 = DIRECTION('',(1.,0.,0.));
#871 = DIRECTION('',(0.,0.,1.));
#872 = ADVANCED_FACE('',(#873),#892,.F.);
#873 = FACE_BOUND('',#874,.F.);
#874 = EDGE_LOOP('',(#875,#884,#885,#886));
#875 = ORIENTED_EDGE('',*,*,#876,.T.);
#876 = EDGE_CURVE('',#877,#855,#879,.T.);
#877 = VERTEX_POINT('',#878);
#878 = CARTESIAN_POINT('',(-13.25,-12.25,3.));
#879 = CIRCLE('',#880,3.);
#880 = AXIS2_PLACEMENT_3D('',#881,#882,#883);
#881 = CARTESIAN_POINT('',(-13.25,-9.25,3.));
#882 = DIRECTION('',(0.,0.,-1.));
#883 = DIRECTION('',(1.,0.,0.));
#884 = ORIENTED_EDGE('',*,*,#862,.F.);
#885 = ORIENTED_EDGE('',*,*,#223,.F.);
#886 = ORIENTED_EDGE('',*,*,#887,.T.);
#887 = EDGE_CURVE('',#224,#877,#888,.T.);
#888 = LINE('',#889,#890);
#889 = CARTESIAN_POINT('',(-13.25,-12.25,0.));
#890 = VECTOR('',#891,1.);
#891 = DIRECTION('',(0.,0.,1.));
#892 = CYLINDRICAL_SURFACE('',#893,3.);
#893 = AXIS2_PLACEMENT_3D('',#894,#895,#896);
#894 = CARTESIAN_POINT('',(-13.25,-9.25,0.));
#895 = DIRECTION('',(0.,0.,-1.));
#896 = DIRECTION('',(1.,0.,0.));
#897 = ADVANCED_FACE('',(#898),#917,.F.);
#898 = FACE_BOUND('',#899,.F.);
#899 = EDGE_LOOP('',(#900,#909,#915,#916));
#900 = ORIENTED_EDGE('',*,*,#901,.T.);
#901 = EDGE_CURVE('',#847,#902,#904,.T.);
#902 = VERTEX_POINT('',#903);
#903 = CARTESIAN_POINT('',(-13.25,12.25,3.));
#904 = CIRCLE('',#905,3.);
#905 = AXIS2_PLACEMENT_3D('',#906,#907,#908);
#906 = CARTESIAN_POINT('',(-13.25,9.25,3.));
#907 = DIRECTION('',(0.,0.,-1.));
#908 = DIRECTION('',(1.,0.,0.));
#909 = ORIENTED_EDGE('',*,*,#910,.F.);
#910 = EDGE_CURVE('',#267,#902,#911,.T.);
#911 = LINE('',#912,#913);
#912 = CARTESIAN_POINT('',(-13.25,12.25,0.));
#913 = VECTOR('',#914,1.);
#914 = DIRECTION('',(0.,0.,1.));
#915 = ORIENTED_EDGE('',*,*,#274,.F.);
#916 = ORIENTED_EDGE('',*,*,#846,.T.);
#917 = CYLINDRICAL_SURFACE('',#918,3.);
#918 = AXIS2_PLACEMENT_3D('',#919,#920,#921);
#919 = CARTESIAN_POINT('',(-13.25,9.25,0.));
#920 = DIRECTION('',(0.,0.,-1.));
#921 = DIRECTION('',(1.,0.,0.));
#922 = ADVANCED_FACE('',(#923),#941,.T.);
#923 = FACE_BOUND('',#924,.T.);
#924 = EDGE_LOOP('',(#925,#926,#927,#935));
#925 = ORIENTED_EDGE('',*,*,#232,.T.);
#926 = ORIENTED_EDGE('',*,*,#887,.T.);
#927 = ORIENTED_EDGE('',*,*,#928,.F.);
#928 = EDGE_CURVE('',#929,#877,#931,.T.);
#929 = VERTEX_POINT('',#930);
#930 = CARTESIAN_POINT('',(13.25,-12.25,3.));
#931 = LINE('',#932,#933);
#932 = CARTESIAN_POINT('',(13.25,-12.25,3.));
#933 = VECTOR('',#934,1.);
#934 = DIRECTION('',(-1.,0.,0.));
#935 = ORIENTED_EDGE('',*,*,#936,.F.);
#936 = EDGE_CURVE('',#233,#929,#937,.T.);
#937 = LINE('',#938,#939);
#938 = CARTESIAN_POINT('',(13.25,-12.25,0.));
#939 = VECTOR('',#940,1.);
#940 = DIRECTION('',(0.,0.,1.));
#941 = PLANE('',#942);
#942 = AXIS2_PLACEMENT_3D('',#943,#944,#945);
#943 = CARTESIAN_POINT('',(-3.E-16,-12.25,1.5));
#944 = DIRECTION('',(0.,1.,0.));
#945 = DIRECTION('',(0.,0.,1.));
#946 = ADVANCED_FACE('',(#947),#965,.T.);
#947 = FACE_BOUND('',#948,.T.);
#948 = EDGE_LOOP('',(#949,#950,#958,#964));
#949 = ORIENTED_EDGE('',*,*,#266,.T.);
#950 = ORIENTED_EDGE('',*,*,#951,.T.);
#951 = EDGE_CURVE('',#258,#952,#954,.T.);
#952 = VERTEX_POINT('',#953);
#953 = CARTESIAN_POINT('',(13.25,12.25,3.));
#954 = LINE('',#955,#956);
#955 = CARTESIAN_POINT('',(13.25,12.25,0.));
#956 = VECTOR('',#957,1.);
#957 = DIRECTION('',(0.,0.,1.));
#958 = ORIENTED_EDGE('',*,*,#959,.F.);
#959 = EDGE_CURVE('',#902,#952,#960,.T.);
#960 = LINE('',#961,#962);
#961 = CARTESIAN_POINT('',(-13.25,12.25,3.));
#962 = VECTOR('',#963,1.);
#963 = DIRECTION('',(1.,0.,0.));
#964 = ORIENTED_EDGE('',*,*,#910,.F.);
#965 = PLANE('',#966);
#966 = AXIS2_PLACEMENT_3D('',#967,#968,#969);
#967 = CARTESIAN_POINT('',(1.93E-15,12.25,1.5));
#968 = DIRECTION('',(-0.,-1.,-0.));
#969 = DIRECTION('',(0.,0.,-1.));
#970 = ADVANCED_FACE('',(#971),#990,.F.);
#971 = FACE_BOUND('',#972,.F.);
#972 = EDGE_LOOP('',(#973,#982,#983,#984));
#973 = ORIENTED_EDGE('',*,*,#974,.T.);
#974 = EDGE_CURVE('',#975,#929,#977,.T.);
#975 = VERTEX_POINT('',#976);
#976 = CARTESIAN_POINT('',(16.25,-9.25,3.));
#977 = CIRCLE('',#978,3.);
#978 = AXIS2_PLACEMENT_3D('',#979,#980,#981);
#979 = CARTESIAN_POINT('',(13.25,-9.25,3.));
#980 = DIRECTION('',(0.,0.,-1.));
#981 = DIRECTION('',(1.,0.,0.));
#982 = ORIENTED_EDGE('',*,*,#936,.F.);
#983 = ORIENTED_EDGE('',*,*,#240,.F.);
#984 = ORIENTED_EDGE('',*,*,#985,.T.);
#985 = EDGE_CURVE('',#241,#975,#986,.T.);
#986 = LINE('',#987,#988);
#987 = CARTESIAN_POINT('',(16.25,-9.25,0.));
#988 = VECTOR('',#989,1.);
#989 = DIRECTION('',(0.,0.,1.));
#990 = CYLINDRICAL_SURFACE('',#991,3.);
#991 = AXIS2_PLACEMENT_3D('',#992,#993,#994);
#992 = CARTESIAN_POINT('',(13.25,-9.25,0.));
#993 = DIRECTION('',(0.,0.,-1.));
#994 = DIRECTION('',(1.,0.,0.));
#995 = ADVANCED_FACE('',(#996),#1015,.F.);
#996 = FACE_BOUND('',#997,.F.);
#997 = EDGE_LOOP('',(#998,#1007,#1013,#1014));
#998 = ORIENTED_EDGE('',*,*,#999,.T.);
#999 = EDGE_CURVE('',#952,#1000,#1002,.T.);
#1000 = VERTEX_POINT('',#1001);
#1001 = CARTESIAN_POINT('',(16.25,9.25,3.));
#1002 = CIRCLE('',#1003,3.);
#1003 = AXIS2_PLACEMENT_3D('',#1004,#1005,#1006);
#1004 = CARTESIAN_POINT('',(13.25,9.25,3.));
#1005 = DIRECTION('',(0.,0.,-1.));
#1006 = DIRECTION('',(1.,0.,0.));
#1007 = ORIENTED_EDGE('',*,*,#1008,.F.);
#1008 = EDGE_CURVE('',#250,#1000,#1009,.T.);
#1009 = LINE('',#1010,#1011);
#1010 = CARTESIAN_POINT('',(16.25,9.25,0.));
#1011 = VECTOR('',#1012,1.);
#1012 = DIRECTION('',(0.,0.,1.));
#1013 = ORIENTED_EDGE('',*,*,#257,.F.);
#1014 = ORIENTED_EDGE('',*,*,#951,.T.);
#1015 = CYLINDRICAL_SURFACE('',#1016,3.);
#1016 = AXIS2_PLACEMENT_3D('',#1017,#1018,#1019);
#1017 = CARTESIAN_POINT('',(13.25,9.25,0.));
#1018 = DIRECTION('',(0.,0.,-1.));
#1019 = DIRECTION('',(1.,0.,0.));
#1020 = ADVANCED_FACE('',(#1021),#1032,.T.);
#1021 = FACE_BOUND('',#1022,.T.);
#1022 = EDGE_LOOP('',(#1023,#1024,#1025,#1031));
#1023 = ORIENTED_EDGE('',*,*,#249,.T.);
#1024 = ORIENTED_EDGE('',*,*,#985,.T.);
#1025 = ORIENTED_EDGE('',*,*,#1026,.F.);
#1026 = EDGE_CURVE('',#1000,#975,#1027,.T.);
#1027 = LINE('',#1028,#1029);
#1028 = CARTESIAN_POINT('',(16.25,9.25,3.));
#1029 = VECTOR('',#1030,1.);
#1030 = DIRECTION('',(0.,-1.,0.));
#1031 = ORIENTED_EDGE('',*,*,#1008,.F.);
#1032 = PLANE('',#1033);
#1033 = AXIS2_PLACEMENT_3D('',#1034,#1035,#1036);
#1034 = CARTESIAN_POINT('',(16.25,4.63E-15,1.5));
#1035 = DIRECTION('',(-1.,-0.,-0.));
#1036 = DIRECTION('',(0.,0.,-1.));
#1037 = ADVANCED_FACE('',(#1038),#1057,.F.);
#1038 = FACE_BOUND('',#1039,.F.);
#1039 = EDGE_LOOP('',(#1040,#1048,#1055,#1056));
#1040 = ORIENTED_EDGE('',*,*,#1041,.T.);
#1041 = EDGE_CURVE('',#284,#1042,#1044,.T.);
#1042 = VERTEX_POINT('',#1043);
#1043 = CARTESIAN_POINT('',(26.6,-52.,3.));
#1044 = LINE('',#1045,#1046);
#1045 = CARTESIAN_POINT('',(26.6,-52.,0.));
#1046 = VECTOR('',#1047,1.);
#1047 = DIRECTION('',(0.,0.,1.));
#1048 = ORIENTED_EDGE('',*,*,#1049,.T.);
#1049 = EDGE_CURVE('',#1042,#1042,#1050,.T.);
#1050 = CIRCLE('',#1051,1.6);
#1051 = AXIS2_PLACEMENT_3D('',#1052,#1053,#1054);
#1052 = CARTESIAN_POINT('',(25.,-52.,3.));
#1053 = DIRECTION('',(0.,0.,-1.));
#1054 = DIRECTION('',(1.,0.,0.));
#1055 = ORIENTED_EDGE('',*,*,#1041,.F.);
#1056 = ORIENTED_EDGE('',*,*,#283,.F.);
#1057 = CYLINDRICAL_SURFACE('',#1058,1.6);
#1058 = AXIS2_PLACEMENT_3D('',#1059,#1060,#1061);
#1059 = CARTESIAN_POINT('',(25.,-52.,0.));
#1060 = DIRECTION('',(0.,0.,-1.));
#1061 = DIRECTION('',(1.,0.,0.));
#1062 = ADVANCED_FACE('',(#1063),#1082,.F.);
#1063 = FACE_BOUND('',#1064,.F.);
#1064 = EDGE_LOOP('',(#1065,#1073,#1080,#1081));
#1065 = ORIENTED_EDGE('',*,*,#1066,.T.);
#1066 = EDGE_CURVE('',#295,#1067,#1069,.T.);
#1067 = VERTEX_POINT('',#1068);
#1068 = CARTESIAN_POINT('',(-23.4,20.,3.));
#1069 = LINE('',#1070,#1071);
#1070 = CARTESIAN_POINT('',(-23.4,20.,0.));
#1071 = VECTOR('',#1072,1.);
#1072 = DIRECTION('',(0.,0.,1.));
#1073 = ORIENTED_EDGE('',*,*,#1074,.T.);
#1074 = EDGE_CURVE('',#1067,#1067,#1075,.T.);
#1075 = CIRCLE('',#1076,1.6);
#1076 = AXIS2_PLACEMENT_3D('',#1077,#1078,#1079);
#1077 = CARTESIAN_POINT('',(-25.,20.,3.));
#1078 = DIRECTION('',(0.,0.,-1.));
#1079 = DIRECTION('',(1.,0.,0.));
#1080 = ORIENTED_EDGE('',*,*,#1066,.F.);
#1081 = ORIENTED_EDGE('',*,*,#294,.F.);
#1082 = CYLINDRICAL_SURFACE('',#1083,1.6);
#1083 = AXIS2_PLACEMENT_3D('',#1084,#1085,#1086);
#1084 = CARTESIAN_POINT('',(-25.,20.,0.));
#1085 = DIRECTION('',(0.,0.,-1.));
#1086 = DIRECTION('',(1.,0.,0.));
#1087 = ADVANCED_FACE('',(#1088,#1145),#1179,.F.);
#1088 = FACE_BOUND('',#1089,.F.);
#1089 = EDGE_LOOP('',(#1090,#1091,#1099,#1107,#1115,#1123,#1131,#1139));
#1090 = ORIENTED_EDGE('',*,*,#305,.F.);
#1091 = ORIENTED_EDGE('',*,*,#1092,.T.);
#1092 = EDGE_CURVE('',#306,#1093,#1095,.T.);
#1093 = VERTEX_POINT('',#1094);
#1094 = CARTESIAN_POINT('',(6.7,-23.60177490601,5.));
#1095 = LINE('',#1096,#1097);
#1096 = CARTESIAN_POINT('',(6.7,-23.29122279441,4.146765085834));
#1097 = VECTOR('',#1098,1.);
#1098 = DIRECTION('',(0.,-0.342020143326,0.939692620786));
#1099 = ORIENTED_EDGE('',*,*,#1100,.T.);
#1100 = EDGE_CURVE('',#1093,#1101,#1103,.T.);
#1101 = VERTEX_POINT('',#1102);
#1102 = CARTESIAN_POINT('',(6.7,-34.,5.));
#1103 = LINE('',#1104,#1105);
#1104 = CARTESIAN_POINT('',(6.7,-16.,5.));
#1105 = VECTOR('',#1106,1.);
#1106 = DIRECTION('',(0.,-1.,0.));
#1107 = ORIENTED_EDGE('',*,*,#1108,.F.);
#1108 = EDGE_CURVE('',#1109,#1101,#1111,.T.);
#1109 = VERTEX_POINT('',#1110);
#1110 = CARTESIAN_POINT('',(6.7,-34.,4.1));
#1111 = LINE('',#1112,#1113);
#1112 = CARTESIAN_POINT('',(6.7,-34.,0.));
#1113 = VECTOR('',#1114,1.);
#1114 = DIRECTION('',(0.,0.,1.));
#1115 = ORIENTED_EDGE('',*,*,#1116,.T.);
#1116 = EDGE_CURVE('',#1109,#1117,#1119,.T.);
#1117 = VERTEX_POINT('',#1118);
#1118 = CARTESIAN_POINT('',(6.7,-31.,4.1));
#1119 = LINE('',#1120,#1121);
#1120 = CARTESIAN_POINT('',(6.7,-34.,4.1));
#1121 = VECTOR('',#1122,1.);
#1122 = DIRECTION('',(0.,1.,0.));
#1123 = ORIENTED_EDGE('',*,*,#1124,.T.);
#1124 = EDGE_CURVE('',#1117,#1125,#1127,.T.);
#1125 = VERTEX_POINT('',#1126);
#1126 = CARTESIAN_POINT('',(6.7,-31.,3.1));
#1127 = LINE('',#1128,#1129);
#1128 = CARTESIAN_POINT('',(6.7,-31.,4.1));
#1129 = VECTOR('',#1130,1.);
#1130 = DIRECTION('',(0.,0.,-1.));
#1131 = ORIENTED_EDGE('',*,*,#1132,.T.);
#1132 = EDGE_CURVE('',#1125,#1133,#1135,.T.);
#1133 = VERTEX_POINT('',#1134);
#1134 = CARTESIAN_POINT('',(6.7,-34.,3.1));
#1135 = LINE('',#1136,#1137);
#1136 = CARTESIAN_POINT('',(6.7,-31.,3.1));
#1137 = VECTOR('',#1138,1.);
#1138 = DIRECTION('',(0.,-1.,0.));
#1139 = ORIENTED_EDGE('',*,*,#1140,.F.);
#1140 = EDGE_CURVE('',#308,#1133,#1141,.T.);
#1141 = LINE('',#1142,#1143);
#1142 = CARTESIAN_POINT('',(6.7,-34.,0.));
#1143 = VECTOR('',#1144,1.);
#1144 = DIRECTION('',(0.,0.,1.));
#1145 = FACE_BOUND('',#1146,.F.);
#1146 = EDGE_LOOP('',(#1147,#1157,#1165,#1173));
#1147 = ORIENTED_EDGE('',*,*,#1148,.T.);
#1148 = EDGE_CURVE('',#1149,#1151,#1153,.T.);
#1149 = VERTEX_POINT('',#1150);
#1150 = CARTESIAN_POINT('',(6.7,-27.5,1.5));
#1151 = VERTEX_POINT('',#1152);
#1152 = CARTESIAN_POINT('',(6.7,-22.5,1.5));
#1153 = LINE('',#1154,#1155);
#1154 = CARTESIAN_POINT('',(6.7,-27.5,1.5));
#1155 = VECTOR('',#1156,1.);
#1156 = DIRECTION('',(0.,1.,0.));
#1157 = ORIENTED_EDGE('',*,*,#1158,.T.);
#1158 = EDGE_CURVE('',#1151,#1159,#1161,.T.);
#1159 = VERTEX_POINT('',#1160);
#1160 = CARTESIAN_POINT('',(6.7,-22.5,0.9));
#1161 = LINE('',#1162,#1163);
#1162 = CARTESIAN_POINT('',(6.7,-22.5,1.5));
#1163 = VECTOR('',#1164,1.);
#1164 = DIRECTION('',(0.,0.,-1.));
#1165 = ORIENTED_EDGE('',*,*,#1166,.T.);
#1166 = EDGE_CURVE('',#1159,#1167,#1169,.T.);
#1167 = VERTEX_POINT('',#1168);
#1168 = CARTESIAN_POINT('',(6.7,-27.5,0.9));
#1169 = LINE('',#1170,#1171);
#1170 = CARTESIAN_POINT('',(6.7,-22.5,0.9));
#1171 = VECTOR('',#1172,1.);
#1172 = DIRECTION('',(0.,-1.,0.));
#1173 = ORIENTED_EDGE('',*,*,#1174,.T.);
#1174 = EDGE_CURVE('',#1167,#1149,#1175,.T.);
#1175 = LINE('',#1176,#1177);
#1176 = CARTESIAN_POINT('',(6.7,-27.5,0.9));
#1177 = VECTOR('',#1178,1.);
#1178 = DIRECTION('',(0.,0.,1.));
#1179 = PLANE('',#1180);
#1180 = AXIS2_PLACEMENT_3D('',#1181,#1182,#1183);
#1181 = CARTESIAN_POINT('',(6.7,-16.,0.));
#1182 = DIRECTION('',(1.,0.,0.));
#1183 = DIRECTION('',(0.,-1.,0.));
#1184 = ADVANCED_FACE('',(#1185),#1219,.F.);
#1185 = FACE_BOUND('',#1186,.F.);
#1186 = EDGE_LOOP('',(#1187,#1197,#1205,#1211,#1212,#1213));
#1187 = ORIENTED_EDGE('',*,*,#1188,.F.);
#1188 = EDGE_CURVE('',#1189,#1191,#1193,.T.);
#1189 = VERTEX_POINT('',#1190);
#1190 = CARTESIAN_POINT('',(-12.5,-25.47687844775,10.151804640071));
#1191 = VERTEX_POINT('',#1192);
#1192 = CARTESIAN_POINT('',(12.5,-25.47687844775,10.151804640071));
#1193 = LINE('',#1194,#1195);
#1194 = CARTESIAN_POINT('',(-12.5,-25.47687844775,10.151804640071));
#1195 = VECTOR('',#1196,1.);
#1196 = DIRECTION('',(1.,0.,0.));
#1197 = ORIENTED_EDGE('',*,*,#1198,.T.);
#1198 = EDGE_CURVE('',#1189,#1199,#1201,.T.);
#1199 = VERTEX_POINT('',#1200);
#1200 = CARTESIAN_POINT('',(-12.5,-23.60177490601,5.));
#1201 = LINE('',#1202,#1203);
#1202 = CARTESIAN_POINT('',(-12.5,-25.47687844775,10.151804640071));
#1203 = VECTOR('',#1204,1.);
#1204 = DIRECTION('',(0.,0.342020143326,-0.939692620786));
#1205 = ORIENTED_EDGE('',*,*,#1206,.F.);
#1206 = EDGE_CURVE('',#1093,#1199,#1207,.T.);
#1207 = LINE('',#1208,#1209);
#1208 = CARTESIAN_POINT('',(-11.25,-23.60177490601,5.));
#1209 = VECTOR('',#1210,1.);
#1210 = DIRECTION('',(-1.,0.,0.));
#1211 = ORIENTED_EDGE('',*,*,#1092,.F.);
#1212 = ORIENTED_EDGE('',*,*,#315,.F.);
#1213 = ORIENTED_EDGE('',*,*,#1214,.F.);
#1214 = EDGE_CURVE('',#1191,#316,#1215,.T.);
#1215 = LINE('',#1216,#1217);
#1216 = CARTESIAN_POINT('',(12.5,-25.47687844775,10.151804640071));
#1217 = VECTOR('',#1218,1.);
#1218 = DIRECTION('',(0.,0.342020143326,-0.939692620786));
#1219 = PLANE('',#1220);
#1220 = AXIS2_PLACEMENT_3D('',#1221,#1222,#1223);
#1221 = CARTESIAN_POINT('',(-12.5,-25.47687844775,10.151804640071));
#1222 = DIRECTION('',(0.,-0.939692620786,-0.342020143326));
#1223 = DIRECTION('',(1.,0.,0.));
#1224 = ADVANCED_FACE('',(#1225),#1314,.F.);
#1225 = FACE_BOUND('',#1226,.F.);
#1226 = EDGE_LOOP('',(#1227,#1228,#1229,#1237,#1245,#1251,#1252,#1260,
    #1268,#1276,#1284,#1292,#1300,#1308));
#1227 = ORIENTED_EDGE('',*,*,#395,.F.);
#1228 = ORIENTED_EDGE('',*,*,#1140,.T.);
#1229 = ORIENTED_EDGE('',*,*,#1230,.T.);
#1230 = EDGE_CURVE('',#1133,#1231,#1233,.T.);
#1231 = VERTEX_POINT('',#1232);
#1232 = CARTESIAN_POINT('',(6.2,-34.,3.1));
#1233 = LINE('',#1234,#1235);
#1234 = CARTESIAN_POINT('',(6.7,-34.,3.1));
#1235 = VECTOR('',#1236,1.);
#1236 = DIRECTION('',(-1.,0.,0.));
#1237 = ORIENTED_EDGE('',*,*,#1238,.T.);
#1238 = EDGE_CURVE('',#1231,#1239,#1241,.T.);
#1239 = VERTEX_POINT('',#1240);
#1240 = CARTESIAN_POINT('',(6.2,-34.,4.1));
#1241 = LINE('',#1242,#1243);
#1242 = CARTESIAN_POINT('',(6.2,-34.,3.1));
#1243 = VECTOR('',#1244,1.);
#1244 = DIRECTION('',(0.,0.,1.));
#1245 = ORIENTED_EDGE('',*,*,#1246,.F.);
#1246 = EDGE_CURVE('',#1109,#1239,#1247,.T.);
#1247 = LINE('',#1248,#1249);
#1248 = CARTESIAN_POINT('',(6.7,-34.,4.1));
#1249 = VECTOR('',#1250,1.);
#1250 = DIRECTION('',(-1.,0.,0.));
#1251 = ORIENTED_EDGE('',*,*,#1108,.T.);
#1252 = ORIENTED_EDGE('',*,*,#1253,.T.);
#1253 = EDGE_CURVE('',#1101,#1254,#1256,.T.);
#1254 = VERTEX_POINT('',#1255);
#1255 = CARTESIAN_POINT('',(-26.7,-34.,5.));
#1256 = LINE('',#1257,#1258);
#1257 = CARTESIAN_POINT('',(6.7,-34.,5.));
#1258 = VECTOR('',#1259,1.);
#1259 = DIRECTION('',(-1.,0.,0.));
#1260 = ORIENTED_EDGE('',*,*,#1261,.F.);
#1261 = EDGE_CURVE('',#1262,#1254,#1264,.T.);
#1262 = VERTEX_POINT('',#1263);
#1263 = CARTESIAN_POINT('',(-26.7,-34.,4.1));
#1264 = LINE('',#1265,#1266);
#1265 = CARTESIAN_POINT('',(-26.7,-34.,0.));
#1266 = VECTOR('',#1267,1.);
#1267 = DIRECTION('',(0.,0.,1.));
#1268 = ORIENTED_EDGE('',*,*,#1269,.T.);
#1269 = EDGE_CURVE('',#1262,#1270,#1272,.T.);
#1270 = VERTEX_POINT('',#1271);
#1271 = CARTESIAN_POINT('',(-26.1,-34.,4.1));
#1272 = LINE('',#1273,#1274);
#1273 = CARTESIAN_POINT('',(-26.7,-34.,4.1));
#1274 = VECTOR('',#1275,1.);
#1275 = DIRECTION('',(1.,0.,0.));
#1276 = ORIENTED_EDGE('',*,*,#1277,.T.);
#1277 = EDGE_CURVE('',#1270,#1278,#1280,.T.);
#1278 = VERTEX_POINT('',#1279);
#1279 = CARTESIAN_POINT('',(-26.1,-34.,3.1));
#1280 = LINE('',#1281,#1282);
#1281 = CARTESIAN_POINT('',(-26.1,-34.,4.1));
#1282 = VECTOR('',#1283,1.);
#1283 = DIRECTION('',(0.,0.,-1.));
#1284 = ORIENTED_EDGE('',*,*,#1285,.F.);
#1285 = EDGE_CURVE('',#1286,#1278,#1288,.T.);
#1286 = VERTEX_POINT('',#1287);
#1287 = CARTESIAN_POINT('',(-26.7,-34.,3.1));
#1288 = LINE('',#1289,#1290);
#1289 = CARTESIAN_POINT('',(-26.7,-34.,3.1));
#1290 = VECTOR('',#1291,1.);
#1291 = DIRECTION('',(1.,0.,0.));
#1292 = ORIENTED_EDGE('',*,*,#1293,.F.);
#1293 = EDGE_CURVE('',#1294,#1286,#1296,.T.);
#1294 = VERTEX_POINT('',#1295);
#1295 = CARTESIAN_POINT('',(-26.7,-34.,1.5));
#1296 = LINE('',#1297,#1298);
#1297 = CARTESIAN_POINT('',(-26.7,-34.,0.));
#1298 = VECTOR('',#1299,1.);
#1299 = DIRECTION('',(0.,0.,1.));
#1300 = ORIENTED_EDGE('',*,*,#1301,.T.);
#1301 = EDGE_CURVE('',#1294,#1302,#1304,.T.);
#1302 = VERTEX_POINT('',#1303);
#1303 = CARTESIAN_POINT('',(-26.1,-34.,1.5));
#1304 = LINE('',#1305,#1306);
#1305 = CARTESIAN_POINT('',(-26.7,-34.,1.5));
#1306 = VECTOR('',#1307,1.);
#1307 = DIRECTION('',(1.,0.,0.));
#1308 = ORIENTED_EDGE('',*,*,#1309,.T.);
#1309 = EDGE_CURVE('',#1302,#388,#1310,.T.);
#1310 = LINE('',#1311,#1312);
#1311 = CARTESIAN_POINT('',(-26.1,-34.,1.5));
#1312 = VECTOR('',#1313,1.);
#1313 = DIRECTION('',(0.,0.,-1.));
#1314 = PLANE('',#1315);
#1315 = AXIS2_PLACEMENT_3D('',#1316,#1317,#1318);
#1316 = CARTESIAN_POINT('',(6.7,-34.,0.));
#1317 = DIRECTION('',(0.,-1.,0.));
#1318 = DIRECTION('',(-1.,0.,0.));
#1319 = ADVANCED_FACE('',(#1320),#1338,.F.);
#1320 = FACE_BOUND('',#1321,.F.);
#1321 = EDGE_LOOP('',(#1322,#1330,#1331,#1332));
#1322 = ORIENTED_EDGE('',*,*,#1323,.F.);
#1323 = EDGE_CURVE('',#1191,#1324,#1326,.T.);
#1324 = VERTEX_POINT('',#1325);
#1325 = CARTESIAN_POINT('',(12.5,-21.7181079646,11.519885213373));
#1326 = LINE('',#1327,#1328);
#1327 = CARTESIAN_POINT('',(12.5,-25.47687844775,10.151804640071));
#1328 = VECTOR('',#1329,1.);
#1329 = DIRECTION('',(0.,0.939692620786,0.342020143326));
#1330 = ORIENTED_EDGE('',*,*,#1214,.T.);
#1331 = ORIENTED_EDGE('',*,*,#323,.F.);
#1332 = ORIENTED_EDGE('',*,*,#1333,.F.);
#1333 = EDGE_CURVE('',#1324,#324,#1334,.T.);
#1334 = LINE('',#1335,#1336);
#1335 = CARTESIAN_POINT('',(12.5,-21.7181079646,11.519885213373));
#1336 = VECTOR('',#1337,1.);
#1337 = DIRECTION('',(0.,0.342020143326,-0.939692620786));
#1338 = PLANE('',#1339);
#1339 = AXIS2_PLACEMENT_3D('',#1340,#1341,#1342);
#1340 = CARTESIAN_POINT('',(12.5,-25.47687844775,10.151804640071));
#1341 = DIRECTION('',(1.,0.,0.));
#1342 = DIRECTION('',(0.,0.939692620786,0.342020143326));
#1343 = ADVANCED_FACE('',(#1344),#1362,.T.);
#1344 = FACE_BOUND('',#1345,.T.);
#1345 = EDGE_LOOP('',(#1346,#1347,#1348,#1356));
#1346 = ORIENTED_EDGE('',*,*,#1309,.T.);
#1347 = ORIENTED_EDGE('',*,*,#387,.T.);
#1348 = ORIENTED_EDGE('',*,*,#1349,.T.);
#1349 = EDGE_CURVE('',#380,#1350,#1352,.T.);
#1350 = VERTEX_POINT('',#1351);
#1351 = CARTESIAN_POINT('',(-26.1,-31.,1.5));
#1352 = LINE('',#1353,#1354);
#1353 = CARTESIAN_POINT('',(-26.1,-31.,0.));
#1354 = VECTOR('',#1355,1.);
#1355 = DIRECTION('',(0.,0.,1.));
#1356 = ORIENTED_EDGE('',*,*,#1357,.T.);
#1357 = EDGE_CURVE('',#1350,#1302,#1358,.T.);
#1358 = LINE('',#1359,#1360);
#1359 = CARTESIAN_POINT('',(-26.1,-31.,1.5));
#1360 = VECTOR('',#1361,1.);
#1361 = DIRECTION('',(0.,-1.,0.));
#1362 = PLANE('',#1363);
#1363 = AXIS2_PLACEMENT_3D('',#1364,#1365,#1366);
#1364 = CARTESIAN_POINT('',(-26.1,-25.,2.091176470588));
#1365 = DIRECTION('',(1.,0.,0.));
#1366 = DIRECTION('',(0.,0.,1.));
#1367 = ADVANCED_FACE('',(#1368),#1418,.F.);
#1368 = FACE_BOUND('',#1369,.F.);
#1369 = EDGE_LOOP('',(#1370,#1378,#1379,#1380,#1388,#1396,#1404,#1412));
#1370 = ORIENTED_EDGE('',*,*,#1371,.F.);
#1371 = EDGE_CURVE('',#1324,#1372,#1374,.T.);
#1372 = VERTEX_POINT('',#1373);
#1373 = CARTESIAN_POINT('',(-12.5,-21.7181079646,11.519885213373));
#1374 = LINE('',#1375,#1376);
#1375 = CARTESIAN_POINT('',(12.5,-21.7181079646,11.519885213373));
#1376 = VECTOR('',#1377,1.);
#1377 = DIRECTION('',(-1.,0.,0.));
#1378 = ORIENTED_EDGE('',*,*,#1333,.T.);
#1379 = ORIENTED_EDGE('',*,*,#331,.F.);
#1380 = ORIENTED_EDGE('',*,*,#1381,.F.);
#1381 = EDGE_CURVE('',#1382,#332,#1384,.T.);
#1382 = VERTEX_POINT('',#1383);
#1383 = CARTESIAN_POINT('',(6.7,-18.653520371,3.1));
#1384 = LINE('',#1385,#1386);
#1385 = CARTESIAN_POINT('',(6.7,-19.53245231127,5.514845659137));
#1386 = VECTOR('',#1387,1.);
#1387 = DIRECTION('',(0.,0.342020143326,-0.939692620786));
#1388 = ORIENTED_EDGE('',*,*,#1389,.F.);
#1389 = EDGE_CURVE('',#1390,#1382,#1392,.T.);
#1390 = VERTEX_POINT('',#1391);
#1391 = CARTESIAN_POINT('',(6.7,-19.,4.051944956975));
#1392 = LINE('',#1393,#1394);
#1393 = CARTESIAN_POINT('',(6.7,-19.53245231127,5.514845659137));
#1394 = VECTOR('',#1395,1.);
#1395 = DIRECTION('',(0.,0.342020143326,-0.939692620786));
#1396 = ORIENTED_EDGE('',*,*,#1397,.F.);
#1397 = EDGE_CURVE('',#1398,#1390,#1400,.T.);
#1398 = VERTEX_POINT('',#1399);
#1399 = CARTESIAN_POINT('',(6.7,-19.3450638161,5.));
#1400 = LINE('',#1401,#1402);
#1401 = CARTESIAN_POINT('',(6.7,-19.53245231127,5.514845659137));
#1402 = VECTOR('',#1403,1.);
#1403 = DIRECTION('',(0.,0.342020143326,-0.939692620786));
#1404 = ORIENTED_EDGE('',*,*,#1405,.F.);
#1405 = EDGE_CURVE('',#1406,#1398,#1408,.T.);
#1406 = VERTEX_POINT('',#1407);
#1407 = CARTESIAN_POINT('',(-12.5,-19.3450638161,5.));
#1408 = LINE('',#1409,#1410);
#1409 = CARTESIAN_POINT('',(1.25,-19.3450638161,5.));
#1410 = VECTOR('',#1411,1.);
#1411 = DIRECTION('',(1.,0.,0.));
#1412 = ORIENTED_EDGE('',*,*,#1413,.F.);
#1413 = EDGE_CURVE('',#1372,#1406,#1414,.T.);
#1414 = LINE('',#1415,#1416);
#1415 = CARTESIAN_POINT('',(-12.5,-21.7181079646,11.519885213373));
#1416 = VECTOR('',#1417,1.);
#1417 = DIRECTION('',(0.,0.342020143326,-0.939692620786));
#1418 = PLANE('',#1419);
#1419 = AXIS2_PLACEMENT_3D('',#1420,#1421,#1422);
#1420 = CARTESIAN_POINT('',(12.5,-21.7181079646,11.519885213373));
#1421 = DIRECTION('',(0.,0.939692620786,0.342020143326));
#1422 = DIRECTION('',(-1.,0.,0.));
#1423 = ADVANCED_FACE('',(#1424),#1442,.F.);
#1424 = FACE_BOUND('',#1425,.F.);
#1425 = EDGE_LOOP('',(#1426,#1427,#1428,#1436));
#1426 = ORIENTED_EDGE('',*,*,#379,.T.);
#1427 = ORIENTED_EDGE('',*,*,#1349,.T.);
#1428 = ORIENTED_EDGE('',*,*,#1429,.F.);
#1429 = EDGE_CURVE('',#1430,#1350,#1432,.T.);
#1430 = VERTEX_POINT('',#1431);
#1431 = CARTESIAN_POINT('',(-26.7,-31.,1.5));
#1432 = LINE('',#1433,#1434);
#1433 = CARTESIAN_POINT('',(-26.7,-31.,1.5));
#1434 = VECTOR('',#1435,1.);
#1435 = DIRECTION('',(1.,0.,0.));
#1436 = ORIENTED_EDGE('',*,*,#1437,.F.);
#1437 = EDGE_CURVE('',#372,#1430,#1438,.T.);
#1438 = LINE('',#1439,#1440);
#1439 = CARTESIAN_POINT('',(-26.7,-31.,0.));
#1440 = VECTOR('',#1441,1.);
#1441 = DIRECTION('',(0.,0.,1.));
#1442 = PLANE('',#1443);
#1443 = AXIS2_PLACEMENT_3D('',#1444,#1445,#1446);
#1444 = CARTESIAN_POINT('',(-26.7,-31.,0.));
#1445 = DIRECTION('',(0.,-1.,0.));
#1446 = DIRECTION('',(0.,0.,1.));
#1447 = ADVANCED_FACE('',(#1448),#1466,.F.);
#1448 = FACE_BOUND('',#1449,.F.);
#1449 = EDGE_LOOP('',(#1450,#1451,#1459,#1465));
#1450 = ORIENTED_EDGE('',*,*,#339,.F.);
#1451 = ORIENTED_EDGE('',*,*,#1452,.T.);
#1452 = EDGE_CURVE('',#340,#1453,#1455,.T.);
#1453 = VERTEX_POINT('',#1454);
#1454 = CARTESIAN_POINT('',(6.7,-16.,3.1));
#1455 = LINE('',#1456,#1457);
#1456 = CARTESIAN_POINT('',(6.7,-16.,0.));
#1457 = VECTOR('',#1458,1.);
#1458 = DIRECTION('',(0.,0.,1.));
#1459 = ORIENTED_EDGE('',*,*,#1460,.T.);
#1460 = EDGE_CURVE('',#1453,#1382,#1461,.T.);
#1461 = LINE('',#1462,#1463);
#1462 = CARTESIAN_POINT('',(6.7,-16.,3.1));
#1463 = VECTOR('',#1464,1.);
#1464 = DIRECTION('',(0.,-1.,0.));
#1465 = ORIENTED_EDGE('',*,*,#1381,.T.);
#1466 = PLANE('',#1467);
#1467 = AXIS2_PLACEMENT_3D('',#1468,#1469,#1470);
#1468 = CARTESIAN_POINT('',(6.7,-16.,0.));
#1469 = DIRECTION('',(1.,0.,0.));
#1470 = DIRECTION('',(0.,-1.,0.));
#1471 = ADVANCED_FACE('',(#1472,#1568),#1638,.F.);
#1472 = FACE_BOUND('',#1473,.F.);
#1473 = EDGE_LOOP('',(#1474,#1480,#1481,#1489,#1497,#1503,#1504,#1512,
    #1520,#1528,#1536,#1544,#1552,#1560,#1566,#1567));
#1474 = ORIENTED_EDGE('',*,*,#1475,.T.);
#1475 = EDGE_CURVE('',#1430,#1294,#1476,.T.);
#1476 = LINE('',#1477,#1478);
#1477 = CARTESIAN_POINT('',(-26.7,-31.,1.5));
#1478 = VECTOR('',#1479,1.);
#1479 = DIRECTION('',(0.,-1.,0.));
#1480 = ORIENTED_EDGE('',*,*,#1293,.T.);
#1481 = ORIENTED_EDGE('',*,*,#1482,.T.);
#1482 = EDGE_CURVE('',#1286,#1483,#1485,.T.);
#1483 = VERTEX_POINT('',#1484);
#1484 = CARTESIAN_POINT('',(-26.7,-31.,3.1));
#1485 = LINE('',#1486,#1487);
#1486 = CARTESIAN_POINT('',(-26.7,-34.,3.1));
#1487 = VECTOR('',#1488,1.);
#1488 = DIRECTION('',(0.,1.,0.));
#1489 = ORIENTED_EDGE('',*,*,#1490,.T.);
#1490 = EDGE_CURVE('',#1483,#1491,#1493,.T.);
#1491 = VERTEX_POINT('',#1492);
#1492 = CARTESIAN_POINT('',(-26.7,-31.,4.1));
#1493 = LINE('',#1494,#1495);
#1494 = CARTESIAN_POINT('',(-26.7,-31.,3.1));
#1495 = VECTOR('',#1496,1.);
#1496 = DIRECTION('',(0.,0.,1.));
#1497 = ORIENTED_EDGE('',*,*,#1498,.T.);
#1498 = EDGE_CURVE('',#1491,#1262,#1499,.T.);
#1499 = LINE('',#1500,#1501);
#1500 = CARTESIAN_POINT('',(-26.7,-31.,4.1));
#1501 = VECTOR('',#1502,1.);
#1502 = DIRECTION('',(0.,-1.,0.));
#1503 = ORIENTED_EDGE('',*,*,#1261,.T.);
#1504 = ORIENTED_EDGE('',*,*,#1505,.T.);
#1505 = EDGE_CURVE('',#1254,#1506,#1508,.T.);
#1506 = VERTEX_POINT('',#1507);
#1507 = CARTESIAN_POINT('',(-26.7,-16.,5.));
#1508 = LINE('',#1509,#1510);
#1509 = CARTESIAN_POINT('',(-26.7,-34.,5.));
#1510 = VECTOR('',#1511,1.);
#1511 = DIRECTION('',(0.,1.,0.));
#1512 = ORIENTED_EDGE('',*,*,#1513,.F.);
#1513 = EDGE_CURVE('',#1514,#1506,#1516,.T.);
#1514 = VERTEX_POINT('',#1515);
#1515 = CARTESIAN_POINT('',(-26.7,-16.,4.1));
#1516 = LINE('',#1517,#1518);
#1517 = CARTESIAN_POINT('',(-26.7,-16.,0.));
#1518 = VECTOR('',#1519,1.);
#1519 = DIRECTION('',(0.,0.,1.));
#1520 = ORIENTED_EDGE('',*,*,#1521,.T.);
#1521 = EDGE_CURVE('',#1514,#1522,#1524,.T.);
#1522 = VERTEX_POINT('',#1523);
#1523 = CARTESIAN_POINT('',(-26.7,-19.,4.1));
#1524 = LINE('',#1525,#1526);
#1525 = CARTESIAN_POINT('',(-26.7,-16.,4.1));
#1526 = VECTOR('',#1527,1.);
#1527 = DIRECTION('',(0.,-1.,0.));
#1528 = ORIENTED_EDGE('',*,*,#1529,.T.);
#1529 = EDGE_CURVE('',#1522,#1530,#1532,.T.);
#1530 = VERTEX_POINT('',#1531);
#1531 = CARTESIAN_POINT('',(-26.7,-19.,3.1));
#1532 = LINE('',#1533,#1534);
#1533 = CARTESIAN_POINT('',(-26.7,-19.,4.1));
#1534 = VECTOR('',#1535,1.);
#1535 = DIRECTION('',(0.,0.,-1.));
#1536 = ORIENTED_EDGE('',*,*,#1537,.T.);
#1537 = EDGE_CURVE('',#1530,#1538,#1540,.T.);
#1538 = VERTEX_POINT('',#1539);
#1539 = CARTESIAN_POINT('',(-26.7,-16.,3.1));
#1540 = LINE('',#1541,#1542);
#1541 = CARTESIAN_POINT('',(-26.7,-19.,3.1));
#1542 = VECTOR('',#1543,1.);
#1543 = DIRECTION('',(0.,1.,0.));
#1544 = ORIENTED_EDGE('',*,*,#1545,.F.);
#1545 = EDGE_CURVE('',#1546,#1538,#1548,.T.);
#1546 = VERTEX_POINT('',#1547);
#1547 = CARTESIAN_POINT('',(-26.7,-16.,1.5));
#1548 = LINE('',#1549,#1550);
#1549 = CARTESIAN_POINT('',(-26.7,-16.,0.));
#1550 = VECTOR('',#1551,1.);
#1551 = DIRECTION('',(0.,0.,1.));
#1552 = ORIENTED_EDGE('',*,*,#1553,.T.);
#1553 = EDGE_CURVE('',#1546,#1554,#1556,.T.);
#1554 = VERTEX_POINT('',#1555);
#1555 = CARTESIAN_POINT('',(-26.7,-19.,1.5));
#1556 = LINE('',#1557,#1558);
#1557 = CARTESIAN_POINT('',(-26.7,-16.,1.5));
#1558 = VECTOR('',#1559,1.);
#1559 = DIRECTION('',(0.,-1.,0.));
#1560 = ORIENTED_EDGE('',*,*,#1561,.T.);
#1561 = EDGE_CURVE('',#1554,#364,#1562,.T.);
#1562 = LINE('',#1563,#1564);
#1563 = CARTESIAN_POINT('',(-26.7,-19.,1.5));
#1564 = VECTOR('',#1565,1.);
#1565 = DIRECTION('',(0.,0.,-1.));
#1566 = ORIENTED_EDGE('',*,*,#371,.F.);
#1567 = ORIENTED_EDGE('',*,*,#1437,.T.);
#1568 = FACE_BOUND('',#1569,.F.);
#1569 = EDGE_LOOP('',(#1570,#1580,#1589,#1597,#1606,#1614,#1623,#1631));
#1570 = ORIENTED_EDGE('',*,*,#1571,.F.);
#1571 = EDGE_CURVE('',#1572,#1574,#1576,.T.);
#1572 = VERTEX_POINT('',#1573);
#1573 = CARTESIAN_POINT('',(-26.7,-20.23,3.46));
#1574 = VERTEX_POINT('',#1575);
#1575 = CARTESIAN_POINT('',(-26.7,-20.23,2.7));
#1576 = LINE('',#1577,#1578);
#1577 = CARTESIAN_POINT('',(-26.7,-20.23,1.73));
#1578 = VECTOR('',#1579,1.);
#1579 = DIRECTION('',(0.,0.,-1.));
#1580 = ORIENTED_EDGE('',*,*,#1581,.F.);
#1581 = EDGE_CURVE('',#1582,#1572,#1584,.T.);
#1582 = VERTEX_POINT('',#1583);
#1583 = CARTESIAN_POINT('',(-26.7,-21.73,4.96));
#1584 = CIRCLE('',#1585,1.5);
#1585 = AXIS2_PLACEMENT_3D('',#1586,#1587,#1588);
#1586 = CARTESIAN_POINT('',(-26.7,-21.73,3.46));
#1587 = DIRECTION('',(-1.,0.,0.));
#1588 = DIRECTION('',(0.,-1.,0.));
#1589 = ORIENTED_EDGE('',*,*,#1590,.F.);
#1590 = EDGE_CURVE('',#1591,#1582,#1593,.T.);
#1591 = VERTEX_POINT('',#1592);
#1592 = CARTESIAN_POINT('',(-26.7,-28.27,4.96));
#1593 = LINE('',#1594,#1595);
#1594 = CARTESIAN_POINT('',(-26.7,-31.135,4.96));
#1595 = VECTOR('',#1596,1.);
#1596 = DIRECTION('',(0.,1.,0.));
#1597 = ORIENTED_EDGE('',*,*,#1598,.F.);
#1598 = EDGE_CURVE('',#1599,#1591,#1601,.T.);
#1599 = VERTEX_POINT('',#1600);
#1600 = CARTESIAN_POINT('',(-26.7,-29.77,3.46));
#1601 = CIRCLE('',#1602,1.5);
#1602 = AXIS2_PLACEMENT_3D('',#1603,#1604,#1605);
#1603 = CARTESIAN_POINT('',(-26.7,-28.27,3.46));
#1604 = DIRECTION('',(-1.,0.,0.));
#1605 = DIRECTION('',(0.,-1.,0.));
#1606 = ORIENTED_EDGE('',*,*,#1607,.F.);
#1607 = EDGE_CURVE('',#1608,#1599,#1610,.T.);
#1608 = VERTEX_POINT('',#1609);
#1609 = CARTESIAN_POINT('',(-26.7,-29.77,2.7));
#1610 = LINE('',#1611,#1612);
#1611 = CARTESIAN_POINT('',(-26.7,-29.77,1.35));
#1612 = VECTOR('',#1613,1.);
#1613 = DIRECTION('',(0.,0.,1.));
#1614 = ORIENTED_EDGE('',*,*,#1615,.F.);
#1615 = EDGE_CURVE('',#1616,#1608,#1618,.T.);
#1616 = VERTEX_POINT('',#1617);
#1617 = CARTESIAN_POINT('',(-26.7,-28.27,1.2));
#1618 = CIRCLE('',#1619,1.5);
#1619 = AXIS2_PLACEMENT_3D('',#1620,#1621,#1622);
#1620 = CARTESIAN_POINT('',(-26.7,-28.27,2.7));
#1621 = DIRECTION('',(-1.,0.,0.));
#1622 = DIRECTION('',(0.,-1.,0.));
#1623 = ORIENTED_EDGE('',*,*,#1624,.F.);
#1624 = EDGE_CURVE('',#1625,#1616,#1627,.T.);
#1625 = VERTEX_POINT('',#1626);
#1626 = CARTESIAN_POINT('',(-26.7,-21.73,1.2));
#1627 = LINE('',#1628,#1629);
#1628 = CARTESIAN_POINT('',(-26.7,-27.865,1.2));
#1629 = VECTOR('',#1630,1.);
#1630 = DIRECTION('',(-0.,-1.,-0.));
#1631 = ORIENTED_EDGE('',*,*,#1632,.F.);
#1632 = EDGE_CURVE('',#1574,#1625,#1633,.T.);
#1633 = CIRCLE('',#1634,1.5);
#1634 = AXIS2_PLACEMENT_3D('',#1635,#1636,#1637);
#1635 = CARTESIAN_POINT('',(-26.7,-21.73,2.7));
#1636 = DIRECTION('',(-1.,0.,0.));
#1637 = DIRECTION('',(0.,-1.,0.));
#1638 = PLANE('',#1639);
#1639 = AXIS2_PLACEMENT_3D('',#1640,#1641,#1642);
#1640 = CARTESIAN_POINT('',(-26.7,-34.,0.));
#1641 = DIRECTION('',(-1.,0.,0.));
#1642 = DIRECTION('',(0.,1.,0.));
#1643 = ADVANCED_FACE('',(#1644),#1724,.F.);
#1644 = FACE_BOUND('',#1645,.F.);
#1645 = EDGE_LOOP('',(#1646,#1654,#1655,#1663,#1671,#1677,#1678,#1686,
    #1694,#1702,#1710,#1716,#1717,#1718));
#1646 = ORIENTED_EDGE('',*,*,#1647,.F.);
#1647 = EDGE_CURVE('',#1546,#1648,#1650,.T.);
#1648 = VERTEX_POINT('',#1649);
#1649 = CARTESIAN_POINT('',(-26.1,-16.,1.5));
#1650 = LINE('',#1651,#1652);
#1651 = CARTESIAN_POINT('',(-26.7,-16.,1.5));
#1652 = VECTOR('',#1653,1.);
#1653 = DIRECTION('',(1.,0.,0.));
#1654 = ORIENTED_EDGE('',*,*,#1545,.T.);
#1655 = ORIENTED_EDGE('',*,*,#1656,.T.);
#1656 = EDGE_CURVE('',#1538,#1657,#1659,.T.);
#1657 = VERTEX_POINT('',#1658);
#1658 = CARTESIAN_POINT('',(-26.1,-16.,3.1));
#1659 = LINE('',#1660,#1661);
#1660 = CARTESIAN_POINT('',(-26.7,-16.,3.1));
#1661 = VECTOR('',#1662,1.);
#1662 = DIRECTION('',(1.,0.,0.));
#1663 = ORIENTED_EDGE('',*,*,#1664,.T.);
#1664 = EDGE_CURVE('',#1657,#1665,#1667,.T.);
#1665 = VERTEX_POINT('',#1666);
#1666 = CARTESIAN_POINT('',(-26.1,-16.,4.1));
#1667 = LINE('',#1668,#1669);
#1668 = CARTESIAN_POINT('',(-26.1,-16.,3.1));
#1669 = VECTOR('',#1670,1.);
#1670 = DIRECTION('',(0.,0.,1.));
#1671 = ORIENTED_EDGE('',*,*,#1672,.F.);
#1672 = EDGE_CURVE('',#1514,#1665,#1673,.T.);
#1673 = LINE('',#1674,#1675);
#1674 = CARTESIAN_POINT('',(-26.7,-16.,4.1));
#1675 = VECTOR('',#1676,1.);
#1676 = DIRECTION('',(1.,0.,0.));
#1677 = ORIENTED_EDGE('',*,*,#1513,.T.);
#1678 = ORIENTED_EDGE('',*,*,#1679,.T.);
#1679 = EDGE_CURVE('',#1506,#1680,#1682,.T.);
#1680 = VERTEX_POINT('',#1681);
#1681 = CARTESIAN_POINT('',(6.7,-16.,5.));
#1682 = LINE('',#1683,#1684);
#1683 = CARTESIAN_POINT('',(-26.7,-16.,5.));
#1684 = VECTOR('',#1685,1.);
#1685 = DIRECTION('',(1.,0.,0.));
#1686 = ORIENTED_EDGE('',*,*,#1687,.F.);
#1687 = EDGE_CURVE('',#1688,#1680,#1690,.T.);
#1688 = VERTEX_POINT('',#1689);
#1689 = CARTESIAN_POINT('',(6.7,-16.,4.1));
#1690 = LINE('',#1691,#1692);
#1691 = CARTESIAN_POINT('',(6.7,-16.,0.));
#1692 = VECTOR('',#1693,1.);
#1693 = DIRECTION('',(0.,0.,1.));
#1694 = ORIENTED_EDGE('',*,*,#1695,.T.);
#1695 = EDGE_CURVE('',#1688,#1696,#1698,.T.);
#1696 = VERTEX_POINT('',#1697);
#1697 = CARTESIAN_POINT('',(6.2,-16.,4.1));
#1698 = LINE('',#1699,#1700);
#1699 = CARTESIAN_POINT('',(6.7,-16.,4.1));
#1700 = VECTOR('',#1701,1.);
#1701 = DIRECTION('',(-1.,0.,0.));
#1702 = ORIENTED_EDGE('',*,*,#1703,.T.);
#1703 = EDGE_CURVE('',#1696,#1704,#1706,.T.);
#1704 = VERTEX_POINT('',#1705);
#1705 = CARTESIAN_POINT('',(6.2,-16.,3.1));
#1706 = LINE('',#1707,#1708);
#1707 = CARTESIAN_POINT('',(6.2,-16.,4.1));
#1708 = VECTOR('',#1709,1.);
#1709 = DIRECTION('',(0.,0.,-1.));
#1710 = ORIENTED_EDGE('',*,*,#1711,.F.);
#1711 = EDGE_CURVE('',#1453,#1704,#1712,.T.);
#1712 = LINE('',#1713,#1714);
#1713 = CARTESIAN_POINT('',(6.7,-16.,3.1));
#1714 = VECTOR('',#1715,1.);
#1715 = DIRECTION('',(-1.,0.,0.));
#1716 = ORIENTED_EDGE('',*,*,#1452,.F.);
#1717 = ORIENTED_EDGE('',*,*,#347,.F.);
#1718 = ORIENTED_EDGE('',*,*,#1719,.T.);
#1719 = EDGE_CURVE('',#348,#1648,#1720,.T.);
#1720 = LINE('',#1721,#1722);
#1721 = CARTESIAN_POINT('',(-26.1,-16.,0.));
#1722 = VECTOR('',#1723,1.);
#1723 = DIRECTION('',(0.,0.,1.));
#1724 = PLANE('',#1725);
#1725 = AXIS2_PLACEMENT_3D('',#1726,#1727,#1728);
#1726 = CARTESIAN_POINT('',(-26.7,-16.,0.));
#1727 = DIRECTION('',(0.,1.,0.));
#1728 = DIRECTION('',(1.,0.,0.));
#1729 = ADVANCED_FACE('',(#1730),#1748,.F.);
#1730 = FACE_BOUND('',#1731,.F.);
#1731 = EDGE_LOOP('',(#1732,#1740,#1746,#1747));
#1732 = ORIENTED_EDGE('',*,*,#1733,.T.);
#1733 = EDGE_CURVE('',#1554,#1734,#1736,.T.);
#1734 = VERTEX_POINT('',#1735);
#1735 = CARTESIAN_POINT('',(-26.1,-19.,1.5));
#1736 = LINE('',#1737,#1738);
#1737 = CARTESIAN_POINT('',(-26.7,-19.,1.5));
#1738 = VECTOR('',#1739,1.);
#1739 = DIRECTION('',(1.,0.,0.));
#1740 = ORIENTED_EDGE('',*,*,#1741,.T.);
#1741 = EDGE_CURVE('',#1734,#356,#1742,.T.);
#1742 = LINE('',#1743,#1744);
#1743 = CARTESIAN_POINT('',(-26.1,-19.,1.5));
#1744 = VECTOR('',#1745,1.);
#1745 = DIRECTION('',(0.,0.,-1.));
#1746 = ORIENTED_EDGE('',*,*,#363,.F.);
#1747 = ORIENTED_EDGE('',*,*,#1561,.F.);
#1748 = PLANE('',#1749);
#1749 = AXIS2_PLACEMENT_3D('',#1750,#1751,#1752);
#1750 = CARTESIAN_POINT('',(-26.7,-19.,1.5));
#1751 = DIRECTION('',(0.,1.,0.));
#1752 = DIRECTION('',(0.,0.,-1.));
#1753 = ADVANCED_FACE('',(#1754),#1765,.T.);
#1754 = FACE_BOUND('',#1755,.T.);
#1755 = EDGE_LOOP('',(#1756,#1762,#1763,#1764));
#1756 = ORIENTED_EDGE('',*,*,#1757,.T.);
#1757 = EDGE_CURVE('',#1648,#1734,#1758,.T.);
#1758 = LINE('',#1759,#1760);
#1759 = CARTESIAN_POINT('',(-26.1,-16.,1.5));
#1760 = VECTOR('',#1761,1.);
#1761 = DIRECTION('',(0.,-1.,0.));
#1762 = ORIENTED_EDGE('',*,*,#1741,.T.);
#1763 = ORIENTED_EDGE('',*,*,#355,.T.);
#1764 = ORIENTED_EDGE('',*,*,#1719,.T.);
#1765 = PLANE('',#1766);
#1766 = AXIS2_PLACEMENT_3D('',#1767,#1768,#1769);
#1767 = CARTESIAN_POINT('',(-26.1,-25.,2.091176470588));
#1768 = DIRECTION('',(1.,0.,0.));
#1769 = DIRECTION('',(0.,0.,1.));
#1770 = ADVANCED_FACE('',(#1771),#1790,.F.);
#1771 = FACE_BOUND('',#1772,.F.);
#1772 = EDGE_LOOP('',(#1773,#1781,#1788,#1789));
#1773 = ORIENTED_EDGE('',*,*,#1774,.T.);
#1774 = EDGE_CURVE('',#404,#1775,#1777,.T.);
#1775 = VERTEX_POINT('',#1776);
#1776 = CARTESIAN_POINT('',(-23.4,-52.,3.));
#1777 = LINE('',#1778,#1779);
#1778 = CARTESIAN_POINT('',(-23.4,-52.,0.));
#1779 = VECTOR('',#1780,1.);
#1780 = DIRECTION('',(0.,0.,1.));
#1781 = ORIENTED_EDGE('',*,*,#1782,.T.);
#1782 = EDGE_CURVE('',#1775,#1775,#1783,.T.);
#1783 = CIRCLE('',#1784,1.6);
#1784 = AXIS2_PLACEMENT_3D('',#1785,#1786,#1787);
#1785 = CARTESIAN_POINT('',(-25.,-52.,3.));
#1786 = DIRECTION('',(0.,0.,-1.));
#1787 = DIRECTION('',(1.,0.,0.));
#1788 = ORIENTED_EDGE('',*,*,#1774,.F.);
#1789 = ORIENTED_EDGE('',*,*,#403,.F.);
#1790 = CYLINDRICAL_SURFACE('',#1791,1.6);
#1791 = AXIS2_PLACEMENT_3D('',#1792,#1793,#1794);
#1792 = CARTESIAN_POINT('',(-25.,-52.,0.));
#1793 = DIRECTION('',(0.,0.,-1.));
#1794 = DIRECTION('',(1.,0.,0.));
#1795 = ADVANCED_FACE('',(#1796),#1817,.T.);
#1796 = FACE_BOUND('',#1797,.F.);
#1797 = EDGE_LOOP('',(#1798,#1799,#1800,#1801,#1809,#1816));
#1798 = ORIENTED_EDGE('',*,*,#698,.T.);
#1799 = ORIENTED_EDGE('',*,*,#421,.T.);
#1800 = ORIENTED_EDGE('',*,*,#689,.T.);
#1801 = ORIENTED_EDGE('',*,*,#1802,.T.);
#1802 = EDGE_CURVE('',#690,#1803,#1805,.T.);
#1803 = VERTEX_POINT('',#1804);
#1804 = CARTESIAN_POINT('',(21.5,5.E-15,16.5));
#1805 = LINE('',#1806,#1807);
#1806 = CARTESIAN_POINT('',(21.5,5.33E-15,13.));
#1807 = VECTOR('',#1808,1.);
#1808 = DIRECTION('',(0.,0.,1.));
#1809 = ORIENTED_EDGE('',*,*,#1810,.T.);
#1810 = EDGE_CURVE('',#1803,#1803,#1811,.T.);
#1811 = CIRCLE('',#1812,21.5);
#1812 = AXIS2_PLACEMENT_3D('',#1813,#1814,#1815);
#1813 = CARTESIAN_POINT('',(-1.78E-15,5.33E-15,16.5));
#1814 = DIRECTION('',(0.,0.,1.));
#1815 = DIRECTION('',(1.,0.,0.));
#1816 = ORIENTED_EDGE('',*,*,#1802,.F.);
#1817 = CYLINDRICAL_SURFACE('',#1818,21.5);
#1818 = AXIS2_PLACEMENT_3D('',#1819,#1820,#1821);
#1819 = CARTESIAN_POINT('',(-1.78E-15,5.33E-15,13.));
#1820 = DIRECTION('',(-0.,-0.,-1.));
#1821 = DIRECTION('',(1.,0.,0.));
#1822 = ADVANCED_FACE('',(#1823),#1835,.T.);
#1823 = FACE_BOUND('',#1824,.F.);
#1824 = EDGE_LOOP('',(#1825,#1826,#1827,#1834));
#1825 = ORIENTED_EDGE('',*,*,#507,.F.);
#1826 = ORIENTED_EDGE('',*,*,#474,.T.);
#1827 = ORIENTED_EDGE('',*,*,#1828,.T.);
#1828 = EDGE_CURVE('',#475,#674,#1829,.T.);
#1829 = CIRCLE('',#1830,2.);
#1830 = AXIS2_PLACEMENT_3D('',#1831,#1832,#1833);
#1831 = CARTESIAN_POINT('',(26.,20.,14.));
#1832 = DIRECTION('',(1.39E-15,-1.,3.3E-16));
#1833 = DIRECTION('',(1.,1.39E-15,1.1E-16));
#1834 = ORIENTED_EDGE('',*,*,#681,.F.);
#1835 = SURFACE_OF_REVOLUTION('',#1836,#1849);
#1836 = B_SPLINE_CURVE_WITH_KNOTS('',6,(#1837,#1838,#1839,#1840,#1841,
    #1842,#1843,#1844,#1845,#1846,#1847,#1848),.UNSPECIFIED.,.F.,.F.,(7,
    5,7),(0.,0.785398163397,1.570796326795),.UNSPECIFIED.);
#1837 = CARTESIAN_POINT('',(25.,23.,14.));
#1838 = CARTESIAN_POINT('',(25.,23.,14.261799387799));
#1839 = CARTESIAN_POINT('',(25.,22.958876809637,14.523598338322));
#1840 = CARTESIAN_POINT('',(25.,22.87662935758,14.777325331457));
#1841 = CARTESIAN_POINT('',(25.,22.755375011249,15.014895139958));
#1842 = CARTESIAN_POINT('',(25.,22.599333684796,15.22909343995));
#1843 = CARTESIAN_POINT('',(25.,22.22909343995,15.599333684796));
#1844 = CARTESIAN_POINT('',(25.,22.014895139958,15.755375011249));
#1845 = CARTESIAN_POINT('',(25.,21.777325331457,15.87662935758));
#1846 = CARTESIAN_POINT('',(25.,21.523598338322,15.958876809637));
#1847 = CARTESIAN_POINT('',(25.,21.261799387799,16.));
#1848 = CARTESIAN_POINT('',(25.,21.,16.));
#1849 = AXIS1_PLACEMENT('',#1850,#1851);
#1850 = CARTESIAN_POINT('',(25.,20.,14.));
#1851 = DIRECTION('',(-1.1E-16,3.3E-16,1.));
#1852 = ADVANCED_FACE('',(#1853),#1865,.T.);
#1853 = FACE_BOUND('',#1854,.T.);
#1854 = EDGE_LOOP('',(#1855,#1862,#1863,#1864));
#1855 = ORIENTED_EDGE('',*,*,#1856,.T.);
#1856 = EDGE_CURVE('',#563,#664,#1857,.T.);
#1857 = ELLIPSE('',#1858,5.847608800691,2.);
#1858 = AXIS2_PLACEMENT_3D('',#1859,#1860,#1861);
#1859 = CARTESIAN_POINT('',(-26.,-28.49495483929,14.));
#1860 = DIRECTION('',(1.8E-16,0.342020143304,-0.939692620794));
#1861 = DIRECTION('',(-7.E-17,0.939692620794,0.342020143304));
#1862 = ORIENTED_EDGE('',*,*,#707,.T.);
#1863 = ORIENTED_EDGE('',*,*,#523,.F.);
#1864 = ORIENTED_EDGE('',*,*,#562,.F.);
#1865 = CYLINDRICAL_SURFACE('',#1866,2.);
#1866 = AXIS2_PLACEMENT_3D('',#1867,#1868,#1869);
#1867 = CARTESIAN_POINT('',(-26.,-23.,14.));
#1868 = DIRECTION('',(0.,1.,-3.3E-16));
#1869 = DIRECTION('',(-1.,-1.089E-31,-3.3E-16));
#1870 = ADVANCED_FACE('',(#1871,#1887),#1921,.T.);
#1871 = FACE_BOUND('',#1872,.T.);
#1872 = EDGE_LOOP('',(#1873,#1874,#1875,#1876,#1877,#1878,#1885,#1886));
#1873 = ORIENTED_EDGE('',*,*,#570,.F.);
#1874 = ORIENTED_EDGE('',*,*,#762,.T.);
#1875 = ORIENTED_EDGE('',*,*,#805,.T.);
#1876 = ORIENTED_EDGE('',*,*,#787,.F.);
#1877 = ORIENTED_EDGE('',*,*,#730,.T.);
#1878 = ORIENTED_EDGE('',*,*,#1879,.T.);
#1879 = EDGE_CURVE('',#723,#666,#1880,.T.);
#1880 = ELLIPSE('',#1881,5.847608800691,2.);
#1881 = AXIS2_PLACEMENT_3D('',#1882,#1883,#1884);
#1882 = CARTESIAN_POINT('',(26.,-28.49495483929,14.));
#1883 = DIRECTION('',(-1.8E-16,-0.342020143304,0.939692620794));
#1884 = DIRECTION('',(7.E-17,-0.939692620794,-0.342020143304));
#1885 = ORIENTED_EDGE('',*,*,#663,.F.);
#1886 = ORIENTED_EDGE('',*,*,#1856,.F.);
#1887 = FACE_BOUND('',#1888,.T.);
#1888 = EDGE_LOOP('',(#1889,#1899,#1907,#1915));
#1889 = ORIENTED_EDGE('',*,*,#1890,.T.);
#1890 = EDGE_CURVE('',#1891,#1893,#1895,.T.);
#1891 = VERTEX_POINT('',#1892);
#1892 = CARTESIAN_POINT('',(17.911904969811,-23.02351327066,
    15.99144186937));
#1893 = VERTEX_POINT('',#1894);
#1894 = CARTESIAN_POINT('',(17.911904969811,-54.87909311556,
    4.396959011354));
#1895 = LINE('',#1896,#1897);
#1896 = CARTESIAN_POINT('',(17.911904969811,-54.93954655773,
    4.374955757848));
#1897 = VECTOR('',#1898,1.);
#1898 = DIRECTION('',(2.2E-16,-0.939692620794,-0.342020143304));
#1899 = ORIENTED_EDGE('',*,*,#1900,.T.);
#1900 = EDGE_CURVE('',#1893,#1901,#1903,.T.);
#1901 = VERTEX_POINT('',#1902);
#1902 = CARTESIAN_POINT('',(-17.88809503018,-54.87909311556,
    4.396959011354));
#1903 = LINE('',#1904,#1905);
#1904 = CARTESIAN_POINT('',(-22.94404751509,-54.87909311556,
    4.396959011354));
#1905 = VECTOR('',#1906,1.);
#1906 = DIRECTION('',(-1.,-1.5E-16,-2.5E-16));
#1907 = ORIENTED_EDGE('',*,*,#1908,.T.);
#1908 = EDGE_CURVE('',#1901,#1909,#1911,.T.);
#1909 = VERTEX_POINT('',#1910);
#1910 = CARTESIAN_POINT('',(-17.88809503018,-23.02351327066,
    15.99144186937));
#1911 = LINE('',#1912,#1913);
#1912 = CARTESIAN_POINT('',(-17.88809503018,-39.01175663528,
    10.172197186856));
#1913 = VECTOR('',#1914,1.);
#1914 = DIRECTION('',(-2.2E-16,0.939692620794,0.342020143304));
#1915 = ORIENTED_EDGE('',*,*,#1916,.T.);
#1916 = EDGE_CURVE('',#1909,#1891,#1917,.T.);
#1917 = LINE('',#1918,#1919);
#1918 = CARTESIAN_POINT('',(-5.044047515094,-23.02351327066,
    15.99144186937));
#1919 = VECTOR('',#1920,1.);
#1920 = DIRECTION('',(1.,1.5E-16,2.5E-16));
#1921 = PLANE('',#1922);
#1922 = AXIS2_PLACEMENT_3D('',#1923,#1924,#1925);
#1923 = CARTESIAN_POINT('',(-28.,-55.,4.352952504305));
#1924 = DIRECTION('',(-8.E-17,-0.342020143304,0.939692620794));
#1925 = DIRECTION('',(-8.E-17,0.939692620794,0.342020143304));
#1926 = ADVANCED_FACE('',(#1927),#1943,.F.);
#1927 = FACE_BOUND('',#1928,.F.);
#1928 = EDGE_LOOP('',(#1929,#1930,#1936,#1937));
#1929 = ORIENTED_EDGE('',*,*,#587,.F.);
#1930 = ORIENTED_EDGE('',*,*,#1931,.T.);
#1931 = EDGE_CURVE('',#588,#1582,#1932,.T.);
#1932 = LINE('',#1933,#1934);
#1933 = CARTESIAN_POINT('',(-28.,-21.73,4.96));
#1934 = VECTOR('',#1935,1.);
#1935 = DIRECTION('',(1.,0.,0.));
#1936 = ORIENTED_EDGE('',*,*,#1581,.T.);
#1937 = ORIENTED_EDGE('',*,*,#1938,.F.);
#1938 = EDGE_CURVE('',#590,#1572,#1939,.T.);
#1939 = LINE('',#1940,#1941);
#1940 = CARTESIAN_POINT('',(-28.,-20.23,3.46));
#1941 = VECTOR('',#1942,1.);
#1942 = DIRECTION('',(1.,0.,0.));
#1943 = CYLINDRICAL_SURFACE('',#1944,1.5);
#1944 = AXIS2_PLACEMENT_3D('',#1945,#1946,#1947);
#1945 = CARTESIAN_POINT('',(-28.,-21.73,3.46));
#1946 = DIRECTION('',(-1.,0.,0.));
#1947 = DIRECTION('',(0.,-1.,0.));
#1948 = ADVANCED_FACE('',(#1949),#1960,.F.);
#1949 = FACE_BOUND('',#1950,.F.);
#1950 = EDGE_LOOP('',(#1951,#1952,#1958,#1959));
#1951 = ORIENTED_EDGE('',*,*,#649,.F.);
#1952 = ORIENTED_EDGE('',*,*,#1953,.T.);
#1953 = EDGE_CURVE('',#641,#1591,#1954,.T.);
#1954 = LINE('',#1955,#1956);
#1955 = CARTESIAN_POINT('',(-28.,-28.27,4.96));
#1956 = VECTOR('',#1957,1.);
#1957 = DIRECTION('',(1.,0.,0.));
#1958 = ORIENTED_EDGE('',*,*,#1590,.T.);
#1959 = ORIENTED_EDGE('',*,*,#1931,.F.);
#1960 = PLANE('',#1961);
#1961 = AXIS2_PLACEMENT_3D('',#1962,#1963,#1964);
#1962 = CARTESIAN_POINT('',(-28.,-28.27,4.96));
#1963 = DIRECTION('',(0.,0.,1.));
#1964 = DIRECTION('',(0.,1.,0.));
#1965 = ADVANCED_FACE('',(#1966),#1977,.F.);
#1966 = FACE_BOUND('',#1967,.F.);
#1967 = EDGE_LOOP('',(#1968,#1969,#1975,#1976));
#1968 = ORIENTED_EDGE('',*,*,#640,.F.);
#1969 = ORIENTED_EDGE('',*,*,#1970,.T.);
#1970 = EDGE_CURVE('',#633,#1599,#1971,.T.);
#1971 = LINE('',#1972,#1973);
#1972 = CARTESIAN_POINT('',(-28.,-29.77,3.46));
#1973 = VECTOR('',#1974,1.);
#1974 = DIRECTION('',(1.,0.,0.));
#1975 = ORIENTED_EDGE('',*,*,#1598,.T.);
#1976 = ORIENTED_EDGE('',*,*,#1953,.F.);
#1977 = CYLINDRICAL_SURFACE('',#1978,1.5);
#1978 = AXIS2_PLACEMENT_3D('',#1979,#1980,#1981);
#1979 = CARTESIAN_POINT('',(-28.,-28.27,3.46));
#1980 = DIRECTION('',(-1.,0.,0.));
#1981 = DIRECTION('',(0.,-1.,0.));
#1982 = ADVANCED_FACE('',(#1983),#1994,.F.);
#1983 = FACE_BOUND('',#1984,.F.);
#1984 = EDGE_LOOP('',(#1985,#1986,#1992,#1993));
#1985 = ORIENTED_EDGE('',*,*,#632,.F.);
#1986 = ORIENTED_EDGE('',*,*,#1987,.T.);
#1987 = EDGE_CURVE('',#624,#1608,#1988,.T.);
#1988 = LINE('',#1989,#1990);
#1989 = CARTESIAN_POINT('',(-28.,-29.77,2.7));
#1990 = VECTOR('',#1991,1.);
#1991 = DIRECTION('',(1.,0.,0.));
#1992 = ORIENTED_EDGE('',*,*,#1607,.T.);
#1993 = ORIENTED_EDGE('',*,*,#1970,.F.);
#1994 = PLANE('',#1995);
#1995 = AXIS2_PLACEMENT_3D('',#1996,#1997,#1998);
#1996 = CARTESIAN_POINT('',(-28.,-29.77,2.7));
#1997 = DIRECTION('',(0.,-1.,0.));
#1998 = DIRECTION('',(0.,0.,1.));
#1999 = ADVANCED_FACE('',(#2000),#2011,.F.);
#2000 = FACE_BOUND('',#2001,.F.);
#2001 = EDGE_LOOP('',(#2002,#2003,#2009,#2010));
#2002 = ORIENTED_EDGE('',*,*,#623,.F.);
#2003 = ORIENTED_EDGE('',*,*,#2004,.T.);
#2004 = EDGE_CURVE('',#616,#1616,#2005,.T.);
#2005 = LINE('',#2006,#2007);
#2006 = CARTESIAN_POINT('',(-28.,-28.27,1.2));
#2007 = VECTOR('',#2008,1.);
#2008 = DIRECTION('',(1.,0.,0.));
#2009 = ORIENTED_EDGE('',*,*,#1615,.T.);
#2010 = ORIENTED_EDGE('',*,*,#1987,.F.);
#2011 = CYLINDRICAL_SURFACE('',#2012,1.5);
#2012 = AXIS2_PLACEMENT_3D('',#2013,#2014,#2015);
#2013 = CARTESIAN_POINT('',(-28.,-28.27,2.7));
#2014 = DIRECTION('',(-1.,0.,0.));
#2015 = DIRECTION('',(0.,-1.,0.));
#2016 = ADVANCED_FACE('',(#2017),#2028,.F.);
#2017 = FACE_BOUND('',#2018,.F.);
#2018 = EDGE_LOOP('',(#2019,#2020,#2026,#2027));
#2019 = ORIENTED_EDGE('',*,*,#615,.F.);
#2020 = ORIENTED_EDGE('',*,*,#2021,.T.);
#2021 = EDGE_CURVE('',#607,#1625,#2022,.T.);
#2022 = LINE('',#2023,#2024);
#2023 = CARTESIAN_POINT('',(-28.,-21.73,1.2));
#2024 = VECTOR('',#2025,1.);
#2025 = DIRECTION('',(1.,0.,0.));
#2026 = ORIENTED_EDGE('',*,*,#1624,.T.);
#2027 = ORIENTED_EDGE('',*,*,#2004,.F.);
#2028 = PLANE('',#2029);
#2029 = AXIS2_PLACEMENT_3D('',#2030,#2031,#2032);
#2030 = CARTESIAN_POINT('',(-28.,-21.73,1.2));
#2031 = DIRECTION('',(0.,0.,-1.));
#2032 = DIRECTION('',(0.,-1.,0.));
#2033 = ADVANCED_FACE('',(#2034),#2045,.F.);
#2034 = FACE_BOUND('',#2035,.F.);
#2035 = EDGE_LOOP('',(#2036,#2037,#2043,#2044));
#2036 = ORIENTED_EDGE('',*,*,#606,.F.);
#2037 = ORIENTED_EDGE('',*,*,#2038,.T.);
#2038 = EDGE_CURVE('',#599,#1574,#2039,.T.);
#2039 = LINE('',#2040,#2041);
#2040 = CARTESIAN_POINT('',(-28.,-20.23,2.7));
#2041 = VECTOR('',#2042,1.);
#2042 = DIRECTION('',(1.,0.,0.));
#2043 = ORIENTED_EDGE('',*,*,#1632,.T.);
#2044 = ORIENTED_EDGE('',*,*,#2021,.F.);
#2045 = CYLINDRICAL_SURFACE('',#2046,1.5);
#2046 = AXIS2_PLACEMENT_3D('',#2047,#2048,#2049);
#2047 = CARTESIAN_POINT('',(-28.,-21.73,2.7));
#2048 = DIRECTION('',(-1.,0.,0.));
#2049 = DIRECTION('',(0.,-1.,0.));
#2050 = ADVANCED_FACE('',(#2051),#2057,.F.);
#2051 = FACE_BOUND('',#2052,.F.);
#2052 = EDGE_LOOP('',(#2053,#2054,#2055,#2056));
#2053 = ORIENTED_EDGE('',*,*,#598,.F.);
#2054 = ORIENTED_EDGE('',*,*,#1938,.T.);
#2055 = ORIENTED_EDGE('',*,*,#1571,.T.);
#2056 = ORIENTED_EDGE('',*,*,#2038,.F.);
#2057 = PLANE('',#2058);
#2058 = AXIS2_PLACEMENT_3D('',#2059,#2060,#2061);
#2059 = CARTESIAN_POINT('',(-28.,-20.23,3.46));
#2060 = DIRECTION('',(0.,1.,0.));
#2061 = DIRECTION('',(0.,0.,-1.));
#2062 = ADVANCED_FACE('',(#2063),#2069,.T.);
#2063 = FACE_BOUND('',#2064,.T.);
#2064 = EDGE_LOOP('',(#2065,#2066,#2067,#2068));
#2065 = ORIENTED_EDGE('',*,*,#1828,.T.);
#2066 = ORIENTED_EDGE('',*,*,#673,.T.);
#2067 = ORIENTED_EDGE('',*,*,#1879,.F.);
#2068 = ORIENTED_EDGE('',*,*,#722,.F.);
#2069 = CYLINDRICAL_SURFACE('',#2070,2.);
#2070 = AXIS2_PLACEMENT_3D('',#2071,#2072,#2073);
#2071 = CARTESIAN_POINT('',(26.,20.,14.));
#2072 = DIRECTION('',(-0.,-1.,3.3E-16));
#2073 = DIRECTION('',(1.,1.089E-31,3.3E-16));
#2074 = ADVANCED_FACE('',(#2075),#2078,.F.);
#2075 = FACE_BOUND('',#2076,.T.);
#2076 = EDGE_LOOP('',(#2077));
#2077 = ORIENTED_EDGE('',*,*,#828,.T.);
#2078 = PLANE('',#2079);
#2079 = AXIS2_PLACEMENT_3D('',#2080,#2081,#2082);
#2080 = CARTESIAN_POINT('',(4.3E-16,-16.,3.));
#2081 = DIRECTION('',(0.,0.,1.));
#2082 = DIRECTION('',(1.,0.,0.));
#2083 = ADVANCED_FACE('',(#2084,#2094,#2105,#2116,#2127,#2197),#2208,.F.
  );
#2084 = FACE_BOUND('',#2085,.F.);
#2085 = EDGE_LOOP('',(#2086,#2087,#2088,#2089,#2090,#2091,#2092,#2093));
#2086 = ORIENTED_EDGE('',*,*,#854,.F.);
#2087 = ORIENTED_EDGE('',*,*,#876,.F.);
#2088 = ORIENTED_EDGE('',*,*,#928,.F.);
#2089 = ORIENTED_EDGE('',*,*,#974,.F.);
#2090 = ORIENTED_EDGE('',*,*,#1026,.F.);
#2091 = ORIENTED_EDGE('',*,*,#999,.F.);
#2092 = ORIENTED_EDGE('',*,*,#959,.F.);
#2093 = ORIENTED_EDGE('',*,*,#901,.F.);
#2094 = FACE_BOUND('',#2095,.F.);
#2095 = EDGE_LOOP('',(#2096));
#2096 = ORIENTED_EDGE('',*,*,#2097,.T.);
#2097 = EDGE_CURVE('',#2098,#2098,#2100,.T.);
#2098 = VERTEX_POINT('',#2099);
#2099 = CARTESIAN_POINT('',(-10.25,-8.75,3.));
#2100 = CIRCLE('',#2101,2.5);
#2101 = AXIS2_PLACEMENT_3D('',#2102,#2103,#2104);
#2102 = CARTESIAN_POINT('',(-12.75,-8.75,3.));
#2103 = DIRECTION('',(0.,0.,-1.));
#2104 = DIRECTION('',(1.,0.,0.));
#2105 = FACE_BOUND('',#2106,.F.);
#2106 = EDGE_LOOP('',(#2107));
#2107 = ORIENTED_EDGE('',*,*,#2108,.T.);
#2108 = EDGE_CURVE('',#2109,#2109,#2111,.T.);
#2109 = VERTEX_POINT('',#2110);
#2110 = CARTESIAN_POINT('',(15.25,-8.75,3.));
#2111 = CIRCLE('',#2112,2.5);
#2112 = AXIS2_PLACEMENT_3D('',#2113,#2114,#2115);
#2113 = CARTESIAN_POINT('',(12.75,-8.75,3.));
#2114 = DIRECTION('',(0.,0.,-1.));
#2115 = DIRECTION('',(1.,0.,0.));
#2116 = FACE_BOUND('',#2117,.F.);
#2117 = EDGE_LOOP('',(#2118));
#2118 = ORIENTED_EDGE('',*,*,#2119,.T.);
#2119 = EDGE_CURVE('',#2120,#2120,#2122,.T.);
#2120 = VERTEX_POINT('',#2121);
#2121 = CARTESIAN_POINT('',(-10.25,8.75,3.));
#2122 = CIRCLE('',#2123,2.5);
#2123 = AXIS2_PLACEMENT_3D('',#2124,#2125,#2126);
#2124 = CARTESIAN_POINT('',(-12.75,8.75,3.));
#2125 = DIRECTION('',(0.,0.,-1.));
#2126 = DIRECTION('',(1.,0.,0.));
#2127 = FACE_BOUND('',#2128,.F.);
#2128 = EDGE_LOOP('',(#2129,#2140,#2148,#2157,#2165,#2174,#2182,#2191));
#2129 = ORIENTED_EDGE('',*,*,#2130,.T.);
#2130 = EDGE_CURVE('',#2131,#2133,#2135,.T.);
#2131 = VERTEX_POINT('',#2132);
#2132 = CARTESIAN_POINT('',(-5.46,-4.85,3.));
#2133 = VERTEX_POINT('',#2134);
#2134 = CARTESIAN_POINT('',(-6.46,-3.85,3.));
#2135 = CIRCLE('',#2136,1.);
#2136 = AXIS2_PLACEMENT_3D('',#2137,#2138,#2139);
#2137 = CARTESIAN_POINT('',(-5.46,-3.85,3.));
#2138 = DIRECTION('',(0.,0.,-1.));
#2139 = DIRECTION('',(1.,0.,0.));
#2140 = ORIENTED_EDGE('',*,*,#2141,.T.);
#2141 = EDGE_CURVE('',#2133,#2142,#2144,.T.);
#2142 = VERTEX_POINT('',#2143);
#2143 = CARTESIAN_POINT('',(-6.46,3.85,3.));
#2144 = LINE('',#2145,#2146);
#2145 = CARTESIAN_POINT('',(-6.46,-3.85,3.));
#2146 = VECTOR('',#2147,1.);
#2147 = DIRECTION('',(0.,1.,0.));
#2148 = ORIENTED_EDGE('',*,*,#2149,.T.);
#2149 = EDGE_CURVE('',#2142,#2150,#2152,.T.);
#2150 = VERTEX_POINT('',#2151);
#2151 = CARTESIAN_POINT('',(-5.46,4.85,3.));
#2152 = CIRCLE('',#2153,1.);
#2153 = AXIS2_PLACEMENT_3D('',#2154,#2155,#2156);
#2154 = CARTESIAN_POINT('',(-5.46,3.85,3.));
#2155 = DIRECTION('',(0.,0.,-1.));
#2156 = DIRECTION('',(1.,0.,0.));
#2157 = ORIENTED_EDGE('',*,*,#2158,.T.);
#2158 = EDGE_CURVE('',#2150,#2159,#2161,.T.);
#2159 = VERTEX_POINT('',#2160);
#2160 = CARTESIAN_POINT('',(10.74,4.85,3.));
#2161 = LINE('',#2162,#2163);
#2162 = CARTESIAN_POINT('',(-5.46,4.85,3.));
#2163 = VECTOR('',#2164,1.);
#2164 = DIRECTION('',(1.,0.,0.));
#2165 = ORIENTED_EDGE('',*,*,#2166,.T.);
#2166 = EDGE_CURVE('',#2159,#2167,#2169,.T.);
#2167 = VERTEX_POINT('',#2168);
#2168 = CARTESIAN_POINT('',(11.74,3.85,3.));
#2169 = CIRCLE('',#2170,1.);
#2170 = AXIS2_PLACEMENT_3D('',#2171,#2172,#2173);
#2171 = CARTESIAN_POINT('',(10.74,3.85,3.));
#2172 = DIRECTION('',(0.,0.,-1.));
#2173 = DIRECTION('',(1.,0.,0.));
#2174 = ORIENTED_EDGE('',*,*,#2175,.T.);
#2175 = EDGE_CURVE('',#2167,#2176,#2178,.T.);
#2176 = VERTEX_POINT('',#2177);
#2177 = CARTESIAN_POINT('',(11.74,-3.85,3.));
#2178 = LINE('',#2179,#2180);
#2179 = CARTESIAN_POINT('',(11.74,3.85,3.));
#2180 = VECTOR('',#2181,1.);
#2181 = DIRECTION('',(0.,-1.,0.));
#2182 = ORIENTED_EDGE('',*,*,#2183,.T.);
#2183 = EDGE_CURVE('',#2176,#2184,#2186,.T.);
#2184 = VERTEX_POINT('',#2185);
#2185 = CARTESIAN_POINT('',(10.74,-4.85,3.));
#2186 = CIRCLE('',#2187,1.);
#2187 = AXIS2_PLACEMENT_3D('',#2188,#2189,#2190);
#2188 = CARTESIAN_POINT('',(10.74,-3.85,3.));
#2189 = DIRECTION('',(0.,0.,-1.));
#2190 = DIRECTION('',(1.,0.,0.));
#2191 = ORIENTED_EDGE('',*,*,#2192,.T.);
#2192 = EDGE_CURVE('',#2184,#2131,#2193,.T.);
#2193 = LINE('',#2194,#2195);
#2194 = CARTESIAN_POINT('',(10.74,-4.85,3.));
#2195 = VECTOR('',#2196,1.);
#2196 = DIRECTION('',(-1.,0.,0.));
#2197 = FACE_BOUND('',#2198,.F.);
#2198 = EDGE_LOOP('',(#2199));
#2199 = ORIENTED_EDGE('',*,*,#2200,.T.);
#2200 = EDGE_CURVE('',#2201,#2201,#2203,.T.);
#2201 = VERTEX_POINT('',#2202);
#2202 = CARTESIAN_POINT('',(15.25,8.75,3.));
#2203 = CIRCLE('',#2204,2.5);
#2204 = AXIS2_PLACEMENT_3D('',#2205,#2206,#2207);
#2205 = CARTESIAN_POINT('',(12.75,8.75,3.));
#2206 = DIRECTION('',(0.,0.,-1.));
#2207 = DIRECTION('',(1.,0.,0.));
#2208 = PLANE('',#2209);
#2209 = AXIS2_PLACEMENT_3D('',#2210,#2211,#2212);
#2210 = CARTESIAN_POINT('',(9.7E-16,2.72E-15,3.));
#2211 = DIRECTION('',(0.,0.,1.));
#2212 = DIRECTION('',(1.,0.,0.));
#2213 = ADVANCED_FACE('',(#2214),#2217,.F.);
#2214 = FACE_BOUND('',#2215,.T.);
#2215 = EDGE_LOOP('',(#2216));
#2216 = ORIENTED_EDGE('',*,*,#1049,.T.);
#2217 = PLANE('',#2218);
#2218 = AXIS2_PLACEMENT_3D('',#2219,#2220,#2221);
#2219 = CARTESIAN_POINT('',(4.3E-16,-16.,3.));
#2220 = DIRECTION('',(0.,0.,1.));
#2221 = DIRECTION('',(1.,0.,0.));
#2222 = ADVANCED_FACE('',(#2223),#2226,.F.);
#2223 = FACE_BOUND('',#2224,.T.);
#2224 = EDGE_LOOP('',(#2225));
#2225 = ORIENTED_EDGE('',*,*,#1074,.T.);
#2226 = PLANE('',#2227);
#2227 = AXIS2_PLACEMENT_3D('',#2228,#2229,#2230);
#2228 = CARTESIAN_POINT('',(4.3E-16,-16.,3.));
#2229 = DIRECTION('',(0.,0.,1.));
#2230 = DIRECTION('',(1.,0.,0.));
#2231 = ADVANCED_FACE('',(#2232),#2250,.F.);
#2232 = FACE_BOUND('',#2233,.F.);
#2233 = EDGE_LOOP('',(#2234,#2242,#2248,#2249));
#2234 = ORIENTED_EDGE('',*,*,#2235,.T.);
#2235 = EDGE_CURVE('',#1125,#2236,#2238,.T.);
#2236 = VERTEX_POINT('',#2237);
#2237 = CARTESIAN_POINT('',(6.2,-31.,3.1));
#2238 = LINE('',#2239,#2240);
#2239 = CARTESIAN_POINT('',(6.7,-31.,3.1));
#2240 = VECTOR('',#2241,1.);
#2241 = DIRECTION('',(-1.,0.,0.));
#2242 = ORIENTED_EDGE('',*,*,#2243,.T.);
#2243 = EDGE_CURVE('',#2236,#1231,#2244,.T.);
#2244 = LINE('',#2245,#2246);
#2245 = CARTESIAN_POINT('',(6.2,-31.,3.1));
#2246 = VECTOR('',#2247,1.);
#2247 = DIRECTION('',(0.,-1.,0.));
#2248 = ORIENTED_EDGE('',*,*,#1230,.F.);
#2249 = ORIENTED_EDGE('',*,*,#1132,.F.);
#2250 = PLANE('',#2251);
#2251 = AXIS2_PLACEMENT_3D('',#2252,#2253,#2254);
#2252 = CARTESIAN_POINT('',(6.7,-31.,3.1));
#2253 = DIRECTION('',(0.,0.,1.));
#2254 = DIRECTION('',(0.,-1.,0.));
#2255 = ADVANCED_FACE('',(#2256),#2274,.F.);
#2256 = FACE_BOUND('',#2257,.F.);
#2257 = EDGE_LOOP('',(#2258,#2266,#2272,#2273));
#2258 = ORIENTED_EDGE('',*,*,#2259,.T.);
#2259 = EDGE_CURVE('',#1117,#2260,#2262,.T.);
#2260 = VERTEX_POINT('',#2261);
#2261 = CARTESIAN_POINT('',(6.2,-31.,4.1));
#2262 = LINE('',#2263,#2264);
#2263 = CARTESIAN_POINT('',(6.7,-31.,4.1));
#2264 = VECTOR('',#2265,1.);
#2265 = DIRECTION('',(-1.,0.,0.));
#2266 = ORIENTED_EDGE('',*,*,#2267,.T.);
#2267 = EDGE_CURVE('',#2260,#2236,#2268,.T.);
#2268 = LINE('',#2269,#2270);
#2269 = CARTESIAN_POINT('',(6.2,-31.,4.1));
#2270 = VECTOR('',#2271,1.);
#2271 = DIRECTION('',(0.,0.,-1.));
#2272 = ORIENTED_EDGE('',*,*,#2235,.F.);
#2273 = ORIENTED_EDGE('',*,*,#1124,.F.);
#2274 = PLANE('',#2275);
#2275 = AXIS2_PLACEMENT_3D('',#2276,#2277,#2278);
#2276 = CARTESIAN_POINT('',(6.7,-31.,4.1));
#2277 = DIRECTION('',(-0.,-1.,-0.));
#2278 = DIRECTION('',(0.,0.,-1.));
#2279 = ADVANCED_FACE('',(#2280),#2291,.F.);
#2280 = FACE_BOUND('',#2281,.F.);
#2281 = EDGE_LOOP('',(#2282,#2283,#2289,#2290));
#2282 = ORIENTED_EDGE('',*,*,#1246,.T.);
#2283 = ORIENTED_EDGE('',*,*,#2284,.T.);
#2284 = EDGE_CURVE('',#1239,#2260,#2285,.T.);
#2285 = LINE('',#2286,#2287);
#2286 = CARTESIAN_POINT('',(6.2,-34.,4.1));
#2287 = VECTOR('',#2288,1.);
#2288 = DIRECTION('',(0.,1.,0.));
#2289 = ORIENTED_EDGE('',*,*,#2259,.F.);
#2290 = ORIENTED_EDGE('',*,*,#1116,.F.);
#2291 = PLANE('',#2292);
#2292 = AXIS2_PLACEMENT_3D('',#2293,#2294,#2295);
#2293 = CARTESIAN_POINT('',(6.7,-34.,4.1));
#2294 = DIRECTION('',(0.,0.,-1.));
#2295 = DIRECTION('',(0.,1.,0.));
#2296 = ADVANCED_FACE('',(#2297),#2317,.F.);
#2297 = FACE_BOUND('',#2298,.F.);
#2298 = EDGE_LOOP('',(#2299,#2300,#2301,#2302,#2303,#2309,#2310,#2316));
#2299 = ORIENTED_EDGE('',*,*,#1505,.F.);
#2300 = ORIENTED_EDGE('',*,*,#1253,.F.);
#2301 = ORIENTED_EDGE('',*,*,#1100,.F.);
#2302 = ORIENTED_EDGE('',*,*,#1206,.T.);
#2303 = ORIENTED_EDGE('',*,*,#2304,.T.);
#2304 = EDGE_CURVE('',#1199,#1406,#2305,.T.);
#2305 = LINE('',#2306,#2307);
#2306 = CARTESIAN_POINT('',(-12.5,-23.3590539823,5.));
#2307 = VECTOR('',#2308,1.);
#2308 = DIRECTION('',(0.,1.,0.));
#2309 = ORIENTED_EDGE('',*,*,#1405,.T.);
#2310 = ORIENTED_EDGE('',*,*,#2311,.F.);
#2311 = EDGE_CURVE('',#1680,#1398,#2312,.T.);
#2312 = LINE('',#2313,#2314);
#2313 = CARTESIAN_POINT('',(6.7,-16.,5.));
#2314 = VECTOR('',#2315,1.);
#2315 = DIRECTION('',(0.,-1.,0.));
#2316 = ORIENTED_EDGE('',*,*,#1679,.F.);
#2317 = PLANE('',#2318);
#2318 = AXIS2_PLACEMENT_3D('',#2319,#2320,#2321);
#2319 = CARTESIAN_POINT('',(-10.,-25.,5.));
#2320 = DIRECTION('',(0.,0.,1.));
#2321 = DIRECTION('',(1.,0.,0.));
#2322 = ADVANCED_FACE('',(#2323),#2348,.F.);
#2323 = FACE_BOUND('',#2324,.F.);
#2324 = EDGE_LOOP('',(#2325,#2333,#2341,#2347));
#2325 = ORIENTED_EDGE('',*,*,#2326,.T.);
#2326 = EDGE_CURVE('',#1149,#2327,#2329,.T.);
#2327 = VERTEX_POINT('',#2328);
#2328 = CARTESIAN_POINT('',(6.2,-27.5,1.5));
#2329 = LINE('',#2330,#2331);
#2330 = CARTESIAN_POINT('',(6.7,-27.5,1.5));
#2331 = VECTOR('',#2332,1.);
#2332 = DIRECTION('',(-1.,0.,0.));
#2333 = ORIENTED_EDGE('',*,*,#2334,.T.);
#2334 = EDGE_CURVE('',#2327,#2335,#2337,.T.);
#2335 = VERTEX_POINT('',#2336);
#2336 = CARTESIAN_POINT('',(6.2,-22.5,1.5));
#2337 = LINE('',#2338,#2339);
#2338 = CARTESIAN_POINT('',(6.2,-27.5,1.5));
#2339 = VECTOR('',#2340,1.);
#2340 = DIRECTION('',(0.,1.,0.));
#2341 = ORIENTED_EDGE('',*,*,#2342,.F.);
#2342 = EDGE_CURVE('',#1151,#2335,#2343,.T.);
#2343 = LINE('',#2344,#2345);
#2344 = CARTESIAN_POINT('',(6.7,-22.5,1.5));
#2345 = VECTOR('',#2346,1.);
#2346 = DIRECTION('',(-1.,0.,0.));
#2347 = ORIENTED_EDGE('',*,*,#1148,.F.);
#2348 = PLANE('',#2349);
#2349 = AXIS2_PLACEMENT_3D('',#2350,#2351,#2352);
#2350 = CARTESIAN_POINT('',(6.7,-27.5,1.5));
#2351 = DIRECTION('',(0.,0.,-1.));
#2352 = DIRECTION('',(0.,1.,0.));
#2353 = ADVANCED_FACE('',(#2354),#2380,.F.);
#2354 = FACE_BOUND('',#2355,.F.);
#2355 = EDGE_LOOP('',(#2356,#2364,#2372,#2378,#2379));
#2356 = ORIENTED_EDGE('',*,*,#2357,.T.);
#2357 = EDGE_CURVE('',#1167,#2358,#2360,.T.);
#2358 = VERTEX_POINT('',#2359);
#2359 = CARTESIAN_POINT('',(6.6,-27.5,0.9));
#2360 = LINE('',#2361,#2362);
#2361 = CARTESIAN_POINT('',(6.7,-27.5,0.9));
#2362 = VECTOR('',#2363,1.);
#2363 = DIRECTION('',(-1.,0.,0.));
#2364 = ORIENTED_EDGE('',*,*,#2365,.T.);
#2365 = EDGE_CURVE('',#2358,#2366,#2368,.T.);
#2366 = VERTEX_POINT('',#2367);
#2367 = CARTESIAN_POINT('',(6.2,-27.5,1.3));
#2368 = LINE('',#2369,#2370);
#2369 = CARTESIAN_POINT('',(6.525,-27.5,0.975));
#2370 = VECTOR('',#2371,1.);
#2371 = DIRECTION('',(-0.707106781187,0.,0.707106781187));
#2372 = ORIENTED_EDGE('',*,*,#2373,.T.);
#2373 = EDGE_CURVE('',#2366,#2327,#2374,.T.);
#2374 = LINE('',#2375,#2376);
#2375 = CARTESIAN_POINT('',(6.2,-27.5,0.9));
#2376 = VECTOR('',#2377,1.);
#2377 = DIRECTION('',(0.,0.,1.));
#2378 = ORIENTED_EDGE('',*,*,#2326,.F.);
#2379 = ORIENTED_EDGE('',*,*,#1174,.F.);
#2380 = PLANE('',#2381);
#2381 = AXIS2_PLACEMENT_3D('',#2382,#2383,#2384);
#2382 = CARTESIAN_POINT('',(6.7,-27.5,0.9));
#2383 = DIRECTION('',(0.,1.,0.));
#2384 = DIRECTION('',(0.,0.,1.));
#2385 = ADVANCED_FACE('',(#2386),#2404,.F.);
#2386 = FACE_BOUND('',#2387,.F.);
#2387 = EDGE_LOOP('',(#2388,#2396,#2402,#2403));
#2388 = ORIENTED_EDGE('',*,*,#2389,.T.);
#2389 = EDGE_CURVE('',#1159,#2390,#2392,.T.);
#2390 = VERTEX_POINT('',#2391);
#2391 = CARTESIAN_POINT('',(6.6,-22.5,0.9));
#2392 = LINE('',#2393,#2394);
#2393 = CARTESIAN_POINT('',(6.7,-22.5,0.9));
#2394 = VECTOR('',#2395,1.);
#2395 = DIRECTION('',(-1.,0.,0.));
#2396 = ORIENTED_EDGE('',*,*,#2397,.T.);
#2397 = EDGE_CURVE('',#2390,#2358,#2398,.T.);
#2398 = LINE('',#2399,#2400);
#2399 = CARTESIAN_POINT('',(6.6,-22.5,0.9));
#2400 = VECTOR('',#2401,1.);
#2401 = DIRECTION('',(0.,-1.,0.));
#2402 = ORIENTED_EDGE('',*,*,#2357,.F.);
#2403 = ORIENTED_EDGE('',*,*,#1166,.F.);
#2404 = PLANE('',#2405);
#2405 = AXIS2_PLACEMENT_3D('',#2406,#2407,#2408);
#2406 = CARTESIAN_POINT('',(6.7,-22.5,0.9));
#2407 = DIRECTION('',(0.,0.,1.));
#2408 = DIRECTION('',(0.,-1.,0.));
#2409 = ADVANCED_FACE('',(#2410),#2429,.F.);
#2410 = FACE_BOUND('',#2411,.F.);
#2411 = EDGE_LOOP('',(#2412,#2413,#2414,#2415,#2423));
#2412 = ORIENTED_EDGE('',*,*,#2389,.F.);
#2413 = ORIENTED_EDGE('',*,*,#1158,.F.);
#2414 = ORIENTED_EDGE('',*,*,#2342,.T.);
#2415 = ORIENTED_EDGE('',*,*,#2416,.T.);
#2416 = EDGE_CURVE('',#2335,#2417,#2419,.T.);
#2417 = VERTEX_POINT('',#2418);
#2418 = CARTESIAN_POINT('',(6.2,-22.5,1.3));
#2419 = LINE('',#2420,#2421);
#2420 = CARTESIAN_POINT('',(6.2,-22.5,1.5));
#2421 = VECTOR('',#2422,1.);
#2422 = DIRECTION('',(0.,0.,-1.));
#2423 = ORIENTED_EDGE('',*,*,#2424,.F.);
#2424 = EDGE_CURVE('',#2390,#2417,#2425,.T.);
#2425 = LINE('',#2426,#2427);
#2426 = CARTESIAN_POINT('',(6.375,-22.5,1.125));
#2427 = VECTOR('',#2428,1.);
#2428 = DIRECTION('',(-0.707106781187,0.,0.707106781187));
#2429 = PLANE('',#2430);
#2430 = AXIS2_PLACEMENT_3D('',#2431,#2432,#2433);
#2431 = CARTESIAN_POINT('',(6.7,-22.5,1.5));
#2432 = DIRECTION('',(-0.,-1.,-0.));
#2433 = DIRECTION('',(0.,0.,-1.));
#2434 = ADVANCED_FACE('',(#2435,#2469,#2480,#2491),#2502,.T.);
#2435 = FACE_BOUND('',#2436,.T.);
#2436 = EDGE_LOOP('',(#2437,#2447,#2455,#2463));
#2437 = ORIENTED_EDGE('',*,*,#2438,.T.);
#2438 = EDGE_CURVE('',#2439,#2441,#2443,.T.);
#2439 = VERTEX_POINT('',#2440);
#2440 = CARTESIAN_POINT('',(-17.88809503018,-53.28925909539,
    2.892594024765E-02));
#2441 = VERTEX_POINT('',#2442);
#2442 = CARTESIAN_POINT('',(17.911904969811,-53.28925909539,
    2.892594024765E-02));
#2443 = LINE('',#2444,#2445);
#2444 = CARTESIAN_POINT('',(-17.88809503018,-53.28925909539,
    2.892594024765E-02));
#2445 = VECTOR('',#2446,1.);
#2446 = DIRECTION('',(1.,-0.,0.));
#2447 = ORIENTED_EDGE('',*,*,#2448,.T.);
#2448 = EDGE_CURVE('',#2441,#2449,#2451,.T.);
#2449 = VERTEX_POINT('',#2450);
#2450 = CARTESIAN_POINT('',(17.911904969811,-21.43367925075,
    11.623408798988));
#2451 = LINE('',#2452,#2453);
#2452 = CARTESIAN_POINT('',(17.911904969811,-53.28925909539,
    2.892594024765E-02));
#2453 = VECTOR('',#2454,1.);
#2454 = DIRECTION('',(0.,0.939692620786,0.342020143326));
#2455 = ORIENTED_EDGE('',*,*,#2456,.T.);
#2456 = EDGE_CURVE('',#2449,#2457,#2459,.T.);
#2457 = VERTEX_POINT('',#2458);
#2458 = CARTESIAN_POINT('',(-17.88809503018,-21.43367925075,
    11.623408798988));
#2459 = LINE('',#2460,#2461);
#2460 = CARTESIAN_POINT('',(17.911904969811,-21.43367925075,
    11.623408798988));
#2461 = VECTOR('',#2462,1.);
#2462 = DIRECTION('',(-1.,0.,0.));
#2463 = ORIENTED_EDGE('',*,*,#2464,.T.);
#2464 = EDGE_CURVE('',#2457,#2439,#2465,.T.);
#2465 = LINE('',#2466,#2467);
#2466 = CARTESIAN_POINT('',(-17.88809503018,-21.43367925075,
    11.623408798988));
#2467 = VECTOR('',#2468,1.);
#2468 = DIRECTION('',(0.,-0.939692620786,-0.342020143326));
#2469 = FACE_BOUND('',#2470,.T.);
#2470 = EDGE_LOOP('',(#2471));
#2471 = ORIENTED_EDGE('',*,*,#2472,.F.);
#2472 = EDGE_CURVE('',#2473,#2473,#2475,.T.);
#2473 = VERTEX_POINT('',#2474);
#2474 = CARTESIAN_POINT('',(15.211904969811,-22.46734113361,
    11.24718664133));
#2475 = CIRCLE('',#2476,1.6);
#2476 = AXIS2_PLACEMENT_3D('',#2477,#2478,#2479);
#2477 = CARTESIAN_POINT('',(15.211904969811,-23.97084932687,
    10.699954412009));
#2478 = DIRECTION('',(0.,-0.342020143326,0.939692620786));
#2479 = DIRECTION('',(0.,0.939692620786,0.342020143326));
#2480 = FACE_BOUND('',#2481,.T.);
#2481 = EDGE_LOOP('',(#2482));
#2482 = ORIENTED_EDGE('',*,*,#2483,.F.);
#2483 = EDGE_CURVE('',#2484,#2484,#2486,.T.);
#2484 = VERTEX_POINT('',#2485);
#2485 = CARTESIAN_POINT('',(-15.18809503018,-22.46734113361,
    11.24718664133));
#2486 = CIRCLE('',#2487,1.6);
#2487 = AXIS2_PLACEMENT_3D('',#2488,#2489,#2490);
#2488 = CARTESIAN_POINT('',(-15.18809503018,-23.97084932687,
    10.699954412009));
#2489 = DIRECTION('',(0.,-0.342020143326,0.939692620786));
#2490 = DIRECTION('',(0.,0.939692620786,0.342020143326));
#2491 = FACE_BOUND('',#2492,.T.);
#2492 = EDGE_LOOP('',(#2493,#2499,#2500,#2501));
#2493 = ORIENTED_EDGE('',*,*,#2494,.F.);
#2494 = EDGE_CURVE('',#1372,#1189,#2495,.T.);
#2495 = LINE('',#2496,#2497);
#2496 = CARTESIAN_POINT('',(-12.5,-21.7181079646,11.519885213373));
#2497 = VECTOR('',#2498,1.);
#2498 = DIRECTION('',(0.,-0.939692620786,-0.342020143326));
#2499 = ORIENTED_EDGE('',*,*,#1371,.F.);
#2500 = ORIENTED_EDGE('',*,*,#1323,.F.);
#2501 = ORIENTED_EDGE('',*,*,#1188,.F.);
#2502 = PLANE('',#2503);
#2503 = AXIS2_PLACEMENT_3D('',#2504,#2505,#2506);
#2504 = CARTESIAN_POINT('',(1.190496981145E-02,-37.36146917307,
    5.826167369618));
#2505 = DIRECTION('',(0.,-0.342020143326,0.939692620786));
#2506 = DIRECTION('',(0.,0.939692620786,0.342020143326));
#2507 = ADVANCED_FACE('',(#2508),#2514,.F.);
#2508 = FACE_BOUND('',#2509,.F.);
#2509 = EDGE_LOOP('',(#2510,#2511,#2512,#2513));
#2510 = ORIENTED_EDGE('',*,*,#2494,.F.);
#2511 = ORIENTED_EDGE('',*,*,#1413,.T.);
#2512 = ORIENTED_EDGE('',*,*,#2304,.F.);
#2513 = ORIENTED_EDGE('',*,*,#1198,.F.);
#2514 = PLANE('',#2515);
#2515 = AXIS2_PLACEMENT_3D('',#2516,#2517,#2518);
#2516 = CARTESIAN_POINT('',(-12.5,-21.7181079646,11.519885213373));
#2517 = DIRECTION('',(-1.,0.,0.));
#2518 = DIRECTION('',(-0.,-0.939692620786,-0.342020143326));
#2519 = ADVANCED_FACE('',(#2520),#2526,.F.);
#2520 = FACE_BOUND('',#2521,.F.);
#2521 = EDGE_LOOP('',(#2522,#2523,#2524,#2525));
#2522 = ORIENTED_EDGE('',*,*,#1429,.T.);
#2523 = ORIENTED_EDGE('',*,*,#1357,.T.);
#2524 = ORIENTED_EDGE('',*,*,#1301,.F.);
#2525 = ORIENTED_EDGE('',*,*,#1475,.F.);
#2526 = PLANE('',#2527);
#2527 = AXIS2_PLACEMENT_3D('',#2528,#2529,#2530);
#2528 = CARTESIAN_POINT('',(-26.7,-31.,1.5));
#2529 = DIRECTION('',(0.,0.,-1.));
#2530 = DIRECTION('',(0.,-1.,0.));
#2531 = ADVANCED_FACE('',(#2532),#2550,.F.);
#2532 = FACE_BOUND('',#2533,.F.);
#2533 = EDGE_LOOP('',(#2534,#2535,#2543,#2549));
#2534 = ORIENTED_EDGE('',*,*,#1285,.T.);
#2535 = ORIENTED_EDGE('',*,*,#2536,.T.);
#2536 = EDGE_CURVE('',#1278,#2537,#2539,.T.);
#2537 = VERTEX_POINT('',#2538);
#2538 = CARTESIAN_POINT('',(-26.1,-31.,3.1));
#2539 = LINE('',#2540,#2541);
#2540 = CARTESIAN_POINT('',(-26.1,-34.,3.1));
#2541 = VECTOR('',#2542,1.);
#2542 = DIRECTION('',(0.,1.,0.));
#2543 = ORIENTED_EDGE('',*,*,#2544,.F.);
#2544 = EDGE_CURVE('',#1483,#2537,#2545,.T.);
#2545 = LINE('',#2546,#2547);
#2546 = CARTESIAN_POINT('',(-26.7,-31.,3.1));
#2547 = VECTOR('',#2548,1.);
#2548 = DIRECTION('',(1.,0.,0.));
#2549 = ORIENTED_EDGE('',*,*,#1482,.F.);
#2550 = PLANE('',#2551);
#2551 = AXIS2_PLACEMENT_3D('',#2552,#2553,#2554);
#2552 = CARTESIAN_POINT('',(-26.7,-34.,3.1));
#2553 = DIRECTION('',(0.,0.,1.));
#2554 = DIRECTION('',(0.,1.,0.));
#2555 = ADVANCED_FACE('',(#2556),#2574,.T.);
#2556 = FACE_BOUND('',#2557,.T.);
#2557 = EDGE_LOOP('',(#2558,#2559,#2560,#2568));
#2558 = ORIENTED_EDGE('',*,*,#1277,.T.);
#2559 = ORIENTED_EDGE('',*,*,#2536,.T.);
#2560 = ORIENTED_EDGE('',*,*,#2561,.T.);
#2561 = EDGE_CURVE('',#2537,#2562,#2564,.T.);
#2562 = VERTEX_POINT('',#2563);
#2563 = CARTESIAN_POINT('',(-26.1,-31.,4.1));
#2564 = LINE('',#2565,#2566);
#2565 = CARTESIAN_POINT('',(-26.1,-31.,3.1));
#2566 = VECTOR('',#2567,1.);
#2567 = DIRECTION('',(0.,0.,1.));
#2568 = ORIENTED_EDGE('',*,*,#2569,.T.);
#2569 = EDGE_CURVE('',#2562,#1270,#2570,.T.);
#2570 = LINE('',#2571,#2572);
#2571 = CARTESIAN_POINT('',(-26.1,-31.,4.1));
#2572 = VECTOR('',#2573,1.);
#2573 = DIRECTION('',(0.,-1.,0.));
#2574 = PLANE('',#2575);
#2575 = AXIS2_PLACEMENT_3D('',#2576,#2577,#2578);
#2576 = CARTESIAN_POINT('',(-26.1,-25.,2.091176470588));
#2577 = DIRECTION('',(1.,0.,0.));
#2578 = DIRECTION('',(0.,0.,1.));
#2579 = ADVANCED_FACE('',(#2580),#2591,.F.);
#2580 = FACE_BOUND('',#2581,.F.);
#2581 = EDGE_LOOP('',(#2582,#2588,#2589,#2590));
#2582 = ORIENTED_EDGE('',*,*,#2583,.T.);
#2583 = EDGE_CURVE('',#1491,#2562,#2584,.T.);
#2584 = LINE('',#2585,#2586);
#2585 = CARTESIAN_POINT('',(-26.7,-31.,4.1));
#2586 = VECTOR('',#2587,1.);
#2587 = DIRECTION('',(1.,0.,0.));
#2588 = ORIENTED_EDGE('',*,*,#2569,.T.);
#2589 = ORIENTED_EDGE('',*,*,#1269,.F.);
#2590 = ORIENTED_EDGE('',*,*,#1498,.F.);
#2591 = PLANE('',#2592);
#2592 = AXIS2_PLACEMENT_3D('',#2593,#2594,#2595);
#2593 = CARTESIAN_POINT('',(-26.7,-31.,4.1));
#2594 = DIRECTION('',(0.,0.,-1.));
#2595 = DIRECTION('',(0.,-1.,0.));
#2596 = ADVANCED_FACE('',(#2597),#2603,.F.);
#2597 = FACE_BOUND('',#2598,.T.);
#2598 = EDGE_LOOP('',(#2599,#2600,#2601,#2602));
#2599 = ORIENTED_EDGE('',*,*,#2284,.T.);
#2600 = ORIENTED_EDGE('',*,*,#2267,.T.);
#2601 = ORIENTED_EDGE('',*,*,#2243,.T.);
#2602 = ORIENTED_EDGE('',*,*,#1238,.T.);
#2603 = PLANE('',#2604);
#2604 = AXIS2_PLACEMENT_3D('',#2605,#2606,#2607);
#2605 = CARTESIAN_POINT('',(6.2,-25.,2.611764705882));
#2606 = DIRECTION('',(1.,0.,0.));
#2607 = DIRECTION('',(0.,0.,1.));
#2608 = ADVANCED_FACE('',(#2609),#2628,.F.);
#2609 = FACE_BOUND('',#2610,.F.);
#2610 = EDGE_LOOP('',(#2611,#2619,#2620,#2621,#2622));
#2611 = ORIENTED_EDGE('',*,*,#2612,.T.);
#2612 = EDGE_CURVE('',#2613,#1688,#2615,.T.);
#2613 = VERTEX_POINT('',#2614);
#2614 = CARTESIAN_POINT('',(6.7,-19.,4.1));
#2615 = LINE('',#2616,#2617);
#2616 = CARTESIAN_POINT('',(6.7,-19.,4.1));
#2617 = VECTOR('',#2618,1.);
#2618 = DIRECTION('',(0.,1.,0.));
#2619 = ORIENTED_EDGE('',*,*,#1687,.T.);
#2620 = ORIENTED_EDGE('',*,*,#2311,.T.);
#2621 = ORIENTED_EDGE('',*,*,#1397,.T.);
#2622 = ORIENTED_EDGE('',*,*,#2623,.T.);
#2623 = EDGE_CURVE('',#1390,#2613,#2624,.T.);
#2624 = LINE('',#2625,#2626);
#2625 = CARTESIAN_POINT('',(6.7,-19.,3.1));
#2626 = VECTOR('',#2627,1.);
#2627 = DIRECTION('',(0.,0.,1.));
#2628 = PLANE('',#2629);
#2629 = AXIS2_PLACEMENT_3D('',#2630,#2631,#2632);
#2630 = CARTESIAN_POINT('',(6.7,-16.,0.));
#2631 = DIRECTION('',(1.,0.,0.));
#2632 = DIRECTION('',(0.,-1.,0.));
#2633 = ADVANCED_FACE('',(#2634),#2651,.T.);
#2634 = FACE_BOUND('',#2635,.T.);
#2635 = EDGE_LOOP('',(#2636,#2644,#2645));
#2636 = ORIENTED_EDGE('',*,*,#2637,.F.);
#2637 = EDGE_CURVE('',#1382,#2638,#2640,.T.);
#2638 = VERTEX_POINT('',#2639);
#2639 = CARTESIAN_POINT('',(6.7,-19.,3.1));
#2640 = LINE('',#2641,#2642);
#2641 = CARTESIAN_POINT('',(6.7,-16.,3.1));
#2642 = VECTOR('',#2643,1.);
#2643 = DIRECTION('',(0.,-1.,0.));
#2644 = ORIENTED_EDGE('',*,*,#1389,.F.);
#2645 = ORIENTED_EDGE('',*,*,#2646,.F.);
#2646 = EDGE_CURVE('',#2638,#1390,#2647,.T.);
#2647 = LINE('',#2648,#2649);
#2648 = CARTESIAN_POINT('',(6.7,-19.,3.1));
#2649 = VECTOR('',#2650,1.);
#2650 = DIRECTION('',(0.,0.,1.));
#2651 = PLANE('',#2652);
#2652 = AXIS2_PLACEMENT_3D('',#2653,#2654,#2655);
#2653 = CARTESIAN_POINT('',(6.7,-25.,2.611764705882));
#2654 = DIRECTION('',(1.,0.,0.));
#2655 = DIRECTION('',(0.,0.,1.));
#2656 = ADVANCED_FACE('',(#2657),#2676,.F.);
#2657 = FACE_BOUND('',#2658,.F.);
#2658 = EDGE_LOOP('',(#2659,#2660,#2668,#2674,#2675));
#2659 = ORIENTED_EDGE('',*,*,#1711,.T.);
#2660 = ORIENTED_EDGE('',*,*,#2661,.T.);
#2661 = EDGE_CURVE('',#1704,#2662,#2664,.T.);
#2662 = VERTEX_POINT('',#2663);
#2663 = CARTESIAN_POINT('',(6.2,-19.,3.1));
#2664 = LINE('',#2665,#2666);
#2665 = CARTESIAN_POINT('',(6.2,-16.,3.1));
#2666 = VECTOR('',#2667,1.);
#2667 = DIRECTION('',(0.,-1.,0.));
#2668 = ORIENTED_EDGE('',*,*,#2669,.F.);
#2669 = EDGE_CURVE('',#2638,#2662,#2670,.T.);
#2670 = LINE('',#2671,#2672);
#2671 = CARTESIAN_POINT('',(6.7,-19.,3.1));
#2672 = VECTOR('',#2673,1.);
#2673 = DIRECTION('',(-1.,0.,0.));
#2674 = ORIENTED_EDGE('',*,*,#2637,.F.);
#2675 = ORIENTED_EDGE('',*,*,#1460,.F.);
#2676 = PLANE('',#2677);
#2677 = AXIS2_PLACEMENT_3D('',#2678,#2679,#2680);
#2678 = CARTESIAN_POINT('',(6.7,-16.,3.1));
#2679 = DIRECTION('',(0.,0.,1.));
#2680 = DIRECTION('',(0.,-1.,0.));
#2681 = ADVANCED_FACE('',(#2682),#2688,.F.);
#2682 = FACE_BOUND('',#2683,.F.);
#2683 = EDGE_LOOP('',(#2684,#2685,#2686,#2687));
#2684 = ORIENTED_EDGE('',*,*,#1647,.T.);
#2685 = ORIENTED_EDGE('',*,*,#1757,.T.);
#2686 = ORIENTED_EDGE('',*,*,#1733,.F.);
#2687 = ORIENTED_EDGE('',*,*,#1553,.F.);
#2688 = PLANE('',#2689);
#2689 = AXIS2_PLACEMENT_3D('',#2690,#2691,#2692);
#2690 = CARTESIAN_POINT('',(-26.7,-16.,1.5));
#2691 = DIRECTION('',(0.,0.,-1.));
#2692 = DIRECTION('',(0.,-1.,0.));
#2693 = ADVANCED_FACE('',(#2694),#2712,.F.);
#2694 = FACE_BOUND('',#2695,.F.);
#2695 = EDGE_LOOP('',(#2696,#2704,#2710,#2711));
#2696 = ORIENTED_EDGE('',*,*,#2697,.T.);
#2697 = EDGE_CURVE('',#1530,#2698,#2700,.T.);
#2698 = VERTEX_POINT('',#2699);
#2699 = CARTESIAN_POINT('',(-26.1,-19.,3.1));
#2700 = LINE('',#2701,#2702);
#2701 = CARTESIAN_POINT('',(-26.7,-19.,3.1));
#2702 = VECTOR('',#2703,1.);
#2703 = DIRECTION('',(1.,0.,0.));
#2704 = ORIENTED_EDGE('',*,*,#2705,.T.);
#2705 = EDGE_CURVE('',#2698,#1657,#2706,.T.);
#2706 = LINE('',#2707,#2708);
#2707 = CARTESIAN_POINT('',(-26.1,-19.,3.1));
#2708 = VECTOR('',#2709,1.);
#2709 = DIRECTION('',(0.,1.,0.));
#2710 = ORIENTED_EDGE('',*,*,#1656,.F.);
#2711 = ORIENTED_EDGE('',*,*,#1537,.F.);
#2712 = PLANE('',#2713);
#2713 = AXIS2_PLACEMENT_3D('',#2714,#2715,#2716);
#2714 = CARTESIAN_POINT('',(-26.7,-19.,3.1));
#2715 = DIRECTION('',(0.,0.,1.));
#2716 = DIRECTION('',(0.,1.,0.));
#2717 = ADVANCED_FACE('',(#2718),#2736,.F.);
#2718 = FACE_BOUND('',#2719,.F.);
#2719 = EDGE_LOOP('',(#2720,#2728,#2734,#2735));
#2720 = ORIENTED_EDGE('',*,*,#2721,.T.);
#2721 = EDGE_CURVE('',#1522,#2722,#2724,.T.);
#2722 = VERTEX_POINT('',#2723);
#2723 = CARTESIAN_POINT('',(-26.1,-19.,4.1));
#2724 = LINE('',#2725,#2726);
#2725 = CARTESIAN_POINT('',(-26.7,-19.,4.1));
#2726 = VECTOR('',#2727,1.);
#2727 = DIRECTION('',(1.,0.,0.));
#2728 = ORIENTED_EDGE('',*,*,#2729,.T.);
#2729 = EDGE_CURVE('',#2722,#2698,#2730,.T.);
#2730 = LINE('',#2731,#2732);
#2731 = CARTESIAN_POINT('',(-26.1,-19.,4.1));
#2732 = VECTOR('',#2733,1.);
#2733 = DIRECTION('',(0.,0.,-1.));
#2734 = ORIENTED_EDGE('',*,*,#2697,.F.);
#2735 = ORIENTED_EDGE('',*,*,#1529,.F.);
#2736 = PLANE('',#2737);
#2737 = AXIS2_PLACEMENT_3D('',#2738,#2739,#2740);
#2738 = CARTESIAN_POINT('',(-26.7,-19.,4.1));
#2739 = DIRECTION('',(0.,1.,0.));
#2740 = DIRECTION('',(0.,0.,-1.));
#2741 = ADVANCED_FACE('',(#2742),#2753,.F.);
#2742 = FACE_BOUND('',#2743,.F.);
#2743 = EDGE_LOOP('',(#2744,#2745,#2751,#2752));
#2744 = ORIENTED_EDGE('',*,*,#1672,.T.);
#2745 = ORIENTED_EDGE('',*,*,#2746,.T.);
#2746 = EDGE_CURVE('',#1665,#2722,#2747,.T.);
#2747 = LINE('',#2748,#2749);
#2748 = CARTESIAN_POINT('',(-26.1,-16.,4.1));
#2749 = VECTOR('',#2750,1.);
#2750 = DIRECTION('',(0.,-1.,0.));
#2751 = ORIENTED_EDGE('',*,*,#2721,.F.);
#2752 = ORIENTED_EDGE('',*,*,#1521,.F.);
#2753 = PLANE('',#2754);
#2754 = AXIS2_PLACEMENT_3D('',#2755,#2756,#2757);
#2755 = CARTESIAN_POINT('',(-26.7,-16.,4.1));
#2756 = DIRECTION('',(0.,0.,-1.));
#2757 = DIRECTION('',(0.,-1.,0.));
#2758 = ADVANCED_FACE('',(#2759),#2765,.F.);
#2759 = FACE_BOUND('',#2760,.F.);
#2760 = EDGE_LOOP('',(#2761,#2762,#2763,#2764));
#2761 = ORIENTED_EDGE('',*,*,#2544,.T.);
#2762 = ORIENTED_EDGE('',*,*,#2561,.T.);
#2763 = ORIENTED_EDGE('',*,*,#2583,.F.);
#2764 = ORIENTED_EDGE('',*,*,#1490,.F.);
#2765 = PLANE('',#2766);
#2766 = AXIS2_PLACEMENT_3D('',#2767,#2768,#2769);
#2767 = CARTESIAN_POINT('',(-26.7,-31.,3.1));
#2768 = DIRECTION('',(0.,-1.,0.));
#2769 = DIRECTION('',(0.,0.,1.));
#2770 = ADVANCED_FACE('',(#2771),#2789,.F.);
#2771 = FACE_BOUND('',#2772,.T.);
#2772 = EDGE_LOOP('',(#2773,#2774,#2775,#2783));
#2773 = ORIENTED_EDGE('',*,*,#1703,.T.);
#2774 = ORIENTED_EDGE('',*,*,#2661,.T.);
#2775 = ORIENTED_EDGE('',*,*,#2776,.T.);
#2776 = EDGE_CURVE('',#2662,#2777,#2779,.T.);
#2777 = VERTEX_POINT('',#2778);
#2778 = CARTESIAN_POINT('',(6.2,-19.,4.1));
#2779 = LINE('',#2780,#2781);
#2780 = CARTESIAN_POINT('',(6.2,-19.,3.1));
#2781 = VECTOR('',#2782,1.);
#2782 = DIRECTION('',(0.,0.,1.));
#2783 = ORIENTED_EDGE('',*,*,#2784,.T.);
#2784 = EDGE_CURVE('',#2777,#1696,#2785,.T.);
#2785 = LINE('',#2786,#2787);
#2786 = CARTESIAN_POINT('',(6.2,-19.,4.1));
#2787 = VECTOR('',#2788,1.);
#2788 = DIRECTION('',(0.,1.,0.));
#2789 = PLANE('',#2790);
#2790 = AXIS2_PLACEMENT_3D('',#2791,#2792,#2793);
#2791 = CARTESIAN_POINT('',(6.2,-25.,2.611764705882));
#2792 = DIRECTION('',(1.,0.,0.));
#2793 = DIRECTION('',(0.,0.,1.));
#2794 = ADVANCED_FACE('',(#2795),#2806,.F.);
#2795 = FACE_BOUND('',#2796,.F.);
#2796 = EDGE_LOOP('',(#2797,#2803,#2804,#2805));
#2797 = ORIENTED_EDGE('',*,*,#2798,.T.);
#2798 = EDGE_CURVE('',#2613,#2777,#2799,.T.);
#2799 = LINE('',#2800,#2801);
#2800 = CARTESIAN_POINT('',(6.7,-19.,4.1));
#2801 = VECTOR('',#2802,1.);
#2802 = DIRECTION('',(-1.,0.,0.));
#2803 = ORIENTED_EDGE('',*,*,#2784,.T.);
#2804 = ORIENTED_EDGE('',*,*,#1695,.F.);
#2805 = ORIENTED_EDGE('',*,*,#2612,.F.);
#2806 = PLANE('',#2807);
#2807 = AXIS2_PLACEMENT_3D('',#2808,#2809,#2810);
#2808 = CARTESIAN_POINT('',(6.7,-19.,4.1));
#2809 = DIRECTION('',(0.,0.,-1.));
#2810 = DIRECTION('',(0.,1.,0.));
#2811 = ADVANCED_FACE('',(#2812),#2818,.T.);
#2812 = FACE_BOUND('',#2813,.T.);
#2813 = EDGE_LOOP('',(#2814,#2815,#2816,#2817));
#2814 = ORIENTED_EDGE('',*,*,#2746,.T.);
#2815 = ORIENTED_EDGE('',*,*,#2729,.T.);
#2816 = ORIENTED_EDGE('',*,*,#2705,.T.);
#2817 = ORIENTED_EDGE('',*,*,#1664,.T.);
#2818 = PLANE('',#2819);
#2819 = AXIS2_PLACEMENT_3D('',#2820,#2821,#2822);
#2820 = CARTESIAN_POINT('',(-26.1,-25.,2.091176470588));
#2821 = DIRECTION('',(1.,0.,0.));
#2822 = DIRECTION('',(0.,0.,1.));
#2823 = ADVANCED_FACE('',(#2824),#2827,.F.);
#2824 = FACE_BOUND('',#2825,.T.);
#2825 = EDGE_LOOP('',(#2826));
#2826 = ORIENTED_EDGE('',*,*,#1782,.T.);
#2827 = PLANE('',#2828);
#2828 = AXIS2_PLACEMENT_3D('',#2829,#2830,#2831);
#2829 = CARTESIAN_POINT('',(4.3E-16,-16.,3.));
#2830 = DIRECTION('',(0.,0.,1.));
#2831 = DIRECTION('',(1.,0.,0.));
#2832 = ADVANCED_FACE('',(#2833),#2916,.T.);
#2833 = FACE_BOUND('',#2834,.T.);
#2834 = EDGE_LOOP('',(#2835,#2836,#2845,#2854,#2866,#2875,#2887,#2896,
    #2908,#2915));
#2835 = ORIENTED_EDGE('',*,*,#1810,.T.);
#2836 = ORIENTED_EDGE('',*,*,#2837,.T.);
#2837 = EDGE_CURVE('',#1803,#2838,#2840,.T.);
#2838 = VERTEX_POINT('',#2839);
#2839 = CARTESIAN_POINT('',(19.5,5.E-15,18.5));
#2840 = CIRCLE('',#2841,2.);
#2841 = AXIS2_PLACEMENT_3D('',#2842,#2843,#2844);
#2842 = CARTESIAN_POINT('',(19.5,5.33E-15,16.5));
#2843 = DIRECTION('',(0.,-1.,0.));
#2844 = DIRECTION('',(1.,0.,0.));
#2845 = ORIENTED_EDGE('',*,*,#2846,.F.);
#2846 = EDGE_CURVE('',#2847,#2838,#2849,.T.);
#2847 = VERTEX_POINT('',#2848);
#2848 = CARTESIAN_POINT('',(10.039068291621,-16.71726974826,18.5));
#2849 = CIRCLE('',#2850,19.5);
#2850 = AXIS2_PLACEMENT_3D('',#2851,#2852,#2853);
#2851 = CARTESIAN_POINT('',(-1.78E-15,5.33E-15,18.5));
#2852 = DIRECTION('',(0.,0.,1.));
#2853 = DIRECTION('',(1.,0.,0.));
#2854 = ORIENTED_EDGE('',*,*,#2855,.T.);
#2855 = EDGE_CURVE('',#2847,#2856,#2858,.T.);
#2856 = VERTEX_POINT('',#2857);
#2857 = CARTESIAN_POINT('',(9.456584668541,-17.05353354606,18.5));
#2858 = B_SPLINE_CURVE_WITH_KNOTS('',6,(#2859,#2860,#2861,#2862,#2863,
    #2864,#2865),.UNSPECIFIED.,.F.,.F.,(7,7),(0.,1.),
  .PIECEWISE_BEZIER_KNOTS.);
#2859 = CARTESIAN_POINT('',(10.039068291621,-16.71726974826,18.5));
#2860 = CARTESIAN_POINT('',(9.956182076986,-16.79367066079,18.5));
#2861 = CARTESIAN_POINT('',(9.866521846839,-16.86334313988,
    18.499687528427));
#2862 = CARTESIAN_POINT('',(9.77060415301,-16.92484685892,
    18.499497981053));
#2863 = CARTESIAN_POINT('',(9.669373251353,-16.97715788015,
    18.49968752024));
#2864 = CARTESIAN_POINT('',(9.564192024614,-17.01996283008,18.5));
#2865 = CARTESIAN_POINT('',(9.456584668541,-17.05353354606,18.5));
#2866 = ORIENTED_EDGE('',*,*,#2867,.F.);
#2867 = EDGE_CURVE('',#2868,#2856,#2870,.T.);
#2868 = VERTEX_POINT('',#2869);
#2869 = CARTESIAN_POINT('',(-19.49721111111,-0.329786125793,18.5));
#2870 = CIRCLE('',#2871,19.5);
#2871 = AXIS2_PLACEMENT_3D('',#2872,#2873,#2874);
#2872 = CARTESIAN_POINT('',(-1.78E-15,5.33E-15,18.5));
#2873 = DIRECTION('',(0.,0.,1.));
#2874 = DIRECTION('',(1.,0.,0.));
#2875 = ORIENTED_EDGE('',*,*,#2876,.T.);
#2876 = EDGE_CURVE('',#2868,#2877,#2879,.T.);
#2877 = VERTEX_POINT('',#2878);
#2878 = CARTESIAN_POINT('',(-19.49721111111,0.329786125793,18.5));
#2879 = B_SPLINE_CURVE_WITH_KNOTS('',6,(#2880,#2881,#2882,#2883,#2884,
    #2885,#2886),.UNSPECIFIED.,.F.,.F.,(7,7),(0.,1.),
  .PIECEWISE_BEZIER_KNOTS.);
#2880 = CARTESIAN_POINT('',(-19.49721111111,-0.329786125793,18.5));
#2881 = CARTESIAN_POINT('',(-19.52098511733,-0.221853427952,18.5));
#2882 = CARTESIAN_POINT('',(-19.53587768735,-0.111548786515,
    18.49971114714));
#2883 = CARTESIAN_POINT('',(-19.54096604677,6.8506084292E-06,
    18.499537210846));
#2884 = CARTESIAN_POINT('',(-19.53587531715,0.111555150193,
    18.499711155618));
#2885 = CARTESIAN_POINT('',(-19.52098625392,0.221848267865,18.5));
#2886 = CARTESIAN_POINT('',(-19.49721111111,0.329786125793,18.5));
#2887 = ORIENTED_EDGE('',*,*,#2888,.F.);
#2888 = EDGE_CURVE('',#2889,#2877,#2891,.T.);
#2889 = VERTEX_POINT('',#2890);
#2890 = CARTESIAN_POINT('',(9.456584668541,17.053533546063,18.5));
#2891 = CIRCLE('',#2892,19.5);
#2892 = AXIS2_PLACEMENT_3D('',#2893,#2894,#2895);
#2893 = CARTESIAN_POINT('',(-1.78E-15,5.33E-15,18.5));
#2894 = DIRECTION('',(0.,0.,1.));
#2895 = DIRECTION('',(1.,0.,0.));
#2896 = ORIENTED_EDGE('',*,*,#2897,.T.);
#2897 = EDGE_CURVE('',#2889,#2898,#2900,.T.);
#2898 = VERTEX_POINT('',#2899);
#2899 = CARTESIAN_POINT('',(10.039068291621,16.717269748262,18.5));
#2900 = B_SPLINE_CURVE_WITH_KNOTS('',6,(#2901,#2902,#2903,#2904,#2905,
    #2906,#2907),.UNSPECIFIED.,.F.,.F.,(7,7),(0.,1.),
  .PIECEWISE_BEZIER_KNOTS.);
#2901 = CARTESIAN_POINT('',(9.456584668541,17.053533546063,18.5));
#2902 = CARTESIAN_POINT('',(9.564195784525,17.019961657086,18.5));
#2903 = CARTESIAN_POINT('',(9.669367705057,16.97715887279,
    18.499687528427));
#2904 = CARTESIAN_POINT('',(9.770594818186,16.924852247851,
    18.499497981053));
#2905 = CARTESIAN_POINT('',(9.866518213673,16.863347446486,
    18.49968752024));
#2906 = CARTESIAN_POINT('',(9.956184973013,16.793667991365,18.5));
#2907 = CARTESIAN_POINT('',(10.039068291621,16.717269748262,18.5));
#2908 = ORIENTED_EDGE('',*,*,#2909,.F.);
#2909 = EDGE_CURVE('',#2838,#2898,#2910,.T.);
#2910 = CIRCLE('',#2911,19.5);
#2911 = AXIS2_PLACEMENT_3D('',#2912,#2913,#2914);
#2912 = CARTESIAN_POINT('',(-1.78E-15,5.33E-15,18.5));
#2913 = DIRECTION('',(0.,0.,1.));
#2914 = DIRECTION('',(1.,0.,0.));
#2915 = ORIENTED_EDGE('',*,*,#2837,.F.);
#2916 = TOROIDAL_SURFACE('',#2917,19.5,2.);
#2917 = AXIS2_PLACEMENT_3D('',#2918,#2919,#2920);
#2918 = CARTESIAN_POINT('',(-1.78E-15,5.33E-15,16.5));
#2919 = DIRECTION('',(0.,0.,1.));
#2920 = DIRECTION('',(1.,0.,0.));
#2921 = ADVANCED_FACE('',(#2922),#2938,.T.);
#2922 = FACE_BOUND('',#2923,.T.);
#2923 = EDGE_LOOP('',(#2924,#2925,#2931,#2932));
#2924 = ORIENTED_EDGE('',*,*,#2448,.F.);
#2925 = ORIENTED_EDGE('',*,*,#2926,.T.);
#2926 = EDGE_CURVE('',#2441,#1893,#2927,.T.);
#2927 = LINE('',#2928,#2929);
#2928 = CARTESIAN_POINT('',(17.911904969811,-53.28925909539,
    2.892594024765E-02));
#2929 = VECTOR('',#2930,1.);
#2930 = DIRECTION('',(4.E-17,-0.342020143326,0.939692620786));
#2931 = ORIENTED_EDGE('',*,*,#1890,.F.);
#2932 = ORIENTED_EDGE('',*,*,#2933,.F.);
#2933 = EDGE_CURVE('',#2449,#1891,#2934,.T.);
#2934 = LINE('',#2935,#2936);
#2935 = CARTESIAN_POINT('',(17.911904969811,-21.43367925075,
    11.623408798988));
#2936 = VECTOR('',#2937,1.);
#2937 = DIRECTION('',(4.E-17,-0.342020143326,0.939692620786));
#2938 = PLANE('',#2939);
#2939 = AXIS2_PLACEMENT_3D('',#2940,#2941,#2942);
#2940 = CARTESIAN_POINT('',(17.911904969811,-53.28925909539,
    2.892594024765E-02));
#2941 = DIRECTION('',(-1.,-2.2E-16,-4.E-17));
#2942 = DIRECTION('',(-2.204131823059E-16,0.939692620786,0.342020143326)
  );
#2943 = ADVANCED_FACE('',(#2944),#2955,.T.);
#2944 = FACE_BOUND('',#2945,.T.);
#2945 = EDGE_LOOP('',(#2946,#2947,#2948,#2949));
#2946 = ORIENTED_EDGE('',*,*,#2456,.F.);
#2947 = ORIENTED_EDGE('',*,*,#2933,.T.);
#2948 = ORIENTED_EDGE('',*,*,#1916,.F.);
#2949 = ORIENTED_EDGE('',*,*,#2950,.F.);
#2950 = EDGE_CURVE('',#2457,#1909,#2951,.T.);
#2951 = LINE('',#2952,#2953);
#2952 = CARTESIAN_POINT('',(-17.88809503018,-21.43367925075,
    11.623408798988));
#2953 = VECTOR('',#2954,1.);
#2954 = DIRECTION('',(4.E-17,-0.342020143326,0.939692620786));
#2955 = PLANE('',#2956);
#2956 = AXIS2_PLACEMENT_3D('',#2957,#2958,#2959);
#2957 = CARTESIAN_POINT('',(17.911904969811,-21.43367925075,
    11.623408798988));
#2958 = DIRECTION('',(2.2E-16,-0.939692620786,-0.342020143326));
#2959 = DIRECTION('',(-1.,-2.196117356361E-16,-3.985868332851E-17));
#2960 = ADVANCED_FACE('',(#2961),#2972,.T.);
#2961 = FACE_BOUND('',#2962,.T.);
#2962 = EDGE_LOOP('',(#2963,#2964,#2965,#2966));
#2963 = ORIENTED_EDGE('',*,*,#2464,.F.);
#2964 = ORIENTED_EDGE('',*,*,#2950,.T.);
#2965 = ORIENTED_EDGE('',*,*,#1908,.F.);
#2966 = ORIENTED_EDGE('',*,*,#2967,.F.);
#2967 = EDGE_CURVE('',#2439,#1901,#2968,.T.);
#2968 = LINE('',#2969,#2970);
#2969 = CARTESIAN_POINT('',(-17.88809503018,-53.28925909539,
    2.892594024765E-02));
#2970 = VECTOR('',#2971,1.);
#2971 = DIRECTION('',(4.E-17,-0.342020143326,0.939692620786));
#2972 = PLANE('',#2973);
#2973 = AXIS2_PLACEMENT_3D('',#2974,#2975,#2976);
#2974 = CARTESIAN_POINT('',(-17.88809503018,-21.43367925075,
    11.623408798988));
#2975 = DIRECTION('',(1.,2.2E-16,4.E-17));
#2976 = DIRECTION('',(2.204131823059E-16,-0.939692620786,-0.342020143326
    ));
#2977 = ADVANCED_FACE('',(#2978),#2984,.T.);
#2978 = FACE_BOUND('',#2979,.T.);
#2979 = EDGE_LOOP('',(#2980,#2981,#2982,#2983));
#2980 = ORIENTED_EDGE('',*,*,#2438,.F.);
#2981 = ORIENTED_EDGE('',*,*,#2967,.T.);
#2982 = ORIENTED_EDGE('',*,*,#1900,.F.);
#2983 = ORIENTED_EDGE('',*,*,#2926,.F.);
#2984 = PLANE('',#2985);
#2985 = AXIS2_PLACEMENT_3D('',#2986,#2987,#2988);
#2986 = CARTESIAN_POINT('',(-17.88809503018,-53.28925909539,
    2.892594024765E-02));
#2987 = DIRECTION('',(-2.2E-16,0.939692620786,0.342020143326));
#2988 = DIRECTION('',(1.,2.196117356361E-16,3.985868332851E-17));
#2989 = ADVANCED_FACE('',(#2990),#3009,.T.);
#2990 = FACE_BOUND('',#2991,.T.);
#2991 = EDGE_LOOP('',(#2992,#3001,#3007,#3008));
#2992 = ORIENTED_EDGE('',*,*,#2993,.F.);
#2993 = EDGE_CURVE('',#2994,#2994,#2996,.T.);
#2994 = VERTEX_POINT('',#2995);
#2995 = CARTESIAN_POINT('',(-10.25,-8.75,1.6));
#2996 = CIRCLE('',#2997,2.5);
#2997 = AXIS2_PLACEMENT_3D('',#2998,#2999,#3000);
#2998 = CARTESIAN_POINT('',(-12.75,-8.75,1.6));
#2999 = DIRECTION('',(0.,0.,-1.));
#3000 = DIRECTION('',(1.,0.,0.));
#3001 = ORIENTED_EDGE('',*,*,#3002,.T.);
#3002 = EDGE_CURVE('',#2994,#2098,#3003,.T.);
#3003 = LINE('',#3004,#3005);
#3004 = CARTESIAN_POINT('',(-10.25,-8.75,0.));
#3005 = VECTOR('',#3006,1.);
#3006 = DIRECTION('',(0.,0.,1.));
#3007 = ORIENTED_EDGE('',*,*,#2097,.T.);
#3008 = ORIENTED_EDGE('',*,*,#3002,.F.);
#3009 = CYLINDRICAL_SURFACE('',#3010,2.5);
#3010 = AXIS2_PLACEMENT_3D('',#3011,#3012,#3013);
#3011 = CARTESIAN_POINT('',(-12.75,-8.75,0.));
#3012 = DIRECTION('',(0.,0.,-1.));
#3013 = DIRECTION('',(1.,0.,0.));
#3014 = ADVANCED_FACE('',(#3015),#3034,.T.);
#3015 = FACE_BOUND('',#3016,.T.);
#3016 = EDGE_LOOP('',(#3017,#3026,#3032,#3033));
#3017 = ORIENTED_EDGE('',*,*,#3018,.F.);
#3018 = EDGE_CURVE('',#3019,#3019,#3021,.T.);
#3019 = VERTEX_POINT('',#3020);
#3020 = CARTESIAN_POINT('',(15.25,-8.75,1.6));
#3021 = CIRCLE('',#3022,2.5);
#3022 = AXIS2_PLACEMENT_3D('',#3023,#3024,#3025);
#3023 = CARTESIAN_POINT('',(12.75,-8.75,1.6));
#3024 = DIRECTION('',(0.,0.,-1.));
#3025 = DIRECTION('',(1.,0.,0.));
#3026 = ORIENTED_EDGE('',*,*,#3027,.T.);
#3027 = EDGE_CURVE('',#3019,#2109,#3028,.T.);
#3028 = LINE('',#3029,#3030);
#3029 = CARTESIAN_POINT('',(15.25,-8.75,0.));
#3030 = VECTOR('',#3031,1.);
#3031 = DIRECTION('',(0.,0.,1.));
#3032 = ORIENTED_EDGE('',*,*,#2108,.T.);
#3033 = ORIENTED_EDGE('',*,*,#3027,.F.);
#3034 = CYLINDRICAL_SURFACE('',#3035,2.5);
#3035 = AXIS2_PLACEMENT_3D('',#3036,#3037,#3038);
#3036 = CARTESIAN_POINT('',(12.75,-8.75,0.));
#3037 = DIRECTION('',(0.,0.,-1.));
#3038 = DIRECTION('',(1.,0.,0.));
#3039 = ADVANCED_FACE('',(#3040),#3059,.T.);
#3040 = FACE_BOUND('',#3041,.T.);
#3041 = EDGE_LOOP('',(#3042,#3051,#3057,#3058));
#3042 = ORIENTED_EDGE('',*,*,#3043,.F.);
#3043 = EDGE_CURVE('',#3044,#3044,#3046,.T.);
#3044 = VERTEX_POINT('',#3045);
#3045 = CARTESIAN_POINT('',(-10.25,8.75,1.6));
#3046 = CIRCLE('',#3047,2.5);
#3047 = AXIS2_PLACEMENT_3D('',#3048,#3049,#3050);
#3048 = CARTESIAN_POINT('',(-12.75,8.75,1.6));
#3049 = DIRECTION('',(0.,0.,-1.));
#3050 = DIRECTION('',(1.,0.,0.));
#3051 = ORIENTED_EDGE('',*,*,#3052,.T.);
#3052 = EDGE_CURVE('',#3044,#2120,#3053,.T.);
#3053 = LINE('',#3054,#3055);
#3054 = CARTESIAN_POINT('',(-10.25,8.75,0.));
#3055 = VECTOR('',#3056,1.);
#3056 = DIRECTION('',(0.,0.,1.));
#3057 = ORIENTED_EDGE('',*,*,#2119,.T.);
#3058 = ORIENTED_EDGE('',*,*,#3052,.F.);
#3059 = CYLINDRICAL_SURFACE('',#3060,2.5);
#3060 = AXIS2_PLACEMENT_3D('',#3061,#3062,#3063);
#3061 = CARTESIAN_POINT('',(-12.75,8.75,0.));
#3062 = DIRECTION('',(0.,0.,-1.));
#3063 = DIRECTION('',(1.,0.,0.));
#3064 = ADVANCED_FACE('',(#3065),#3113,.F.);
#3065 = FACE_BOUND('',#3066,.F.);
#3066 = EDGE_LOOP('',(#3067,#3068,#3076,#3107));
#3067 = ORIENTED_EDGE('',*,*,#2130,.F.);
#3068 = ORIENTED_EDGE('',*,*,#3069,.T.);
#3069 = EDGE_CURVE('',#2131,#3070,#3072,.T.);
#3070 = VERTEX_POINT('',#3071);
#3071 = CARTESIAN_POINT('',(-5.46,-4.85,6.459592365056));
#3072 = LINE('',#3073,#3074);
#3073 = CARTESIAN_POINT('',(-5.46,-4.85,3.));
#3074 = VECTOR('',#3075,1.);
#3075 = DIRECTION('',(0.,0.,1.));
#3076 = ORIENTED_EDGE('',*,*,#3077,.T.);
#3077 = EDGE_CURVE('',#3070,#3078,#3080,.T.);
#3078 = VERTEX_POINT('',#3079);
#3079 = CARTESIAN_POINT('',(-6.46,-3.85,6.551621851874));
#3080 = B_SPLINE_CURVE_WITH_KNOTS('',5,(#3081,#3082,#3083,#3084,#3085,
    #3086,#3087,#3088,#3089,#3090,#3091,#3092,#3093,#3094,#3095,#3096,
    #3097,#3098,#3099,#3100,#3101,#3102,#3103,#3104,#3105,#3106),
  .UNSPECIFIED.,.F.,.F.,(6,4,4,4,4,4,6),(0.,0.239717572856,
    0.362050620566,0.611243050906,0.788509163003,0.869458841521,1.),
  .UNSPECIFIED.);
#3081 = CARTESIAN_POINT('',(-5.46,-4.85,6.459592365056));
#3082 = CARTESIAN_POINT('',(-5.533043285058,-4.85,6.482329370074));
#3083 = CARTESIAN_POINT('',(-5.606472608575,-4.843330669561,
    6.503759502042));
#3084 = CARTESIAN_POINT('',(-5.67952623072,-4.829852058444,
    6.523606512179));
#3085 = CARTESIAN_POINT('',(-5.751357571811,-4.80953056396,
    6.541588227057));
#3086 = CARTESIAN_POINT('',(-5.856643450263,-4.768765085044,
    6.565547673996));
#3087 = CARTESIAN_POINT('',(-5.891666506092,-4.753254045313,
    6.57309189456));
#3088 = CARTESIAN_POINT('',(-5.926017522505,-4.736028863361,
    6.580050790641));
#3089 = CARTESIAN_POINT('',(-5.959576392828,-4.71712769793,
    6.586393968714));
#3090 = CARTESIAN_POINT('',(-6.058724209614,-4.654797802425,
    6.60370661915));
#3091 = CARTESIAN_POINT('',(-6.121450927185,-4.606253673217,
    6.612654384155));
#3092 = CARTESIAN_POINT('',(-6.17936941992,-4.551442920545,
    6.618708796861));
#3093 = CARTESIAN_POINT('',(-6.231549115458,-4.491102221277,
    6.621734938281));
#3094 = CARTESIAN_POINT('',(-6.309822234211,-4.380085132703,
    6.621732374008));
#3095 = CARTESIAN_POINT('',(-6.339102202853,-4.331640601481,
    6.620199265691));
#3096 = CARTESIAN_POINT('',(-6.364875631549,-4.281253219843,
    6.617134016346));
#3097 = CARTESIAN_POINT('',(-6.386970293609,-4.229314499125,
    6.612570669031));
#3098 = CARTESIAN_POINT('',(-6.413655679229,-4.151990798789,
    6.603832078958));
#3099 = CARTESIAN_POINT('',(-6.421234368088,-4.127511003322,
    6.600793103383));
#3100 = CARTESIAN_POINT('',(-6.428017021347,-4.102830460136,
    6.597460585391));
#3101 = CARTESIAN_POINT('',(-6.433997955979,-4.077987249457,
    6.593841443526));
#3102 = CARTESIAN_POINT('',(-6.447522989677,-4.012755126493,
    6.583657847028));
#3103 = CARTESIAN_POINT('',(-6.453779736987,-3.972166000331,
    6.576647124621));
#3104 = CARTESIAN_POINT('',(-6.457935718391,-3.931410595365,
    6.568944980601));
#3105 = CARTESIAN_POINT('',(-6.46,-3.890640481956,6.560589209998));
#3106 = CARTESIAN_POINT('',(-6.46,-3.85,6.551621851874));
#3107 = ORIENTED_EDGE('',*,*,#3108,.F.);
#3108 = EDGE_CURVE('',#2133,#3078,#3109,.T.);
#3109 = LINE('',#3110,#3111);
#3110 = CARTESIAN_POINT('',(-6.46,-3.85,3.));
#3111 = VECTOR('',#3112,1.);
#3112 = DIRECTION('',(0.,0.,1.));
#3113 = CYLINDRICAL_SURFACE('',#3114,1.);
#3114 = AXIS2_PLACEMENT_3D('',#3115,#3116,#3117);
#3115 = CARTESIAN_POINT('',(-5.46,-3.85,3.));
#3116 = DIRECTION('',(0.,0.,-1.));
#3117 = DIRECTION('',(1.,0.,0.));
#3118 = ADVANCED_FACE('',(#3119),#3138,.F.);
#3119 = FACE_BOUND('',#3120,.F.);
#3120 = EDGE_LOOP('',(#3121,#3122,#3130,#3137));
#3121 = ORIENTED_EDGE('',*,*,#2192,.F.);
#3122 = ORIENTED_EDGE('',*,*,#3123,.T.);
#3123 = EDGE_CURVE('',#2184,#3124,#3126,.T.);
#3124 = VERTEX_POINT('',#3125);
#3125 = CARTESIAN_POINT('',(10.74,-4.85,9.095977053158));
#3126 = LINE('',#3127,#3128);
#3127 = CARTESIAN_POINT('',(10.74,-4.85,3.));
#3128 = VECTOR('',#3129,1.);
#3129 = DIRECTION('',(0.,0.,1.));
#3130 = ORIENTED_EDGE('',*,*,#3131,.F.);
#3131 = EDGE_CURVE('',#3070,#3124,#3132,.T.);
#3132 = CIRCLE('',#3133,18.370560688232);
#3133 = AXIS2_PLACEMENT_3D('',#3134,#3135,#3136);
#3134 = CARTESIAN_POINT('',(0.,-4.85,24.));
#3135 = DIRECTION('',(0.,-1.,0.));
#3136 = DIRECTION('',(0.,0.,-1.));
#3137 = ORIENTED_EDGE('',*,*,#3069,.F.);
#3138 = PLANE('',#3139);
#3139 = AXIS2_PLACEMENT_3D('',#3140,#3141,#3142);
#3140 = CARTESIAN_POINT('',(10.74,-4.85,3.));
#3141 = DIRECTION('',(0.,-1.,0.));
#3142 = DIRECTION('',(-1.,0.,0.));
#3143 = ADVANCED_FACE('',(#3144),#3191,.F.);
#3144 = FACE_BOUND('',#3145,.F.);
#3145 = EDGE_LOOP('',(#3146,#3147,#3155,#3190));
#3146 = ORIENTED_EDGE('',*,*,#2183,.F.);
#3147 = ORIENTED_EDGE('',*,*,#3148,.T.);
#3148 = EDGE_CURVE('',#2176,#3149,#3151,.T.);
#3149 = VERTEX_POINT('',#3150);
#3150 = CARTESIAN_POINT('',(11.74,-3.85,9.5656693955));
#3151 = LINE('',#3152,#3153);
#3152 = CARTESIAN_POINT('',(11.74,-3.85,3.));
#3153 = VECTOR('',#3154,1.);
#3154 = DIRECTION('',(0.,0.,1.));
#3155 = ORIENTED_EDGE('',*,*,#3156,.T.);
#3156 = EDGE_CURVE('',#3149,#3124,#3157,.T.);
#3157 = B_SPLINE_CURVE_WITH_KNOTS('',6,(#3158,#3159,#3160,#3161,#3162,
    #3163,#3164,#3165,#3166,#3167,#3168,#3169,#3170,#3171,#3172,#3173,
    #3174,#3175,#3176,#3177,#3178,#3179,#3180,#3181,#3182,#3183,#3184,
    #3185,#3186,#3187,#3188,#3189),.UNSPECIFIED.,.F.,.F.,(7,5,5,5,5,5,7)
  ,(0.,7.411970606896E-02,0.20465525061,0.355951509629,0.430498313132,
    0.562956182577,1.),.UNSPECIFIED.);
#3158 = CARTESIAN_POINT('',(11.74,-3.85,9.5656693955));
#3159 = CARTESIAN_POINT('',(11.74,-3.870314785769,9.571087861195));
#3160 = CARTESIAN_POINT('',(11.739504886376,-3.890719008185,
    9.576164232321));
#3161 = CARTESIAN_POINT('',(11.738506146454,-3.911194049409,
    9.580886620627));
#3162 = CARTESIAN_POINT('',(11.736996939129,-3.931719221116,
    9.585243872169));
#3163 = CARTESIAN_POINT('',(11.734972094869,-3.952271764499,
    9.589225567304));
#3164 = CARTESIAN_POINT('',(11.727947799716,-4.009027335351,
    9.599155896341));
#3165 = CARTESIAN_POINT('',(11.721857233879,-4.045239083717,
    9.604295748132));
#3166 = CARTESIAN_POINT('',(11.714138830705,-4.081325533735,
    9.608189589225));
#3167 = CARTESIAN_POINT('',(11.704795127455,-4.117144469567,
    9.610799542224));
#3168 = CARTESIAN_POINT('',(11.693851871385,-4.152551036427,
    9.612105128888));
#3169 = CARTESIAN_POINT('',(11.666883774415,-4.22779306575,
    9.612108218391));
#3170 = CARTESIAN_POINT('',(11.650325182365,-4.267443841672,
    9.610357883429));
#3171 = CARTESIAN_POINT('',(11.63176626744,-4.306125683868,
    9.606855068249));
#3172 = CARTESIAN_POINT('',(11.611324749514,-4.343643080169,
    9.601637042515));
#3173 = CARTESIAN_POINT('',(11.589145494834,-4.379832365681,
    9.594771209231));
#3174 = CARTESIAN_POINT('',(11.553686490464,-4.431673536925,
    9.582196936511));
#3175 = CARTESIAN_POINT('',(11.541598913871,-4.448431886078,
    9.577667875774));
#3176 = CARTESIAN_POINT('',(11.529147132259,-4.464821896976,
    9.572770981891));
#3177 = CARTESIAN_POINT('',(11.516350221021,-4.480830968541,
    9.567517636071));
#3178 = CARTESIAN_POINT('',(11.503227350029,-4.496448731613,
    9.561919918331));
#3179 = CARTESIAN_POINT('',(11.465935569976,-4.538707589865,
    9.545455160725));
#3180 = CARTESIAN_POINT('',(11.441104945878,-4.564486701544,
    9.533872630772));
#3181 = CARTESIAN_POINT('',(11.415412380802,-4.588958874043,
    9.521313504645));
#3182 = CARTESIAN_POINT('',(11.388960595927,-4.61209877624,
    9.507850978389));
#3183 = CARTESIAN_POINT('',(11.361845447291,-4.633896396994,
    9.493557145964));
#3184 = CARTESIAN_POINT('',(11.242781141582,-4.721845920702,
    9.428815561108));
#3185 = CARTESIAN_POINT('',(11.145276658567,-4.774617700887,
    9.370896870764));
#3186 = CARTESIAN_POINT('',(11.044448852432,-4.813019755364,
    9.307041972494));
#3187 = CARTESIAN_POINT('',(10.942406613658,-4.837853211424,
    9.239119043164));
#3188 = CARTESIAN_POINT('',(10.840612728376,-4.85,9.168479672525));
#3189 = CARTESIAN_POINT('',(10.74,-4.85,9.095977053158));
#3190 = ORIENTED_EDGE('',*,*,#3123,.F.);
#3191 = CYLINDRICAL_SURFACE('',#3192,1.);
#3192 = AXIS2_PLACEMENT_3D('',#3193,#3194,#3195);
#3193 = CARTESIAN_POINT('',(10.74,-3.85,3.));
#3194 = DIRECTION('',(0.,0.,-1.));
#3195 = DIRECTION('',(1.,0.,0.));
#3196 = ADVANCED_FACE('',(#3197),#3225,.F.);
#3197 = FACE_BOUND('',#3198,.F.);
#3198 = EDGE_LOOP('',(#3199,#3200,#3208,#3217,#3224));
#3199 = ORIENTED_EDGE('',*,*,#2175,.F.);
#3200 = ORIENTED_EDGE('',*,*,#3201,.T.);
#3201 = EDGE_CURVE('',#2167,#3202,#3204,.T.);
#3202 = VERTEX_POINT('',#3203);
#3203 = CARTESIAN_POINT('',(11.74,3.85,9.5656693955));
#3204 = LINE('',#3205,#3206);
#3205 = CARTESIAN_POINT('',(11.74,3.85,3.));
#3206 = VECTOR('',#3207,1.);
#3207 = DIRECTION('',(0.,0.,1.));
#3208 = ORIENTED_EDGE('',*,*,#3209,.F.);
#3209 = EDGE_CURVE('',#3210,#3202,#3212,.T.);
#3210 = VERTEX_POINT('',#3211);
#3211 = CARTESIAN_POINT('',(11.74,-3.E-15,9.061044213199));
#3212 = CIRCLE('',#3213,14.938955786801);
#3213 = AXIS2_PLACEMENT_3D('',#3214,#3215,#3216);
#3214 = CARTESIAN_POINT('',(11.74,0.,24.));
#3215 = DIRECTION('',(1.,0.,-0.));
#3216 = DIRECTION('',(0.,0.,1.));
#3217 = ORIENTED_EDGE('',*,*,#3218,.F.);
#3218 = EDGE_CURVE('',#3149,#3210,#3219,.T.);
#3219 = CIRCLE('',#3220,14.938955786801);
#3220 = AXIS2_PLACEMENT_3D('',#3221,#3222,#3223);
#3221 = CARTESIAN_POINT('',(11.74,0.,24.));
#3222 = DIRECTION('',(1.,0.,-0.));
#3223 = DIRECTION('',(0.,0.,1.));
#3224 = ORIENTED_EDGE('',*,*,#3148,.F.);
#3225 = PLANE('',#3226);
#3226 = AXIS2_PLACEMENT_3D('',#3227,#3228,#3229);
#3227 = CARTESIAN_POINT('',(11.74,3.85,3.));
#3228 = DIRECTION('',(1.,0.,0.));
#3229 = DIRECTION('',(0.,-1.,0.));
#3230 = ADVANCED_FACE('',(#3231),#3276,.F.);
#3231 = FACE_BOUND('',#3232,.F.);
#3232 = EDGE_LOOP('',(#3233,#3234,#3242,#3275));
#3233 = ORIENTED_EDGE('',*,*,#2166,.F.);
#3234 = ORIENTED_EDGE('',*,*,#3235,.T.);
#3235 = EDGE_CURVE('',#2159,#3236,#3238,.T.);
#3236 = VERTEX_POINT('',#3237);
#3237 = CARTESIAN_POINT('',(10.74,4.85,9.095977053158));
#3238 = LINE('',#3239,#3240);
#3239 = CARTESIAN_POINT('',(10.74,4.85,3.));
#3240 = VECTOR('',#3241,1.);
#3241 = DIRECTION('',(0.,0.,1.));
#3242 = ORIENTED_EDGE('',*,*,#3243,.T.);
#3243 = EDGE_CURVE('',#3236,#3202,#3244,.T.);
#3244 = B_SPLINE_CURVE_WITH_KNOTS('',5,(#3245,#3246,#3247,#3248,#3249,
    #3250,#3251,#3252,#3253,#3254,#3255,#3256,#3257,#3258,#3259,#3260,
    #3261,#3262,#3263,#3264,#3265,#3266,#3267,#3268,#3269,#3270,#3271,
    #3272,#3273,#3274),.UNSPECIFIED.,.F.,.F.,(6,4,4,4,4,4,4,6),(0.,
    0.225789031673,0.437437684822,0.570382063696,0.643977226789,
    0.795303513726,0.93387651374,1.),.UNSPECIFIED.);
#3245 = CARTESIAN_POINT('',(10.74,4.85,9.095977053158));
#3246 = CARTESIAN_POINT('',(10.802376953099,4.85,9.140926559655));
#3247 = CARTESIAN_POINT('',(10.865261934221,4.845136545005,
    9.185155276056));
#3248 = CARTESIAN_POINT('',(10.928349401618,4.835250232584,
    9.228391047488));
#3249 = CARTESIAN_POINT('',(10.991260762356,4.820137348276,
    9.270289489662));
#3250 = CARTESIAN_POINT('',(11.111875860875,4.780314599981,
    9.348037702629));
#3251 = CARTESIAN_POINT('',(11.169648375446,4.75626820044,9.384094986614
    ));
#3252 = CARTESIAN_POINT('',(11.226445387817,4.727268149815,9.41824142416
    ));
#3253 = CARTESIAN_POINT('',(11.281720609173,4.693146802633,
    9.450005408525));
#3254 = CARTESIAN_POINT('',(11.368120841901,4.629219856781,9.49695895468
    ));
#3255 = CARTESIAN_POINT('',(11.400579898514,4.602530001318,
    9.513917965003));
#3256 = CARTESIAN_POINT('',(11.431990951869,4.573812713512,
    9.529585393059));
#3257 = CARTESIAN_POINT('',(11.462149895855,4.543099258719,
    9.543810470076));
#3258 = CARTESIAN_POINT('',(11.506724427323,4.492426602048,
    9.563448353923));
#3259 = CARTESIAN_POINT('',(11.522157798186,4.473787564949,
    9.569960284583));
#3260 = CARTESIAN_POINT('',(11.537104468376,4.454581224588,9.57596214055
    ));
#3261 = CARTESIAN_POINT('',(11.551527660756,4.434829752464,
    9.581431384461));
#3262 = CARTESIAN_POINT('',(11.593896418373,4.37288650115,9.596455955018
    ));
#3263 = CARTESIAN_POINT('',(11.620038916383,4.329021367466,9.60422758664
    ));
#3264 = CARTESIAN_POINT('',(11.643493620006,4.28322999723,9.609482550172
    ));
#3265 = CARTESIAN_POINT('',(11.663988308557,4.235871527023,
    9.612108550099));
#3266 = CARTESIAN_POINT('',(11.697269778669,4.143014943449,
    9.612104737328));
#3267 = CARTESIAN_POINT('',(11.710563756115,4.097687655273,
    9.609899230664));
#3268 = CARTESIAN_POINT('',(11.721118075195,4.051765586324,
    9.605489465854));
#3269 = CARTESIAN_POINT('',(11.728908880253,4.005595256589,
    9.598953976884));
#3270 = CARTESIAN_POINT('',(11.736410020237,3.937502950462,
    9.586351724174));
#3271 = CARTESIAN_POINT('',(11.7382155027,3.915522705998,9.581826096147)
  );
#3272 = CARTESIAN_POINT('',(11.739409183887,3.893592028415,
    9.576859801895));
#3273 = CARTESIAN_POINT('',(11.74,3.871741808373,9.571468484113));
#3274 = CARTESIAN_POINT('',(11.74,3.85,9.5656693955));
#3275 = ORIENTED_EDGE('',*,*,#3201,.F.);
#3276 = CYLINDRICAL_SURFACE('',#3277,1.);
#3277 = AXIS2_PLACEMENT_3D('',#3278,#3279,#3280);
#3278 = CARTESIAN_POINT('',(10.74,3.85,3.));
#3279 = DIRECTION('',(0.,0.,-1.));
#3280 = DIRECTION('',(1.,0.,0.));
#3281 = ADVANCED_FACE('',(#3282),#3301,.F.);
#3282 = FACE_BOUND('',#3283,.F.);
#3283 = EDGE_LOOP('',(#3284,#3285,#3293,#3300));
#3284 = ORIENTED_EDGE('',*,*,#2158,.F.);
#3285 = ORIENTED_EDGE('',*,*,#3286,.T.);
#3286 = EDGE_CURVE('',#2150,#3287,#3289,.T.);
#3287 = VERTEX_POINT('',#3288);
#3288 = CARTESIAN_POINT('',(-5.46,4.85,6.459592365056));
#3289 = LINE('',#3290,#3291);
#3290 = CARTESIAN_POINT('',(-5.46,4.85,3.));
#3291 = VECTOR('',#3292,1.);
#3292 = DIRECTION('',(0.,0.,1.));
#3293 = ORIENTED_EDGE('',*,*,#3294,.F.);
#3294 = EDGE_CURVE('',#3236,#3287,#3295,.T.);
#3295 = CIRCLE('',#3296,18.370560688232);
#3296 = AXIS2_PLACEMENT_3D('',#3297,#3298,#3299);
#3297 = CARTESIAN_POINT('',(0.,4.85,24.));
#3298 = DIRECTION('',(0.,1.,0.));
#3299 = DIRECTION('',(0.,0.,1.));
#3300 = ORIENTED_EDGE('',*,*,#3235,.F.);
#3301 = PLANE('',#3302);
#3302 = AXIS2_PLACEMENT_3D('',#3303,#3304,#3305);
#3303 = CARTESIAN_POINT('',(-5.46,4.85,3.));
#3304 = DIRECTION('',(0.,1.,0.));
#3305 = DIRECTION('',(1.,0.,0.));
#3306 = ADVANCED_FACE('',(#3307),#3348,.F.);
#3307 = FACE_BOUND('',#3308,.F.);
#3308 = EDGE_LOOP('',(#3309,#3310,#3318,#3347));
#3309 = ORIENTED_EDGE('',*,*,#2149,.F.);
#3310 = ORIENTED_EDGE('',*,*,#3311,.T.);
#3311 = EDGE_CURVE('',#2142,#3312,#3314,.T.);
#3312 = VERTEX_POINT('',#3313);
#3313 = CARTESIAN_POINT('',(-6.46,3.85,6.551621851874));
#3314 = LINE('',#3315,#3316);
#3315 = CARTESIAN_POINT('',(-6.46,3.85,3.));
#3316 = VECTOR('',#3317,1.);
#3317 = DIRECTION('',(0.,0.,1.));
#3318 = ORIENTED_EDGE('',*,*,#3319,.T.);
#3319 = EDGE_CURVE('',#3312,#3287,#3320,.T.);
#3320 = B_SPLINE_CURVE_WITH_KNOTS('',5,(#3321,#3322,#3323,#3324,#3325,
    #3326,#3327,#3328,#3329,#3330,#3331,#3332,#3333,#3334,#3335,#3336,
    #3337,#3338,#3339,#3340,#3341,#3342,#3343,#3344,#3345,#3346),
  .UNSPECIFIED.,.F.,.F.,(6,4,4,4,4,4,6),(0.,0.130039994402,
    0.209995760565,0.388756937229,0.638450158226,0.761294944119,1.),
  .UNSPECIFIED.);
#3321 = CARTESIAN_POINT('',(-6.46,3.85,6.551621851874));
#3322 = CARTESIAN_POINT('',(-6.46,3.890484454187,6.560554782333));
#3323 = CARTESIAN_POINT('',(-6.457951535456,3.931097540258,
    6.568880809904));
#3324 = CARTESIAN_POINT('',(-6.453827511141,3.97169658558,6.576558383247
    ));
#3325 = CARTESIAN_POINT('',(-6.447618893273,4.012131785483,
    6.583550123977));
#3326 = CARTESIAN_POINT('',(-6.434241136095,4.076910761446,
    6.593679630501));
#3327 = CARTESIAN_POINT('',(-6.428363015187,4.101454181072,
    6.597264673437));
#3328 = CARTESIAN_POINT('',(-6.421702632683,4.125840048083,
    6.600570315754));
#3329 = CARTESIAN_POINT('',(-6.414265386709,4.150031674004,
    6.603589866649));
#3330 = CARTESIAN_POINT('',(-6.387714112035,4.227561631041,
    6.612416081317));
#3331 = CARTESIAN_POINT('',(-6.365527015125,4.27997787057,6.617056128885
    ));
#3332 = CARTESIAN_POINT('',(-6.339595889085,4.330823240159,
    6.620173295798));
#3333 = CARTESIAN_POINT('',(-6.310096639296,4.379695935822,
    6.621732365018));
#3334 = CARTESIAN_POINT('',(-6.231457202452,4.491232584223,
    6.621734941292));
#3335 = CARTESIAN_POINT('',(-6.179159642843,4.551685461198,
    6.618696620884));
#3336 = CARTESIAN_POINT('',(-6.121101649306,4.606584069614,6.61261784165
    ));
#3337 = CARTESIAN_POINT('',(-6.058219870899,4.655187872263,6.60363462455
    ));
#3338 = CARTESIAN_POINT('',(-5.9587564199,4.717606708315,6.586242762381)
  );
#3339 = CARTESIAN_POINT('',(-5.925039830914,4.736552768143,
    6.579860115707));
#3340 = CARTESIAN_POINT('',(-5.890526462143,4.753808039559,
    6.572857070883));
#3341 = CARTESIAN_POINT('',(-5.855337930386,4.769334076171,
    6.565264447065));
#3342 = CARTESIAN_POINT('',(-5.750143809109,4.809873179177,
    6.541284217051));
#3343 = CARTESIAN_POINT('',(-5.678600469364,4.830022492205,
    6.523354923488));
#3344 = CARTESIAN_POINT('',(-5.605852292956,4.843386892318,6.50357843958
    ));
#3345 = CARTESIAN_POINT('',(-5.532734770341,4.85,6.482233335228));
#3346 = CARTESIAN_POINT('',(-5.46,4.85,6.459592365056));
#3347 = ORIENTED_EDGE('',*,*,#3286,.F.);
#3348 = CYLINDRICAL_SURFACE('',#3349,1.);
#3349 = AXIS2_PLACEMENT_3D('',#3350,#3351,#3352);
#3350 = CARTESIAN_POINT('',(-5.46,3.85,3.));
#3351 = DIRECTION('',(0.,0.,-1.));
#3352 = DIRECTION('',(1.,0.,0.));
#3353 = ADVANCED_FACE('',(#3354),#3366,.F.);
#3354 = FACE_BOUND('',#3355,.F.);
#3355 = EDGE_LOOP('',(#3356,#3357,#3358,#3365));
#3356 = ORIENTED_EDGE('',*,*,#2141,.F.);
#3357 = ORIENTED_EDGE('',*,*,#3108,.T.);
#3358 = ORIENTED_EDGE('',*,*,#3359,.F.);
#3359 = EDGE_CURVE('',#3312,#3078,#3360,.T.);
#3360 = CIRCLE('',#3361,17.868083277173);
#3361 = AXIS2_PLACEMENT_3D('',#3362,#3363,#3364);
#3362 = CARTESIAN_POINT('',(-6.46,0.,24.));
#3363 = DIRECTION('',(-1.,0.,0.));
#3364 = DIRECTION('',(0.,0.,-1.));
#3365 = ORIENTED_EDGE('',*,*,#3311,.F.);
#3366 = PLANE('',#3367);
#3367 = AXIS2_PLACEMENT_3D('',#3368,#3369,#3370);
#3368 = CARTESIAN_POINT('',(-6.46,-3.85,3.));
#3369 = DIRECTION('',(-1.,0.,0.));
#3370 = DIRECTION('',(0.,1.,0.));
#3371 = ADVANCED_FACE('',(#3372),#3391,.T.);
#3372 = FACE_BOUND('',#3373,.T.);
#3373 = EDGE_LOOP('',(#3374,#3383,#3389,#3390));
#3374 = ORIENTED_EDGE('',*,*,#3375,.F.);
#3375 = EDGE_CURVE('',#3376,#3376,#3378,.T.);
#3376 = VERTEX_POINT('',#3377);
#3377 = CARTESIAN_POINT('',(15.25,8.75,1.6));
#3378 = CIRCLE('',#3379,2.5);
#3379 = AXIS2_PLACEMENT_3D('',#3380,#3381,#3382);
#3380 = CARTESIAN_POINT('',(12.75,8.75,1.6));
#3381 = DIRECTION('',(0.,0.,-1.));
#3382 = DIRECTION('',(1.,0.,0.));
#3383 = ORIENTED_EDGE('',*,*,#3384,.T.);
#3384 = EDGE_CURVE('',#3376,#2201,#3385,.T.);
#3385 = LINE('',#3386,#3387);
#3386 = CARTESIAN_POINT('',(15.25,8.75,0.));
#3387 = VECTOR('',#3388,1.);
#3388 = DIRECTION('',(0.,0.,1.));
#3389 = ORIENTED_EDGE('',*,*,#2200,.T.);
#3390 = ORIENTED_EDGE('',*,*,#3384,.F.);
#3391 = CYLINDRICAL_SURFACE('',#3392,2.5);
#3392 = AXIS2_PLACEMENT_3D('',#3393,#3394,#3395);
#3393 = CARTESIAN_POINT('',(12.75,8.75,0.));
#3394 = DIRECTION('',(0.,0.,-1.));
#3395 = DIRECTION('',(1.,0.,0.));
#3396 = ADVANCED_FACE('',(#3397),#3408,.F.);
#3397 = FACE_BOUND('',#3398,.F.);
#3398 = EDGE_LOOP('',(#3399,#3400,#3401,#3402));
#3399 = ORIENTED_EDGE('',*,*,#2416,.F.);
#3400 = ORIENTED_EDGE('',*,*,#2334,.F.);
#3401 = ORIENTED_EDGE('',*,*,#2373,.F.);
#3402 = ORIENTED_EDGE('',*,*,#3403,.F.);
#3403 = EDGE_CURVE('',#2417,#2366,#3404,.T.);
#3404 = LINE('',#3405,#3406);
#3405 = CARTESIAN_POINT('',(6.2,-22.5,1.3));
#3406 = VECTOR('',#3407,1.);
#3407 = DIRECTION('',(0.,-1.,0.));
#3408 = PLANE('',#3409);
#3409 = AXIS2_PLACEMENT_3D('',#3410,#3411,#3412);
#3410 = CARTESIAN_POINT('',(6.2,-25.,2.611764705882));
#3411 = DIRECTION('',(1.,0.,0.));
#3412 = DIRECTION('',(0.,0.,1.));
#3413 = ADVANCED_FACE('',(#3414),#3420,.T.);
#3414 = FACE_BOUND('',#3415,.T.);
#3415 = EDGE_LOOP('',(#3416,#3417,#3418,#3419));
#3416 = ORIENTED_EDGE('',*,*,#2424,.F.);
#3417 = ORIENTED_EDGE('',*,*,#2397,.T.);
#3418 = ORIENTED_EDGE('',*,*,#2365,.T.);
#3419 = ORIENTED_EDGE('',*,*,#3403,.F.);
#3420 = PLANE('',#3421);
#3421 = AXIS2_PLACEMENT_3D('',#3422,#3423,#3424);
#3422 = CARTESIAN_POINT('',(6.4,-22.5,1.1));
#3423 = DIRECTION('',(-0.707106781187,0.,-0.707106781187));
#3424 = DIRECTION('',(0.,-1.,0.));
#3425 = ADVANCED_FACE('',(#3426),#3445,.F.);
#3426 = FACE_BOUND('',#3427,.F.);
#3427 = EDGE_LOOP('',(#3428,#3436,#3443,#3444));
#3428 = ORIENTED_EDGE('',*,*,#3429,.T.);
#3429 = EDGE_CURVE('',#2473,#3430,#3432,.T.);
#3430 = VERTEX_POINT('',#3431);
#3431 = CARTESIAN_POINT('',(15.211904969811,-21.4070786893,
    8.334139516893));
#3432 = LINE('',#3433,#3434);
#3433 = CARTESIAN_POINT('',(15.211904969811,-22.46734113361,
    11.24718664133));
#3434 = VECTOR('',#3435,1.);
#3435 = DIRECTION('',(0.,0.342020143326,-0.939692620786));
#3436 = ORIENTED_EDGE('',*,*,#3437,.T.);
#3437 = EDGE_CURVE('',#3430,#3430,#3438,.T.);
#3438 = CIRCLE('',#3439,1.6);
#3439 = AXIS2_PLACEMENT_3D('',#3440,#3441,#3442);
#3440 = CARTESIAN_POINT('',(15.211904969811,-22.91058688256,
    7.786907287572));
#3441 = DIRECTION('',(0.,-0.342020143326,0.939692620786));
#3442 = DIRECTION('',(0.,0.939692620786,0.342020143326));
#3443 = ORIENTED_EDGE('',*,*,#3429,.F.);
#3444 = ORIENTED_EDGE('',*,*,#2472,.F.);
#3445 = CYLINDRICAL_SURFACE('',#3446,1.6);
#3446 = AXIS2_PLACEMENT_3D('',#3447,#3448,#3449);
#3447 = CARTESIAN_POINT('',(15.211904969811,-23.97084932687,
    10.699954412009));
#3448 = DIRECTION('',(0.,-0.342020143326,0.939692620786));
#3449 = DIRECTION('',(0.,0.939692620786,0.342020143326));
#3450 = ADVANCED_FACE('',(#3451),#3470,.F.);
#3451 = FACE_BOUND('',#3452,.F.);
#3452 = EDGE_LOOP('',(#3453,#3461,#3468,#3469));
#3453 = ORIENTED_EDGE('',*,*,#3454,.T.);
#3454 = EDGE_CURVE('',#2484,#3455,#3457,.T.);
#3455 = VERTEX_POINT('',#3456);
#3456 = CARTESIAN_POINT('',(-15.18809503018,-21.4070786893,
    8.334139516893));
#3457 = LINE('',#3458,#3459);
#3458 = CARTESIAN_POINT('',(-15.18809503018,-22.46734113361,
    11.24718664133));
#3459 = VECTOR('',#3460,1.);
#3460 = DIRECTION('',(0.,0.342020143326,-0.939692620786));
#3461 = ORIENTED_EDGE('',*,*,#3462,.T.);
#3462 = EDGE_CURVE('',#3455,#3455,#3463,.T.);
#3463 = CIRCLE('',#3464,1.6);
#3464 = AXIS2_PLACEMENT_3D('',#3465,#3466,#3467);
#3465 = CARTESIAN_POINT('',(-15.18809503018,-22.91058688256,
    7.786907287572));
#3466 = DIRECTION('',(0.,-0.342020143326,0.939692620786));
#3467 = DIRECTION('',(0.,0.939692620786,0.342020143326));
#3468 = ORIENTED_EDGE('',*,*,#3454,.F.);
#3469 = ORIENTED_EDGE('',*,*,#2483,.F.);
#3470 = CYLINDRICAL_SURFACE('',#3471,1.6);
#3471 = AXIS2_PLACEMENT_3D('',#3472,#3473,#3474);
#3472 = CARTESIAN_POINT('',(-15.18809503018,-23.97084932687,
    10.699954412009));
#3473 = DIRECTION('',(0.,-0.342020143326,0.939692620786));
#3474 = DIRECTION('',(0.,0.939692620786,0.342020143326));
#3475 = ADVANCED_FACE('',(#3476),#3483,.F.);
#3476 = FACE_BOUND('',#3477,.F.);
#3477 = EDGE_LOOP('',(#3478,#3479,#3480,#3481,#3482));
#3478 = ORIENTED_EDGE('',*,*,#2669,.T.);
#3479 = ORIENTED_EDGE('',*,*,#2776,.T.);
#3480 = ORIENTED_EDGE('',*,*,#2798,.F.);
#3481 = ORIENTED_EDGE('',*,*,#2623,.F.);
#3482 = ORIENTED_EDGE('',*,*,#2646,.F.);
#3483 = PLANE('',#3484);
#3484 = AXIS2_PLACEMENT_3D('',#3485,#3486,#3487);
#3485 = CARTESIAN_POINT('',(6.7,-19.,3.1));
#3486 = DIRECTION('',(0.,1.,0.));
#3487 = DIRECTION('',(0.,0.,1.));
#3488 = ADVANCED_FACE('',(#3489),#3527,.T.);
#3489 = FACE_BOUND('',#3490,.T.);
#3490 = EDGE_LOOP('',(#3491,#3502,#3511,#3518,#3519,#3520));
#3491 = ORIENTED_EDGE('',*,*,#3492,.F.);
#3492 = EDGE_CURVE('',#3493,#3495,#3497,.T.);
#3493 = VERTEX_POINT('',#3494);
#3494 = CARTESIAN_POINT('',(19.,5.E-15,18.5));
#3495 = VERTEX_POINT('',#3496);
#3496 = CARTESIAN_POINT('',(10.514958916251,15.825158419098,18.5));
#3497 = CIRCLE('',#3498,19.);
#3498 = AXIS2_PLACEMENT_3D('',#3499,#3500,#3501);
#3499 = CARTESIAN_POINT('',(-1.78E-15,5.33E-15,18.5));
#3500 = DIRECTION('',(0.,0.,1.));
#3501 = DIRECTION('',(1.,0.,0.));
#3502 = ORIENTED_EDGE('',*,*,#3503,.F.);
#3503 = EDGE_CURVE('',#3504,#3493,#3506,.T.);
#3504 = VERTEX_POINT('',#3505);
#3505 = CARTESIAN_POINT('',(10.514958916251,-15.82515841909,18.5));
#3506 = CIRCLE('',#3507,19.);
#3507 = AXIS2_PLACEMENT_3D('',#3508,#3509,#3510);
#3508 = CARTESIAN_POINT('',(-1.78E-15,5.33E-15,18.5));
#3509 = DIRECTION('',(0.,0.,1.));
#3510 = DIRECTION('',(1.,0.,0.));
#3511 = ORIENTED_EDGE('',*,*,#3512,.F.);
#3512 = EDGE_CURVE('',#2847,#3504,#3513,.T.);
#3513 = CIRCLE('',#3514,1.533101431739);
#3514 = AXIS2_PLACEMENT_3D('',#3515,#3516,#3517);
#3515 = CARTESIAN_POINT('',(9.,-15.59,18.5));
#3516 = DIRECTION('',(0.,0.,1.));
#3517 = DIRECTION('',(1.,0.,0.));
#3518 = ORIENTED_EDGE('',*,*,#2846,.T.);
#3519 = ORIENTED_EDGE('',*,*,#2909,.T.);
#3520 = ORIENTED_EDGE('',*,*,#3521,.F.);
#3521 = EDGE_CURVE('',#3495,#2898,#3522,.T.);
#3522 = CIRCLE('',#3523,1.533101431739);
#3523 = AXIS2_PLACEMENT_3D('',#3524,#3525,#3526);
#3524 = CARTESIAN_POINT('',(9.,15.59,18.5));
#3525 = DIRECTION('',(0.,0.,1.));
#3526 = DIRECTION('',(1.,0.,0.));
#3527 = PLANE('',#3528);
#3528 = AXIS2_PLACEMENT_3D('',#3529,#3530,#3531);
#3529 = CARTESIAN_POINT('',(-1.96E-15,6.25E-15,18.5));
#3530 = DIRECTION('',(0.,0.,1.));
#3531 = DIRECTION('',(1.,0.,0.));
#3532 = ADVANCED_FACE('',(#3533),#3676,.F.);
#3533 = FACE_BOUND('',#3534,.F.);
#3534 = EDGE_LOOP('',(#3535,#3546,#3555,#3556,#3575,#3588,#3597,#3606,
    #3615,#3630,#3667,#3674,#3675));
#3535 = ORIENTED_EDGE('',*,*,#3536,.F.);
#3536 = EDGE_CURVE('',#3537,#3495,#3539,.T.);
#3537 = VERTEX_POINT('',#3538);
#3538 = CARTESIAN_POINT('',(10.666876024089,15.59,18.389953523322));
#3539 = B_SPLINE_CURVE_WITH_KNOTS('',5,(#3540,#3541,#3542,#3543,#3544,
    #3545),.UNSPECIFIED.,.F.,.F.,(6,6),(0.,1.),
  .PIECEWISE_BEZIER_KNOTS.);
#3540 = CARTESIAN_POINT('',(10.666876024089,15.59,18.389953523322));
#3541 = CARTESIAN_POINT('',(10.639743913085,15.63755896285,
    18.413883141038));
#3542 = CARTESIAN_POINT('',(10.610955886041,15.684964598208,
    18.436911640498));
#3543 = CARTESIAN_POINT('',(10.580531728625,15.732111669919,
    18.458979005065));
#3544 = CARTESIAN_POINT('',(10.548511118113,15.778883462965,
    18.480025869078));
#3545 = CARTESIAN_POINT('',(10.514958916251,15.825158419098,18.5));
#3546 = ORIENTED_EDGE('',*,*,#3547,.F.);
#3547 = EDGE_CURVE('',#3548,#3537,#3550,.T.);
#3548 = VERTEX_POINT('',#3549);
#3549 = CARTESIAN_POINT('',(9.,15.59,13.98));
#3550 = CIRCLE('',#3551,2.52);
#3551 = AXIS2_PLACEMENT_3D('',#3552,#3553,#3554);
#3552 = CARTESIAN_POINT('',(9.,15.59,16.5));
#3553 = DIRECTION('',(-2.4E-16,-1.,0.));
#3554 = DIRECTION('',(1.,-2.4E-16,0.));
#3555 = ORIENTED_EDGE('',*,*,#3547,.T.);
#3556 = ORIENTED_EDGE('',*,*,#3557,.F.);
#3557 = EDGE_CURVE('',#3558,#3537,#3560,.T.);
#3558 = VERTEX_POINT('',#3559);
#3559 = CARTESIAN_POINT('',(10.728474957527,13.825694379876,17.));
#3560 = B_SPLINE_CURVE_WITH_KNOTS('',7,(#3561,#3562,#3563,#3564,#3565,
    #3566,#3567,#3568,#3569,#3570,#3571,#3572,#3573,#3574),
  .UNSPECIFIED.,.F.,.F.,(8,6,8),(0.,0.723796026742,1.),.UNSPECIFIED.);
#3561 = CARTESIAN_POINT('',(10.728474957527,13.825694379876,17.));
#3562 = CARTESIAN_POINT('',(10.818493895747,13.959478572427,
    17.16088144477));
#3563 = CARTESIAN_POINT('',(10.888535234064,14.107780691037,
    17.320993043849));
#3564 = CARTESIAN_POINT('',(10.938036590082,14.269861060266,
    17.479470768674));
#3565 = CARTESIAN_POINT('',(10.965474154991,14.444912236777,
    17.635018824143));
#3566 = CARTESIAN_POINT('',(10.968903514636,14.631676566322,
    17.785936694916));
#3567 = CARTESIAN_POINT('',(10.9461113189,14.828314719308,
    17.930145205288));
#3568 = CARTESIAN_POINT('',(10.87506111753,15.110036652021,
    18.116561796392));
#3569 = CARTESIAN_POINT('',(10.851280525369,15.188854639617,
    18.166663822622));
#3570 = CARTESIAN_POINT('',(10.823227634057,15.268499356147,
    18.215218532401));
#3571 = CARTESIAN_POINT('',(10.790800586738,15.348743649577,
    18.262038751224));
#3572 = CARTESIAN_POINT('',(10.753929695604,15.429306340213,
    18.306915344627));
#3573 = CARTESIAN_POINT('',(10.712599658925,15.509852581678,
    18.349626801156));
#3574 = CARTESIAN_POINT('',(10.666876024089,15.59,18.389953523322));
#3575 = ORIENTED_EDGE('',*,*,#3576,.F.);
#3576 = EDGE_CURVE('',#3577,#3558,#3579,.T.);
#3577 = VERTEX_POINT('',#3578);
#3578 = CARTESIAN_POINT('',(10.728474957527,13.825694379876,16.));
#3579 = B_SPLINE_CURVE_WITH_KNOTS('',4,(#3580,#3581,#3582,#3583,#3584,
    #3585,#3586,#3587),.UNSPECIFIED.,.F.,.F.,(5,3,5),(0.,0.440873310937,
    1.),.UNSPECIFIED.);
#3580 = CARTESIAN_POINT('',(10.728443194681,13.825719027179,
    15.999803267002));
#3581 = CARTESIAN_POINT('',(10.746110036054,13.812009960495,
    16.10920577533));
#3582 = CARTESIAN_POINT('',(10.758500125602,13.80234740267,
    16.219338355025));
#3583 = CARTESIAN_POINT('',(10.765727504211,13.796706790147,
    16.329861741504));
#3584 = CARTESIAN_POINT('',(10.770440635438,13.793027937839,
    16.580746679978));
#3585 = CARTESIAN_POINT('',(10.764796187937,13.797432633734,
    16.721115012306));
#3586 = CARTESIAN_POINT('',(10.750847012753,13.808334174424,
    16.861460337429));
#3587 = CARTESIAN_POINT('',(10.728443194681,13.825719027179,
    17.000196732998));
#3588 = ORIENTED_EDGE('',*,*,#3589,.F.);
#3589 = EDGE_CURVE('',#3590,#3577,#3592,.T.);
#3590 = VERTEX_POINT('',#3591);
#3591 = CARTESIAN_POINT('',(10.524539336762,13.646760485513,16.));
#3592 = CIRCLE('',#3593,2.469898783351);
#3593 = AXIS2_PLACEMENT_3D('',#3594,#3595,#3596);
#3594 = CARTESIAN_POINT('',(9.,15.59,16.));
#3595 = DIRECTION('',(0.,0.,1.));
#3596 = DIRECTION('',(1.,0.,0.));
#3597 = ORIENTED_EDGE('',*,*,#3598,.T.);
#3598 = EDGE_CURVE('',#3590,#3599,#3601,.T.);
#3599 = VERTEX_POINT('',#3600);
#3600 = CARTESIAN_POINT('',(6.554805674056,15.938460483226,16.));
#3601 = CIRCLE('',#3602,2.432682906218);
#3602 = AXIS2_PLACEMENT_3D('',#3603,#3604,#3605);
#3603 = CARTESIAN_POINT('',(8.696505846335,15.064280682707,
    16.752911794721));
#3604 = DIRECTION('',(0.461509272986,0.799436618428,-0.384591060822));
#3605 = DIRECTION('',(-0.866046828231,0.499962889934,-9.370301683514E-18
    ));
#3606 = ORIENTED_EDGE('',*,*,#3607,.F.);
#3607 = EDGE_CURVE('',#3608,#3599,#3610,.T.);
#3608 = VERTEX_POINT('',#3609);
#3609 = CARTESIAN_POINT('',(6.60777635825,16.204545399342,16.));
#3610 = CIRCLE('',#3611,2.469898783351);
#3611 = AXIS2_PLACEMENT_3D('',#3612,#3613,#3614);
#3612 = CARTESIAN_POINT('',(9.,15.59,16.));
#3613 = DIRECTION('',(0.,0.,1.));
#3614 = DIRECTION('',(1.,0.,0.));
#3615 = ORIENTED_EDGE('',*,*,#3616,.F.);
#3616 = EDGE_CURVE('',#3617,#3608,#3619,.T.);
#3617 = VERTEX_POINT('',#3618);
#3618 = CARTESIAN_POINT('',(6.60777635825,16.204545399342,17.));
#3619 = B_SPLINE_CURVE_WITH_KNOTS('',5,(#3620,#3621,#3622,#3623,#3624,
    #3625,#3626,#3627,#3628,#3629),.UNSPECIFIED.,.F.,.F.,(6,4,6),(0.,
    0.426305760811,1.),.UNSPECIFIED.);
#3620 = CARTESIAN_POINT('',(6.607813586165,16.204530218753,
    17.000196732998));
#3621 = CARTESIAN_POINT('',(6.591788697211,16.211064778998,
    16.915529633874));
#3622 = CARTESIAN_POINT('',(6.5792130288,16.216169766988,16.830452186001
    ));
#3623 = CARTESIAN_POINT('',(6.570058261462,16.219876496859,
    16.745088110358));
#3624 = CARTESIAN_POINT('',(6.564308121733,16.22220285003,
    16.659554025362));
#3625 = CARTESIAN_POINT('',(6.558796257272,16.224432294861,
    16.458771895798));
#3626 = CARTESIAN_POINT('',(6.561792874452,16.223219355421,
    16.343501535321));
#3627 = CARTESIAN_POINT('',(6.570933490272,16.219527216651,
    16.228394964634));
#3628 = CARTESIAN_POINT('',(6.586251363324,16.213322769177,
    16.113726730927));
#3629 = CARTESIAN_POINT('',(6.607813586165,16.204530218753,
    15.999803267002));
#3630 = ORIENTED_EDGE('',*,*,#3631,.F.);
#3631 = EDGE_CURVE('',#3632,#3617,#3634,.T.);
#3632 = VERTEX_POINT('',#3633);
#3633 = CARTESIAN_POINT('',(8.446051193051,17.019524648014,18.5));
#3634 = B_SPLINE_CURVE_WITH_KNOTS('',6,(#3635,#3636,#3637,#3638,#3639,
    #3640,#3641,#3642,#3643,#3644,#3645,#3646,#3647,#3648,#3649,#3650,
    #3651,#3652,#3653,#3654,#3655,#3656,#3657,#3658,#3659,#3660,#3661,
    #3662,#3663,#3664,#3665,#3666),.UNSPECIFIED.,.F.,.F.,(7,5,5,5,5,5,7)
  ,(0.,0.137044705194,0.289713921486,0.394184393115,0.514444528723,
    0.670520653928,1.),.UNSPECIFIED.);
#3635 = CARTESIAN_POINT('',(8.446051193051,17.019524648014,18.5));
#3636 = CARTESIAN_POINT('',(8.384121220842,17.02596766546,
    18.478241756767));
#3637 = CARTESIAN_POINT('',(8.322573612176,17.030616754782,
    18.45526150528));
#3638 = CARTESIAN_POINT('',(8.261562488766,17.033477049879,
    18.431117690342));
#3639 = CARTESIAN_POINT('',(8.201224905078,17.034572639998,
    18.405875483139));
#3640 = CARTESIAN_POINT('',(8.141679551021,17.03394140695,
    18.379602801595));
#3641 = CARTESIAN_POINT('',(8.017684185799,17.029054777763,
    18.322024621017));
#3642 = CARTESIAN_POINT('',(7.953449153865,17.024394353907,
    18.290486875771));
#3643 = CARTESIAN_POINT('',(7.890454465905,17.01771296042,
    18.257844036948));
#3644 = CARTESIAN_POINT('',(7.828806303645,17.009086984703,
    18.224185187715));
#3645 = CARTESIAN_POINT('',(7.768586393712,16.998598115706,
    18.189594139923));
#3646 = CARTESIAN_POINT('',(7.669666324988,16.977929334789,
    18.12988912335));
#3647 = CARTESIAN_POINT('',(7.630174842104,16.96869731101,
    18.105231077199));
#3648 = CARTESIAN_POINT('',(7.5914003498,16.958656689058,18.080196201445
    ));
#3649 = CARTESIAN_POINT('',(7.553359013804,16.947833117551,
    18.054807380719));
#3650 = CARTESIAN_POINT('',(7.516063845008,16.936251761073,
    18.029086065963));
#3651 = CARTESIAN_POINT('',(7.437463028554,16.909761632027,
    17.973083736416));
#3652 = CARTESIAN_POINT('',(7.396403704787,16.894614397303,
    17.94270126182));
#3653 = CARTESIAN_POINT('',(7.356361698157,16.878533070254,
    17.911935234171));
#3654 = CARTESIAN_POINT('',(7.317348987579,16.861553412865,17.8808139143
    ));
#3655 = CARTESIAN_POINT('',(7.279374560896,16.843709474852,
    17.849363440341));
#3656 = CARTESIAN_POINT('',(7.194515697136,16.800795643534,
    17.776394727941));
#3657 = CARTESIAN_POINT('',(7.148346675412,16.775156572321,
    17.734668130633));
#3658 = CARTESIAN_POINT('',(7.103950941404,16.748186477587,
    17.692480215179));
#3659 = CARTESIAN_POINT('',(7.06133781824,16.719950722974,
    17.649879016423));
#3660 = CARTESIAN_POINT('',(7.020513465688,16.690509482947,
    17.606908397237));
#3661 = CARTESIAN_POINT('',(6.899085868798,16.595336644397,
    17.472200193005));
#3662 = CARTESIAN_POINT('',(6.82468762802,16.525633253312,17.37933184417
    ));
#3663 = CARTESIAN_POINT('',(6.75831261103,16.45131369025,17.285364977916
    ));
#3664 = CARTESIAN_POINT('',(6.699998014702,16.372802820431,
    17.190626583056));
#3665 = CARTESIAN_POINT('',(6.64978904157,16.290456511814,
    17.095414910739));
#3666 = CARTESIAN_POINT('',(6.60777635825,16.204545399342,17.));
#3667 = ORIENTED_EDGE('',*,*,#3668,.F.);
#3668 = EDGE_CURVE('',#2889,#3632,#3669,.T.);
#3669 = CIRCLE('',#3670,1.533101431739);
#3670 = AXIS2_PLACEMENT_3D('',#3671,#3672,#3673);
#3671 = CARTESIAN_POINT('',(9.,15.59,18.5));
#3672 = DIRECTION('',(0.,0.,1.));
#3673 = DIRECTION('',(1.,0.,0.));
#3674 = ORIENTED_EDGE('',*,*,#2897,.T.);
#3675 = ORIENTED_EDGE('',*,*,#3521,.F.);
#3676 = SPHERICAL_SURFACE('',#3677,2.52);
#3677 = AXIS2_PLACEMENT_3D('',#3678,#3679,#3680);
#3678 = CARTESIAN_POINT('',(9.,15.59,16.5));
#3679 = DIRECTION('',(0.,0.,1.));
#3680 = DIRECTION('',(1.,0.,0.));
#3681 = ADVANCED_FACE('',(#3682),#3702,.T.);
#3682 = FACE_BOUND('',#3683,.T.);
#3683 = EDGE_LOOP('',(#3684,#3693,#3694,#3695));
#3684 = ORIENTED_EDGE('',*,*,#3685,.F.);
#3685 = EDGE_CURVE('',#3632,#3686,#3688,.T.);
#3686 = VERTEX_POINT('',#3687);
#3687 = CARTESIAN_POINT('',(-18.96248888888,1.193321054354,18.5));
#3688 = CIRCLE('',#3689,19.);
#3689 = AXIS2_PLACEMENT_3D('',#3690,#3691,#3692);
#3690 = CARTESIAN_POINT('',(-1.78E-15,5.33E-15,18.5));
#3691 = DIRECTION('',(0.,0.,1.));
#3692 = DIRECTION('',(1.,0.,0.));
#3693 = ORIENTED_EDGE('',*,*,#3668,.F.);
#3694 = ORIENTED_EDGE('',*,*,#2888,.T.);
#3695 = ORIENTED_EDGE('',*,*,#3696,.F.);
#3696 = EDGE_CURVE('',#3686,#2877,#3697,.T.);
#3697 = CIRCLE('',#3698,1.533101431739);
#3698 = AXIS2_PLACEMENT_3D('',#3699,#3700,#3701);
#3699 = CARTESIAN_POINT('',(-18.,0.,18.5));
#3700 = DIRECTION('',(0.,0.,1.));
#3701 = DIRECTION('',(1.,0.,0.));
#3702 = PLANE('',#3703);
#3703 = AXIS2_PLACEMENT_3D('',#3704,#3705,#3706);
#3704 = CARTESIAN_POINT('',(-1.96E-15,6.25E-15,18.5));
#3705 = DIRECTION('',(0.,0.,1.));
#3706 = DIRECTION('',(1.,0.,0.));
#3707 = ADVANCED_FACE('',(#3708),#3849,.F.);
#3708 = FACE_BOUND('',#3709,.F.);
#3709 = EDGE_LOOP('',(#3710,#3721,#3730,#3731,#3740,#3749,#3762,#3799,
    #3806,#3807,#3808,#3829,#3842));
#3710 = ORIENTED_EDGE('',*,*,#3711,.T.);
#3711 = EDGE_CURVE('',#3712,#3714,#3716,.T.);
#3712 = VERTEX_POINT('',#3713);
#3713 = CARTESIAN_POINT('',(-17.08054444444,2.292379000375,16.));
#3714 = VERTEX_POINT('',#3715);
#3715 = CARTESIAN_POINT('',(-16.45830231534,0.,14.506618890148));
#3716 = CIRCLE('',#3717,2.433004749348);
#3717 = AXIS2_PLACEMENT_3D('',#3718,#3719,#3720);
#3718 = CARTESIAN_POINT('',(-17.39407337278,0.,16.752469428008));
#3719 = DIRECTION('',(-0.923076923077,-0.,-0.384615384615));
#3720 = DIRECTION('',(0.384615384615,0.,-0.923076923077));
#3721 = ORIENTED_EDGE('',*,*,#3722,.F.);
#3722 = EDGE_CURVE('',#3723,#3714,#3725,.T.);
#3723 = VERTEX_POINT('',#3724);
#3724 = CARTESIAN_POINT('',(-18.,0.,13.98));
#3725 = CIRCLE('',#3726,2.52);
#3726 = AXIS2_PLACEMENT_3D('',#3727,#3728,#3729);
#3727 = CARTESIAN_POINT('',(-18.,0.,16.5));
#3728 = DIRECTION('',(-2.4E-16,-1.,0.));
#3729 = DIRECTION('',(1.,-2.4E-16,0.));
#3730 = ORIENTED_EDGE('',*,*,#3722,.T.);
#3731 = ORIENTED_EDGE('',*,*,#3732,.T.);
#3732 = EDGE_CURVE('',#3714,#3733,#3735,.T.);
#3733 = VERTEX_POINT('',#3734);
#3734 = CARTESIAN_POINT('',(-17.08054444444,-2.292379000374,16.));
#3735 = CIRCLE('',#3736,2.433004749348);
#3736 = AXIS2_PLACEMENT_3D('',#3737,#3738,#3739);
#3737 = CARTESIAN_POINT('',(-17.39407337278,0.,16.752469428008));
#3738 = DIRECTION('',(-0.923076923077,-0.,-0.384615384615));
#3739 = DIRECTION('',(0.384615384615,0.,-0.923076923077));
#3740 = ORIENTED_EDGE('',*,*,#3741,.F.);
#3741 = EDGE_CURVE('',#3742,#3733,#3744,.T.);
#3742 = VERTEX_POINT('',#3743);
#3743 = CARTESIAN_POINT('',(-17.33748888888,-2.379386271217,16.));
#3744 = CIRCLE('',#3745,2.469898783351);
#3745 = AXIS2_PLACEMENT_3D('',#3746,#3747,#3748);
#3746 = CARTESIAN_POINT('',(-18.,-1.7E-16,16.));
#3747 = DIRECTION('',(0.,0.,1.));
#3748 = DIRECTION('',(1.,0.,0.));
#3749 = ORIENTED_EDGE('',*,*,#3750,.F.);
#3750 = EDGE_CURVE('',#3751,#3742,#3753,.T.);
#3751 = VERTEX_POINT('',#3752);
#3752 = CARTESIAN_POINT('',(-17.33748888888,-2.379386271217,17.));
#3753 = B_SPLINE_CURVE_WITH_KNOTS('',4,(#3754,#3755,#3756,#3757,#3758,
    #3759,#3760,#3761),.UNSPECIFIED.,.F.,.F.,(5,3,5),(0.,0.638038636223,
    1.),.UNSPECIFIED.);
#3754 = CARTESIAN_POINT('',(-17.33749435476,-2.379346443529,
    17.000196732998));
#3755 = CARTESIAN_POINT('',(-17.33312045494,-2.411217575052,
    16.842798270416));
#3756 = CARTESIAN_POINT('',(-17.33050500743,-2.429693218744,
    16.682661552084));
#3757 = CARTESIAN_POINT('',(-17.32984242681,-2.434469403587,
    16.521469577845));
#3758 = CARTESIAN_POINT('',(-17.33178322661,-2.420602378072,
    16.270047677181));
#3759 = CARTESIAN_POINT('',(-17.33309731003,-2.411199330936,
    16.179290161164));
#3760 = CARTESIAN_POINT('',(-17.33501285189,-2.397428317303,
    16.089102234332));
#3761 = CARTESIAN_POINT('',(-17.33749435476,-2.379346443529,
    15.999803267002));
#3762 = ORIENTED_EDGE('',*,*,#3763,.F.);
#3763 = EDGE_CURVE('',#3764,#3751,#3766,.T.);
#3764 = VERTEX_POINT('',#3765);
#3765 = CARTESIAN_POINT('',(-18.96248888888,-1.193321054354,18.5));
#3766 = B_SPLINE_CURVE_WITH_KNOTS('',6,(#3767,#3768,#3769,#3770,#3771,
    #3772,#3773,#3774,#3775,#3776,#3777,#3778,#3779,#3780,#3781,#3782,
    #3783,#3784,#3785,#3786,#3787,#3788,#3789,#3790,#3791,#3792,#3793,
    #3794,#3795,#3796,#3797,#3798),.UNSPECIFIED.,.F.,.F.,(7,5,5,5,5,5,7)
  ,(0.,0.137173324045,0.290416639158,0.394691208633,0.515072079907,
    0.671377950752,1.),.UNSPECIFIED.);
#3767 = CARTESIAN_POINT('',(-18.96248888888,-1.193321054354,18.5));
#3768 = CARTESIAN_POINT('',(-18.93710032608,-1.250270908619,
    18.478238374736));
#3769 = CARTESIAN_POINT('',(-18.91034507267,-1.305991297172,
    18.45525118331));
#3770 = CARTESIAN_POINT('',(-18.88230481105,-1.360350748404,
    18.431096985489));
#3771 = CARTESIAN_POINT('',(-18.85306917994,-1.413242112781,
    18.405841125648));
#3772 = CARTESIAN_POINT('',(-18.82273062681,-1.464581119533,
    18.37955173275));
#3773 = CARTESIAN_POINT('',(-18.7563550496,-1.569853941297,
    18.321846639016));
#3774 = CARTESIAN_POINT('',(-18.72006687255,-1.623386973281,
    18.290191238416));
#3775 = CARTESIAN_POINT('',(-18.68263899249,-1.67481893128,
    18.25742153632));
#3776 = CARTESIAN_POINT('',(-18.64419208611,-1.724095390354,
    18.22362768119));
#3777 = CARTESIAN_POINT('',(-18.60483908162,-1.771186118732,
    18.188894473215));
#3778 = CARTESIAN_POINT('',(-18.53735538774,-1.846625730985,
    18.129076150955));
#3779 = CARTESIAN_POINT('',(-18.50965722808,-1.876154663862,
    18.104454841022));
#3780 = CARTESIAN_POINT('',(-18.48161863061,-1.904661774668,
    18.079458138023));
#3781 = CARTESIAN_POINT('',(-18.45326972526,-1.932145911266,
    18.054108800819));
#3782 = CARTESIAN_POINT('',(-18.42463865935,-1.958608391261,
    18.028428164653));
#3783 = CARTESIAN_POINT('',(-18.36240262605,-2.013427799941,
    17.972429376785));
#3784 = CARTESIAN_POINT('',(-18.3287126335,-2.041445492784,
    17.942007736457));
#3785 = CARTESIAN_POINT('',(-18.29472169495,-2.068111880715,
    17.91120170569));
#3786 = CARTESIAN_POINT('',(-18.26046689423,-2.093434503509,
    17.880039638401));
#3787 = CARTESIAN_POINT('',(-18.22598232401,-2.117422640516,
    17.848547756898));
#3788 = CARTESIAN_POINT('',(-18.14626540483,-2.169515748662,
    17.775463257293));
#3789 = CARTESIAN_POINT('',(-18.10089730961,-2.196712337977,
    17.733661401617));
#3790 = CARTESIAN_POINT('',(-18.05526260981,-2.221700481818,
    17.69139700012));
#3791 = CARTESIAN_POINT('',(-18.00942284528,-2.244504913888,
    17.648718300776));
#3792 = CARTESIAN_POINT('',(-17.96343344578,-2.26515050659,
    17.605669356835));
#3793 = CARTESIAN_POINT('',(-17.82044385773,-2.322578250267,
    17.471087965503));
#3794 = CARTESIAN_POINT('',(-17.72311059215,-2.352054368594,
    17.378434347691));
#3795 = CARTESIAN_POINT('',(-17.6257919367,-2.372318914341,
    17.284688352544));
#3796 = CARTESIAN_POINT('',(-17.52887156011,-2.383550749938,
    17.190174544539));
#3797 = CARTESIAN_POINT('',(-17.4326779221,-2.385887643331,
    17.095189033219));
#3798 = CARTESIAN_POINT('',(-17.33748888888,-2.379386271217,17.));
#3799 = ORIENTED_EDGE('',*,*,#3800,.F.);
#3800 = EDGE_CURVE('',#2868,#3764,#3801,.T.);
#3801 = CIRCLE('',#3802,1.533101431739);
#3802 = AXIS2_PLACEMENT_3D('',#3803,#3804,#3805);
#3803 = CARTESIAN_POINT('',(-18.,0.,18.5));
#3804 = DIRECTION('',(0.,0.,1.));
#3805 = DIRECTION('',(1.,0.,0.));
#3806 = ORIENTED_EDGE('',*,*,#2876,.T.);
#3807 = ORIENTED_EDGE('',*,*,#3696,.F.);
#3808 = ORIENTED_EDGE('',*,*,#3809,.F.);
#3809 = EDGE_CURVE('',#3810,#3686,#3812,.T.);
#3810 = VERTEX_POINT('',#3811);
#3811 = CARTESIAN_POINT('',(-17.33748888888,2.379386271217,17.));
#3812 = B_SPLINE_CURVE_WITH_KNOTS('',8,(#3813,#3814,#3815,#3816,#3817,
    #3818,#3819,#3820,#3821,#3822,#3823,#3824,#3825,#3826,#3827,#3828),
  .UNSPECIFIED.,.F.,.F.,(9,7,9),(0.,0.710549084479,1.),.UNSPECIFIED.);
#3813 = CARTESIAN_POINT('',(-17.33748888888,2.379386271217,17.));
#3814 = CARTESIAN_POINT('',(-17.49191979071,2.389933838776,
    17.154430901831));
#3815 = CARTESIAN_POINT('',(-17.64860529565,2.378308400027,
    17.30808796839));
#3816 = CARTESIAN_POINT('',(-17.80686542893,2.344460451506,
    17.460344381187));
#3817 = CARTESIAN_POINT('',(-17.96558535017,2.287673881802,
    17.61020673006));
#3818 = CARTESIAN_POINT('',(-18.12318735716,2.207082096493,
    17.756349067376));
#3819 = CARTESIAN_POINT('',(-18.2776025654,2.101793521262,
    17.897130652571));
#3820 = CARTESIAN_POINT('',(-18.42622921233,1.971123492812,
    18.030585689411));
#3821 = CARTESIAN_POINT('',(-18.62278907143,1.751008088384,
    18.204800150974));
#3822 = CARTESIAN_POINT('',(-18.67814409337,1.683083931475,
    18.253576087409));
#3823 = CARTESIAN_POINT('',(-18.73171294817,1.610979537697,
    18.300515516939));
#3824 = CARTESIAN_POINT('',(-18.78321700417,1.534777750621,
    18.345408649588));
#3825 = CARTESIAN_POINT('',(-18.8323537735,1.454627860141,
    18.388029363379));
#3826 = CARTESIAN_POINT('',(-18.87880971575,1.370763655244,
    18.428145699395));
#3827 = CARTESIAN_POINT('',(-18.92227893642,1.283517216707,
    18.465534326457));
#3828 = CARTESIAN_POINT('',(-18.96248888888,1.193321054354,18.5));
#3829 = ORIENTED_EDGE('',*,*,#3830,.F.);
#3830 = EDGE_CURVE('',#3831,#3810,#3833,.T.);
#3831 = VERTEX_POINT('',#3832);
#3832 = CARTESIAN_POINT('',(-17.33748888888,2.379386271217,16.));
#3833 = B_SPLINE_CURVE_WITH_KNOTS('',4,(#3834,#3835,#3836,#3837,#3838,
    #3839,#3840,#3841),.UNSPECIFIED.,.F.,.F.,(5,3,5),(0.,0.441254332465,
    1.),.UNSPECIFIED.);
#3834 = CARTESIAN_POINT('',(-17.33749435476,2.379346443529,
    15.999803267002));
#3835 = CARTESIAN_POINT('',(-17.33447174104,2.401371209442,
    16.108574563402));
#3836 = CARTESIAN_POINT('',(-17.33228879296,2.41700008703,
    16.218664628037));
#3837 = CARTESIAN_POINT('',(-17.33100980334,2.426129878599,
    16.32949677666));
#3838 = CARTESIAN_POINT('',(-17.33017815219,2.432064230995,
    16.581026130182));
#3839 = CARTESIAN_POINT('',(-17.33117474805,2.424946914932,
    16.721729782688));
#3840 = CARTESIAN_POINT('',(-17.33366754463,2.407231117188,
    16.862485752754));
#3841 = CARTESIAN_POINT('',(-17.33749435476,2.379346443529,
    17.000196732998));
#3842 = ORIENTED_EDGE('',*,*,#3843,.F.);
#3843 = EDGE_CURVE('',#3712,#3831,#3844,.T.);
#3844 = CIRCLE('',#3845,2.469898783351);
#3845 = AXIS2_PLACEMENT_3D('',#3846,#3847,#3848);
#3846 = CARTESIAN_POINT('',(-18.,-1.7E-16,16.));
#3847 = DIRECTION('',(0.,0.,1.));
#3848 = DIRECTION('',(1.,0.,0.));
#3849 = SPHERICAL_SURFACE('',#3850,2.52);
#3850 = AXIS2_PLACEMENT_3D('',#3851,#3852,#3853);
#3851 = CARTESIAN_POINT('',(-18.,0.,16.5));
#3852 = DIRECTION('',(0.,0.,1.));
#3853 = DIRECTION('',(1.,0.,0.));
#3854 = ADVANCED_FACE('',(#3855),#3875,.T.);
#3855 = FACE_BOUND('',#3856,.T.);
#3856 = EDGE_LOOP('',(#3857,#3866,#3873,#3874));
#3857 = ORIENTED_EDGE('',*,*,#3858,.F.);
#3858 = EDGE_CURVE('',#3859,#2856,#3861,.T.);
#3859 = VERTEX_POINT('',#3860);
#3860 = CARTESIAN_POINT('',(8.446051193051,-17.01952464801,18.5));
#3861 = CIRCLE('',#3862,1.533101431739);
#3862 = AXIS2_PLACEMENT_3D('',#3863,#3864,#3865);
#3863 = CARTESIAN_POINT('',(9.,-15.59,18.5));
#3864 = DIRECTION('',(0.,0.,1.));
#3865 = DIRECTION('',(1.,0.,0.));
#3866 = ORIENTED_EDGE('',*,*,#3867,.F.);
#3867 = EDGE_CURVE('',#3764,#3859,#3868,.T.);
#3868 = CIRCLE('',#3869,19.);
#3869 = AXIS2_PLACEMENT_3D('',#3870,#3871,#3872);
#3870 = CARTESIAN_POINT('',(-1.78E-15,5.33E-15,18.5));
#3871 = DIRECTION('',(0.,0.,1.));
#3872 = DIRECTION('',(1.,0.,0.));
#3873 = ORIENTED_EDGE('',*,*,#3800,.F.);
#3874 = ORIENTED_EDGE('',*,*,#2867,.T.);
#3875 = PLANE('',#3876);
#3876 = AXIS2_PLACEMENT_3D('',#3877,#3878,#3879);
#3877 = CARTESIAN_POINT('',(-1.96E-15,6.25E-15,18.5));
#3878 = DIRECTION('',(0.,0.,1.));
#3879 = DIRECTION('',(1.,0.,0.));
#3880 = ADVANCED_FACE('',(#3881),#4012,.F.);
#3881 = FACE_BOUND('',#3882,.F.);
#3882 = EDGE_LOOP('',(#3883,#3916,#3925,#3926,#3935,#3936,#3937,#3938,
    #3959,#3972,#3981,#3990,#3999));
#3883 = ORIENTED_EDGE('',*,*,#3884,.F.);
#3884 = EDGE_CURVE('',#3885,#3887,#3889,.T.);
#3885 = VERTEX_POINT('',#3886);
#3886 = CARTESIAN_POINT('',(10.666876024089,-15.59,18.389953523322));
#3887 = VERTEX_POINT('',#3888);
#3888 = CARTESIAN_POINT('',(10.728474957527,-13.82569437987,17.));
#3889 = B_SPLINE_CURVE_WITH_KNOTS('',5,(#3890,#3891,#3892,#3893,#3894,
    #3895,#3896,#3897,#3898,#3899,#3900,#3901,#3902,#3903,#3904,#3905,
    #3906,#3907,#3908,#3909,#3910,#3911,#3912,#3913,#3914,#3915),
  .UNSPECIFIED.,.F.,.F.,(6,4,4,4,4,4,6),(0.,0.139249914933,0.27604058251
    ,0.409034609197,0.527188297741,0.681000403427,1.),.UNSPECIFIED.);
#3890 = CARTESIAN_POINT('',(10.666876024089,-15.59,18.389953523322));
#3891 = CARTESIAN_POINT('',(10.699134938122,-15.53345443692,
    18.361502236187));
#3892 = CARTESIAN_POINT('',(10.729053011998,-15.47669209304,
    18.331777085651));
#3893 = CARTESIAN_POINT('',(10.756597983054,-15.41988824906,
    18.300878129456));
#3894 = CARTESIAN_POINT('',(10.781776440983,-15.36319434834,
    18.268905682469));
#3895 = CARTESIAN_POINT('',(10.827051199847,-15.25127159696,
    18.203576972269));
#3896 = CARTESIAN_POINT('',(10.847229173231,-15.19603512517,
    18.170255451634));
#3897 = CARTESIAN_POINT('',(10.865175572728,-15.14114212377,
    18.136071440607));
#3898 = CARTESIAN_POINT('',(10.88093347675,-15.08668916587,
    18.101104321318));
#3899 = CARTESIAN_POINT('',(10.907791983646,-14.98031571251,
    18.030732936519));
#3900 = CARTESIAN_POINT('',(10.919009321423,-14.92836757473,
    17.995368092908));
#3901 = CARTESIAN_POINT('',(10.928249767699,-14.87698059929,
    17.959392976118));
#3902 = CARTESIAN_POINT('',(10.935561143996,-14.82621410568,
    17.922864981126));
#3903 = CARTESIAN_POINT('',(10.945818842071,-14.73160754403,
    17.85293679431));
#3904 = CARTESIAN_POINT('',(10.949160919678,-14.68762709314,
    17.819642570851));
#3905 = CARTESIAN_POINT('',(10.951053682753,-14.64420790164,
    17.785987761504));
#3906 = CARTESIAN_POINT('',(10.951530352142,-14.60137894079,
    17.752004723164));
#3907 = CARTESIAN_POINT('',(10.949441758229,-14.50421003075,
    17.67309422547));
#3908 = CARTESIAN_POINT('',(10.945914833539,-14.45029762186,
    17.627959346508));
#3909 = CARTESIAN_POINT('',(10.940112790103,-14.397480791,
    17.582381981206));
#3910 = CARTESIAN_POINT('',(10.932100047073,-14.34580557895,
    17.536419804514));
#3911 = CARTESIAN_POINT('',(10.90085269108,-14.19058627414,
    17.394108959821));
#3912 = CARTESIAN_POINT('',(10.87051350995,-14.09094560219,
    17.296665671752));
#3913 = CARTESIAN_POINT('',(10.831430396031,-13.99672472952,
    17.198241345432));
#3914 = CARTESIAN_POINT('',(10.783999497151,-13.90821374576,
    17.099233209494));
#3915 = CARTESIAN_POINT('',(10.728474957527,-13.82569437987,17.));
#3916 = ORIENTED_EDGE('',*,*,#3917,.F.);
#3917 = EDGE_CURVE('',#3918,#3885,#3920,.T.);
#3918 = VERTEX_POINT('',#3919);
#3919 = CARTESIAN_POINT('',(9.,-15.59,13.98));
#3920 = CIRCLE('',#3921,2.52);
#3921 = AXIS2_PLACEMENT_3D('',#3922,#3923,#3924);
#3922 = CARTESIAN_POINT('',(9.,-15.59,16.5));
#3923 = DIRECTION('',(-2.4E-16,-1.,0.));
#3924 = DIRECTION('',(1.,-2.4E-16,0.));
#3925 = ORIENTED_EDGE('',*,*,#3917,.T.);
#3926 = ORIENTED_EDGE('',*,*,#3927,.F.);
#3927 = EDGE_CURVE('',#3504,#3885,#3928,.T.);
#3928 = B_SPLINE_CURVE_WITH_KNOTS('',5,(#3929,#3930,#3931,#3932,#3933,
    #3934),.UNSPECIFIED.,.F.,.F.,(6,6),(0.,1.),
  .PIECEWISE_BEZIER_KNOTS.);
#3929 = CARTESIAN_POINT('',(10.514958916251,-15.82515841909,18.5));
#3930 = CARTESIAN_POINT('',(10.548511118457,-15.77888346249,
    18.480025868874));
#3931 = CARTESIAN_POINT('',(10.58053172918,-15.73211166901,
    18.458979004637));
#3932 = CARTESIAN_POINT('',(10.610955885322,-15.68496459938,
    18.436911641067));
#3933 = CARTESIAN_POINT('',(10.639743913377,-15.63755896233,
    18.413883140781));
#3934 = CARTESIAN_POINT('',(10.666876024089,-15.59,18.389953523322));
#3935 = ORIENTED_EDGE('',*,*,#3512,.F.);
#3936 = ORIENTED_EDGE('',*,*,#2855,.T.);
#3937 = ORIENTED_EDGE('',*,*,#3858,.F.);
#3938 = ORIENTED_EDGE('',*,*,#3939,.F.);
#3939 = EDGE_CURVE('',#3940,#3859,#3942,.T.);
#3940 = VERTEX_POINT('',#3941);
#3941 = CARTESIAN_POINT('',(6.60777635825,-16.20454539934,17.));
#3942 = B_SPLINE_CURVE_WITH_KNOTS('',8,(#3943,#3944,#3945,#3946,#3947,
    #3948,#3949,#3950,#3951,#3952,#3953,#3954,#3955,#3956,#3957,#3958),
  .UNSPECIFIED.,.F.,.F.,(9,7,9),(0.,0.71101070566,1.),.UNSPECIFIED.);
#3943 = CARTESIAN_POINT('',(6.60777635825,-16.20454539934,
    17.000000000001));
#3944 = CARTESIAN_POINT('',(6.67580299685,-16.3436520628,17.154495146155
    ));
#3945 = CARTESIAN_POINT('',(6.764178930022,-16.47361980074,
    17.308218656035));
#3946 = CARTESIAN_POINT('',(6.872605748924,-16.59383534645,
    17.46054319566));
#3947 = CARTESIAN_POINT('',(7.001146296834,-16.70297410398,17.6104743275
    ));
#3948 = CARTESIAN_POINT('',(7.149762379561,-16.79923461544,
    17.756684610569));
#3949 = CARTESIAN_POINT('',(7.31819171242,-16.880376812,17.897531363458)
  );
#3950 = CARTESIAN_POINT('',(7.50572596032,-16.94380185639,
    18.031046344929));
#3951 = CARTESIAN_POINT('',(7.794548028185,-17.00397052913,
    18.205220053894));
#3952 = CARTESIAN_POINT('',(7.880881731107,-17.01793215826,
    18.253909628343));
#3953 = CARTESIAN_POINT('',(7.969932960951,-17.02827035557,
    18.300769539562));
#3954 = CARTESIAN_POINT('',(8.061491856031,-17.03478632243,
    18.345591147163));
#3955 = CARTESIAN_POINT('',(8.155279536506,-17.03729371232,
    18.38814956161));
#3956 = CARTESIAN_POINT('',(8.250938921879,-17.03563857672,
    18.428214044042));
#3957 = CARTESIAN_POINT('',(8.348032107298,-17.02972227376,
    18.465562343511));
#3958 = CARTESIAN_POINT('',(8.446051193051,-17.01952464801,18.5));
#3959 = ORIENTED_EDGE('',*,*,#3960,.F.);
#3960 = EDGE_CURVE('',#3961,#3940,#3963,.T.);
#3961 = VERTEX_POINT('',#3962);
#3962 = CARTESIAN_POINT('',(6.60777635825,-16.20454539934,16.));
#3963 = B_SPLINE_CURVE_WITH_KNOTS('',4,(#3964,#3965,#3966,#3967,#3968,
    #3969,#3970,#3971),.UNSPECIFIED.,.F.,.F.,(5,3,5),(0.,0.440873310332,
    1.),.UNSPECIFIED.);
#3964 = CARTESIAN_POINT('',(6.607813586165,-16.20453021875,
    15.999803267002));
#3965 = CARTESIAN_POINT('',(6.587107041794,-16.21297384429,
    16.10920577518));
#3966 = CARTESIAN_POINT('',(6.572543471005,-16.21887144959,
    16.219338354723));
#3967 = CARTESIAN_POINT('',(6.564044573282,-16.22230950845,
    16.329861741049));
#3968 = CARTESIAN_POINT('',(6.558501835912,-16.22455129869,
    16.580746679522));
#3969 = CARTESIAN_POINT('',(6.565138868348,-16.2218659805,
    16.721115012003));
#3970 = CARTESIAN_POINT('',(6.581555035226,-16.21523781763,
    16.861460337279));
#3971 = CARTESIAN_POINT('',(6.607813586165,-16.20453021875,
    17.000196732998));
#3972 = ORIENTED_EDGE('',*,*,#3973,.F.);
#3973 = EDGE_CURVE('',#3974,#3961,#3976,.T.);
#3974 = VERTEX_POINT('',#3975);
#3975 = CARTESIAN_POINT('',(6.554805674056,-15.93846048322,16.));
#3976 = CIRCLE('',#3977,2.469898783351);
#3977 = AXIS2_PLACEMENT_3D('',#3978,#3979,#3980);
#3978 = CARTESIAN_POINT('',(9.,-15.59,16.));
#3979 = DIRECTION('',(0.,0.,1.));
#3980 = DIRECTION('',(1.,0.,0.));
#3981 = ORIENTED_EDGE('',*,*,#3982,.T.);
#3982 = EDGE_CURVE('',#3974,#3983,#3985,.T.);
#3983 = VERTEX_POINT('',#3984);
#3984 = CARTESIAN_POINT('',(10.524539336762,-13.64676048551,16.));
#3985 = CIRCLE('',#3986,2.432682906218);
#3986 = AXIS2_PLACEMENT_3D('',#3987,#3988,#3989);
#3987 = CARTESIAN_POINT('',(8.696505846335,-15.0642806827,
    16.752911794721));
#3988 = DIRECTION('',(0.461509272986,-0.799436618428,-0.384591060822));
#3989 = DIRECTION('',(0.866046828231,0.499962889934,9.370301683514E-18)
  );
#3990 = ORIENTED_EDGE('',*,*,#3991,.F.);
#3991 = EDGE_CURVE('',#3992,#3983,#3994,.T.);
#3992 = VERTEX_POINT('',#3993);
#3993 = CARTESIAN_POINT('',(10.728474957527,-13.82569437987,16.));
#3994 = CIRCLE('',#3995,2.469898783351);
#3995 = AXIS2_PLACEMENT_3D('',#3996,#3997,#3998);
#3996 = CARTESIAN_POINT('',(9.,-15.59,16.));
#3997 = DIRECTION('',(0.,0.,1.));
#3998 = DIRECTION('',(1.,0.,0.));
#3999 = ORIENTED_EDGE('',*,*,#4000,.F.);
#4000 = EDGE_CURVE('',#3887,#3992,#4001,.T.);
#4001 = B_SPLINE_CURVE_WITH_KNOTS('',5,(#4002,#4003,#4004,#4005,#4006,
    #4007,#4008,#4009,#4010,#4011),.UNSPECIFIED.,.F.,.F.,(6,4,6),(0.,
    0.426305760813,1.),.UNSPECIFIED.);
#4002 = CARTESIAN_POINT('',(10.728443194681,-13.82571902717,
    17.000196732998));
#4003 = CARTESIAN_POINT('',(10.742115643627,-13.81510951807,
    16.915529633874));
#4004 = CARTESIAN_POINT('',(10.752825241684,-13.80677208155,16.830452186
    ));
#4005 = CARTESIAN_POINT('',(10.760613268183,-13.80069785282,
    16.745088110357));
#4006 = CARTESIAN_POINT('',(10.76550334606,-13.7968816814,16.65955402536
    ));
#4007 = CARTESIAN_POINT('',(10.770190347685,-13.79322339083,
    16.458771895796));
#4008 = CARTESIAN_POINT('',(10.767641432305,-13.79521184928,
    16.34350153532));
#4009 = CARTESIAN_POINT('',(10.759873118255,-13.80128111967,
    16.228394964633));
#4010 = CARTESIAN_POINT('',(10.746840101631,-13.81144344622,
    16.113726730927));
#4011 = CARTESIAN_POINT('',(10.728443194681,-13.82571902717,
    15.999803267002));
#4012 = SPHERICAL_SURFACE('',#4013,2.52);
#4013 = AXIS2_PLACEMENT_3D('',#4014,#4015,#4016);
#4014 = CARTESIAN_POINT('',(9.,-15.59,16.5));
#4015 = DIRECTION('',(0.,0.,1.));
#4016 = DIRECTION('',(1.,0.,0.));
#4017 = ADVANCED_FACE('',(#4018,#4021),#4032,.F.);
#4018 = FACE_BOUND('',#4019,.F.);
#4019 = EDGE_LOOP('',(#4020));
#4020 = ORIENTED_EDGE('',*,*,#2993,.F.);
#4021 = FACE_BOUND('',#4022,.F.);
#4022 = EDGE_LOOP('',(#4023));
#4023 = ORIENTED_EDGE('',*,*,#4024,.T.);
#4024 = EDGE_CURVE('',#4025,#4025,#4027,.T.);
#4025 = VERTEX_POINT('',#4026);
#4026 = CARTESIAN_POINT('',(-11.15,-8.75,1.6));
#4027 = CIRCLE('',#4028,1.6);
#4028 = AXIS2_PLACEMENT_3D('',#4029,#4030,#4031);
#4029 = CARTESIAN_POINT('',(-12.75,-8.75,1.6));
#4030 = DIRECTION('',(0.,0.,-1.));
#4031 = DIRECTION('',(1.,0.,0.));
#4032 = PLANE('',#4033);
#4033 = AXIS2_PLACEMENT_3D('',#4034,#4035,#4036);
#4034 = CARTESIAN_POINT('',(6.E-16,3.39E-15,1.6));
#4035 = DIRECTION('',(0.,0.,1.));
#4036 = DIRECTION('',(1.,0.,0.));
#4037 = ADVANCED_FACE('',(#4038,#4041),#4052,.F.);
#4038 = FACE_BOUND('',#4039,.F.);
#4039 = EDGE_LOOP('',(#4040));
#4040 = ORIENTED_EDGE('',*,*,#3018,.F.);
#4041 = FACE_BOUND('',#4042,.F.);
#4042 = EDGE_LOOP('',(#4043));
#4043 = ORIENTED_EDGE('',*,*,#4044,.T.);
#4044 = EDGE_CURVE('',#4045,#4045,#4047,.T.);
#4045 = VERTEX_POINT('',#4046);
#4046 = CARTESIAN_POINT('',(14.35,-8.75,1.6));
#4047 = CIRCLE('',#4048,1.6);
#4048 = AXIS2_PLACEMENT_3D('',#4049,#4050,#4051);
#4049 = CARTESIAN_POINT('',(12.75,-8.75,1.6));
#4050 = DIRECTION('',(0.,0.,-1.));
#4051 = DIRECTION('',(1.,0.,0.));
#4052 = PLANE('',#4053);
#4053 = AXIS2_PLACEMENT_3D('',#4054,#4055,#4056);
#4054 = CARTESIAN_POINT('',(6.E-16,3.39E-15,1.6));
#4055 = DIRECTION('',(0.,0.,1.));
#4056 = DIRECTION('',(1.,0.,0.));
#4057 = ADVANCED_FACE('',(#4058,#4061),#4072,.F.);
#4058 = FACE_BOUND('',#4059,.F.);
#4059 = EDGE_LOOP('',(#4060));
#4060 = ORIENTED_EDGE('',*,*,#3043,.F.);
#4061 = FACE_BOUND('',#4062,.F.);
#4062 = EDGE_LOOP('',(#4063));
#4063 = ORIENTED_EDGE('',*,*,#4064,.T.);
#4064 = EDGE_CURVE('',#4065,#4065,#4067,.T.);
#4065 = VERTEX_POINT('',#4066);
#4066 = CARTESIAN_POINT('',(-11.15,8.75,1.6));
#4067 = CIRCLE('',#4068,1.6);
#4068 = AXIS2_PLACEMENT_3D('',#4069,#4070,#4071);
#4069 = CARTESIAN_POINT('',(-12.75,8.75,1.6));
#4070 = DIRECTION('',(0.,0.,-1.));
#4071 = DIRECTION('',(1.,0.,0.));
#4072 = PLANE('',#4073);
#4073 = AXIS2_PLACEMENT_3D('',#4074,#4075,#4076);
#4074 = CARTESIAN_POINT('',(6.E-16,3.39E-15,1.6));
#4075 = DIRECTION('',(0.,0.,1.));
#4076 = DIRECTION('',(1.,0.,0.));
#4077 = ADVANCED_FACE('',(#4078),#4131,.F.);
#4078 = FACE_BOUND('',#4079,.F.);
#4079 = EDGE_LOOP('',(#4080,#4081,#4090,#4097,#4098,#4105,#4106,#4107,
    #4114,#4115,#4122,#4123,#4124,#4125,#4126,#4127,#4128,#4129,#4130));
#4080 = ORIENTED_EDGE('',*,*,#3218,.T.);
#4081 = ORIENTED_EDGE('',*,*,#4082,.T.);
#4082 = EDGE_CURVE('',#3210,#4083,#4085,.T.);
#4083 = VERTEX_POINT('',#4084);
#4084 = CARTESIAN_POINT('',(17.233687939614,-4.E-15,16.));
#4085 = CIRCLE('',#4086,19.);
#4086 = AXIS2_PLACEMENT_3D('',#4087,#4088,#4089);
#4087 = CARTESIAN_POINT('',(0.,0.,24.));
#4088 = DIRECTION('',(-2.4E-16,-1.,0.));
#4089 = DIRECTION('',(1.,-2.4E-16,0.));
#4090 = ORIENTED_EDGE('',*,*,#4091,.F.);
#4091 = EDGE_CURVE('',#3983,#4083,#4092,.T.);
#4092 = CIRCLE('',#4093,17.233687939614);
#4093 = AXIS2_PLACEMENT_3D('',#4094,#4095,#4096);
#4094 = CARTESIAN_POINT('',(8.9E-16,-2.66E-15,16.));
#4095 = DIRECTION('',(0.,0.,1.));
#4096 = DIRECTION('',(1.,0.,0.));
#4097 = ORIENTED_EDGE('',*,*,#3982,.F.);
#4098 = ORIENTED_EDGE('',*,*,#4099,.F.);
#4099 = EDGE_CURVE('',#3733,#3974,#4100,.T.);
#4100 = CIRCLE('',#4101,17.233687939614);
#4101 = AXIS2_PLACEMENT_3D('',#4102,#4103,#4104);
#4102 = CARTESIAN_POINT('',(8.9E-16,-2.66E-15,16.));
#4103 = DIRECTION('',(0.,0.,1.));
#4104 = DIRECTION('',(1.,0.,0.));
#4105 = ORIENTED_EDGE('',*,*,#3732,.F.);
#4106 = ORIENTED_EDGE('',*,*,#3711,.F.);
#4107 = ORIENTED_EDGE('',*,*,#4108,.F.);
#4108 = EDGE_CURVE('',#3599,#3712,#4109,.T.);
#4109 = CIRCLE('',#4110,17.233687939614);
#4110 = AXIS2_PLACEMENT_3D('',#4111,#4112,#4113);
#4111 = CARTESIAN_POINT('',(8.9E-16,-2.66E-15,16.));
#4112 = DIRECTION('',(0.,0.,1.));
#4113 = DIRECTION('',(1.,0.,0.));
#4114 = ORIENTED_EDGE('',*,*,#3598,.F.);
#4115 = ORIENTED_EDGE('',*,*,#4116,.F.);
#4116 = EDGE_CURVE('',#4083,#3590,#4117,.T.);
#4117 = CIRCLE('',#4118,17.233687939614);
#4118 = AXIS2_PLACEMENT_3D('',#4119,#4120,#4121);
#4119 = CARTESIAN_POINT('',(8.9E-16,-2.66E-15,16.));
#4120 = DIRECTION('',(0.,0.,1.));
#4121 = DIRECTION('',(1.,0.,0.));
#4122 = ORIENTED_EDGE('',*,*,#4082,.F.);
#4123 = ORIENTED_EDGE('',*,*,#3209,.T.);
#4124 = ORIENTED_EDGE('',*,*,#3243,.F.);
#4125 = ORIENTED_EDGE('',*,*,#3294,.T.);
#4126 = ORIENTED_EDGE('',*,*,#3319,.F.);
#4127 = ORIENTED_EDGE('',*,*,#3359,.T.);
#4128 = ORIENTED_EDGE('',*,*,#3077,.F.);
#4129 = ORIENTED_EDGE('',*,*,#3131,.T.);
#4130 = ORIENTED_EDGE('',*,*,#3156,.F.);
#4131 = SPHERICAL_SURFACE('',#4132,19.);
#4132 = AXIS2_PLACEMENT_3D('',#4133,#4134,#4135);
#4133 = CARTESIAN_POINT('',(0.,0.,24.));
#4134 = DIRECTION('',(0.,0.,1.));
#4135 = DIRECTION('',(1.,0.,0.));
#4136 = ADVANCED_FACE('',(#4137,#4140),#4151,.F.);
#4137 = FACE_BOUND('',#4138,.F.);
#4138 = EDGE_LOOP('',(#4139));
#4139 = ORIENTED_EDGE('',*,*,#3375,.F.);
#4140 = FACE_BOUND('',#4141,.F.);
#4141 = EDGE_LOOP('',(#4142));
#4142 = ORIENTED_EDGE('',*,*,#4143,.T.);
#4143 = EDGE_CURVE('',#4144,#4144,#4146,.T.);
#4144 = VERTEX_POINT('',#4145);
#4145 = CARTESIAN_POINT('',(14.35,8.75,1.6));
#4146 = CIRCLE('',#4147,1.6);
#4147 = AXIS2_PLACEMENT_3D('',#4148,#4149,#4150);
#4148 = CARTESIAN_POINT('',(12.75,8.75,1.6));
#4149 = DIRECTION('',(0.,0.,-1.));
#4150 = DIRECTION('',(1.,0.,0.));
#4151 = PLANE('',#4152);
#4152 = AXIS2_PLACEMENT_3D('',#4153,#4154,#4155);
#4153 = CARTESIAN_POINT('',(6.E-16,3.39E-15,1.6));
#4154 = DIRECTION('',(0.,0.,1.));
#4155 = DIRECTION('',(1.,0.,0.));
#4156 = ADVANCED_FACE('',(#4157),#4160,.T.);
#4157 = FACE_BOUND('',#4158,.T.);
#4158 = EDGE_LOOP('',(#4159));
#4159 = ORIENTED_EDGE('',*,*,#3437,.T.);
#4160 = PLANE('',#4161);
#4161 = AXIS2_PLACEMENT_3D('',#4162,#4163,#4164);
#4162 = CARTESIAN_POINT('',(1.190496981141E-02,-22.91058688256,
    7.786907287572));
#4163 = DIRECTION('',(0.,-0.342020143326,0.939692620786));
#4164 = DIRECTION('',(0.,0.939692620786,0.342020143326));
#4165 = ADVANCED_FACE('',(#4166),#4169,.T.);
#4166 = FACE_BOUND('',#4167,.T.);
#4167 = EDGE_LOOP('',(#4168));
#4168 = ORIENTED_EDGE('',*,*,#3462,.T.);
#4169 = PLANE('',#4170);
#4170 = AXIS2_PLACEMENT_3D('',#4171,#4172,#4173);
#4171 = CARTESIAN_POINT('',(1.190496981141E-02,-22.91058688256,
    7.786907287572));
#4172 = DIRECTION('',(0.,-0.342020143326,0.939692620786));
#4173 = DIRECTION('',(0.,0.939692620786,0.342020143326));
#4174 = ADVANCED_FACE('',(#4175),#4195,.F.);
#4175 = FACE_BOUND('',#4176,.T.);
#4176 = EDGE_LOOP('',(#4177,#4185,#4186,#4187,#4188));
#4177 = ORIENTED_EDGE('',*,*,#4178,.F.);
#4178 = EDGE_CURVE('',#3493,#4179,#4181,.T.);
#4179 = VERTEX_POINT('',#4180);
#4180 = CARTESIAN_POINT('',(17.5,5.E-15,17.));
#4181 = LINE('',#4182,#4183);
#4182 = CARTESIAN_POINT('',(17.5,5.33E-15,17.));
#4183 = VECTOR('',#4184,1.);
#4184 = DIRECTION('',(-0.707106781187,-0.,-0.707106781187));
#4185 = ORIENTED_EDGE('',*,*,#3492,.T.);
#4186 = ORIENTED_EDGE('',*,*,#3536,.F.);
#4187 = ORIENTED_EDGE('',*,*,#3557,.F.);
#4188 = ORIENTED_EDGE('',*,*,#4189,.F.);
#4189 = EDGE_CURVE('',#4179,#3558,#4190,.T.);
#4190 = CIRCLE('',#4191,17.5);
#4191 = AXIS2_PLACEMENT_3D('',#4192,#4193,#4194);
#4192 = CARTESIAN_POINT('',(-1.78E-15,5.33E-15,17.));
#4193 = DIRECTION('',(0.,0.,1.));
#4194 = DIRECTION('',(1.,0.,0.));
#4195 = CONICAL_SURFACE('',#4196,17.5,0.785398163397);
#4196 = AXIS2_PLACEMENT_3D('',#4197,#4198,#4199);
#4197 = CARTESIAN_POINT('',(-1.78E-15,5.33E-15,17.));
#4198 = DIRECTION('',(0.,0.,1.));
#4199 = DIRECTION('',(1.,0.,0.));
#4200 = ADVANCED_FACE('',(#4201),#4214,.F.);
#4201 = FACE_BOUND('',#4202,.T.);
#4202 = EDGE_LOOP('',(#4203,#4204,#4205,#4212,#4213));
#4203 = ORIENTED_EDGE('',*,*,#3503,.T.);
#4204 = ORIENTED_EDGE('',*,*,#4178,.T.);
#4205 = ORIENTED_EDGE('',*,*,#4206,.F.);
#4206 = EDGE_CURVE('',#3887,#4179,#4207,.T.);
#4207 = CIRCLE('',#4208,17.5);
#4208 = AXIS2_PLACEMENT_3D('',#4209,#4210,#4211);
#4209 = CARTESIAN_POINT('',(-1.78E-15,5.33E-15,17.));
#4210 = DIRECTION('',(0.,0.,1.));
#4211 = DIRECTION('',(1.,0.,0.));
#4212 = ORIENTED_EDGE('',*,*,#3884,.F.);
#4213 = ORIENTED_EDGE('',*,*,#3927,.F.);
#4214 = CONICAL_SURFACE('',#4215,17.5,0.785398163397);
#4215 = AXIS2_PLACEMENT_3D('',#4216,#4217,#4218);
#4216 = CARTESIAN_POINT('',(-1.78E-15,5.33E-15,17.));
#4217 = DIRECTION('',(0.,0.,1.));
#4218 = DIRECTION('',(1.,0.,0.));
#4219 = ADVANCED_FACE('',(#4220),#4232,.F.);
#4220 = FACE_BOUND('',#4221,.T.);
#4221 = EDGE_LOOP('',(#4222,#4223,#4224,#4225));
#4222 = ORIENTED_EDGE('',*,*,#3631,.F.);
#4223 = ORIENTED_EDGE('',*,*,#3685,.T.);
#4224 = ORIENTED_EDGE('',*,*,#3809,.F.);
#4225 = ORIENTED_EDGE('',*,*,#4226,.F.);
#4226 = EDGE_CURVE('',#3617,#3810,#4227,.T.);
#4227 = CIRCLE('',#4228,17.5);
#4228 = AXIS2_PLACEMENT_3D('',#4229,#4230,#4231);
#4229 = CARTESIAN_POINT('',(-1.78E-15,5.33E-15,17.));
#4230 = DIRECTION('',(0.,0.,1.));
#4231 = DIRECTION('',(1.,0.,0.));
#4232 = CONICAL_SURFACE('',#4233,17.5,0.785398163397);
#4233 = AXIS2_PLACEMENT_3D('',#4234,#4235,#4236);
#4234 = CARTESIAN_POINT('',(-1.78E-15,5.33E-15,17.));
#4235 = DIRECTION('',(0.,0.,1.));
#4236 = DIRECTION('',(1.,0.,0.));
#4237 = ADVANCED_FACE('',(#4238),#4250,.F.);
#4238 = FACE_BOUND('',#4239,.T.);
#4239 = EDGE_LOOP('',(#4240,#4241,#4242,#4243));
#4240 = ORIENTED_EDGE('',*,*,#3616,.F.);
#4241 = ORIENTED_EDGE('',*,*,#4226,.T.);
#4242 = ORIENTED_EDGE('',*,*,#3830,.F.);
#4243 = ORIENTED_EDGE('',*,*,#4244,.T.);
#4244 = EDGE_CURVE('',#3831,#3608,#4245,.T.);
#4245 = CIRCLE('',#4246,17.5);
#4246 = AXIS2_PLACEMENT_3D('',#4247,#4248,#4249);
#4247 = CARTESIAN_POINT('',(-1.78E-15,5.33E-15,16.));
#4248 = DIRECTION('',(0.,0.,-1.));
#4249 = DIRECTION('',(1.,0.,0.));
#4250 = CYLINDRICAL_SURFACE('',#4251,17.5);
#4251 = AXIS2_PLACEMENT_3D('',#4252,#4253,#4254);
#4252 = CARTESIAN_POINT('',(-1.78E-15,5.33E-15,13.));
#4253 = DIRECTION('',(-0.,-0.,-1.));
#4254 = DIRECTION('',(1.,0.,0.));
#4255 = ADVANCED_FACE('',(#4256),#4262,.T.);
#4256 = FACE_BOUND('',#4257,.T.);
#4257 = EDGE_LOOP('',(#4258,#4259,#4260,#4261));
#4258 = ORIENTED_EDGE('',*,*,#3607,.F.);
#4259 = ORIENTED_EDGE('',*,*,#4244,.F.);
#4260 = ORIENTED_EDGE('',*,*,#3843,.F.);
#4261 = ORIENTED_EDGE('',*,*,#4108,.F.);
#4262 = PLANE('',#4263);
#4263 = AXIS2_PLACEMENT_3D('',#4264,#4265,#4266);
#4264 = CARTESIAN_POINT('',(-28.,-23.,16.));
#4265 = DIRECTION('',(0.,2.2E-16,1.));
#4266 = DIRECTION('',(0.,1.,-2.2E-16));
#4267 = ADVANCED_FACE('',(#4268),#4290,.T.);
#4268 = FACE_BOUND('',#4269,.T.);
#4269 = EDGE_LOOP('',(#4270,#4279,#4286,#4287,#4288,#4289));
#4270 = ORIENTED_EDGE('',*,*,#4271,.F.);
#4271 = EDGE_CURVE('',#4272,#3992,#4274,.T.);
#4272 = VERTEX_POINT('',#4273);
#4273 = CARTESIAN_POINT('',(17.5,5.E-15,16.));
#4274 = CIRCLE('',#4275,17.5);
#4275 = AXIS2_PLACEMENT_3D('',#4276,#4277,#4278);
#4276 = CARTESIAN_POINT('',(-1.78E-15,5.33E-15,16.));
#4277 = DIRECTION('',(0.,0.,-1.));
#4278 = DIRECTION('',(1.,0.,0.));
#4279 = ORIENTED_EDGE('',*,*,#4280,.F.);
#4280 = EDGE_CURVE('',#3577,#4272,#4281,.T.);
#4281 = CIRCLE('',#4282,17.5);
#4282 = AXIS2_PLACEMENT_3D('',#4283,#4284,#4285);
#4283 = CARTESIAN_POINT('',(-1.78E-15,5.33E-15,16.));
#4284 = DIRECTION('',(0.,0.,-1.));
#4285 = DIRECTION('',(1.,0.,0.));
#4286 = ORIENTED_EDGE('',*,*,#3589,.F.);
#4287 = ORIENTED_EDGE('',*,*,#4116,.F.);
#4288 = ORIENTED_EDGE('',*,*,#4091,.F.);
#4289 = ORIENTED_EDGE('',*,*,#3991,.F.);
#4290 = PLANE('',#4291);
#4291 = AXIS2_PLACEMENT_3D('',#4292,#4293,#4294);
#4292 = CARTESIAN_POINT('',(-28.,-23.,16.));
#4293 = DIRECTION('',(0.,2.2E-16,1.));
#4294 = DIRECTION('',(0.,1.,-2.2E-16));
#4295 = ADVANCED_FACE('',(#4296),#4304,.F.);
#4296 = FACE_BOUND('',#4297,.T.);
#4297 = EDGE_LOOP('',(#4298,#4299,#4300,#4301,#4302,#4303));
#4298 = ORIENTED_EDGE('',*,*,#4271,.T.);
#4299 = ORIENTED_EDGE('',*,*,#4000,.F.);
#4300 = ORIENTED_EDGE('',*,*,#4206,.T.);
#4301 = ORIENTED_EDGE('',*,*,#4189,.T.);
#4302 = ORIENTED_EDGE('',*,*,#3576,.F.);
#4303 = ORIENTED_EDGE('',*,*,#4280,.T.);
#4304 = CYLINDRICAL_SURFACE('',#4305,17.5);
#4305 = AXIS2_PLACEMENT_3D('',#4306,#4307,#4308);
#4306 = CARTESIAN_POINT('',(-1.78E-15,5.33E-15,13.));
#4307 = DIRECTION('',(-0.,-0.,-1.));
#4308 = DIRECTION('',(1.,0.,0.));
#4309 = ADVANCED_FACE('',(#4310),#4322,.F.);
#4310 = FACE_BOUND('',#4311,.T.);
#4311 = EDGE_LOOP('',(#4312,#4313,#4314,#4321));
#4312 = ORIENTED_EDGE('',*,*,#3867,.T.);
#4313 = ORIENTED_EDGE('',*,*,#3939,.F.);
#4314 = ORIENTED_EDGE('',*,*,#4315,.F.);
#4315 = EDGE_CURVE('',#3751,#3940,#4316,.T.);
#4316 = CIRCLE('',#4317,17.5);
#4317 = AXIS2_PLACEMENT_3D('',#4318,#4319,#4320);
#4318 = CARTESIAN_POINT('',(-1.78E-15,5.33E-15,17.));
#4319 = DIRECTION('',(0.,0.,1.));
#4320 = DIRECTION('',(1.,0.,0.));
#4321 = ORIENTED_EDGE('',*,*,#3763,.F.);
#4322 = CONICAL_SURFACE('',#4323,17.5,0.785398163397);
#4323 = AXIS2_PLACEMENT_3D('',#4324,#4325,#4326);
#4324 = CARTESIAN_POINT('',(-1.78E-15,5.33E-15,17.));
#4325 = DIRECTION('',(0.,0.,1.));
#4326 = DIRECTION('',(1.,0.,0.));
#4327 = ADVANCED_FACE('',(#4328),#4340,.F.);
#4328 = FACE_BOUND('',#4329,.T.);
#4329 = EDGE_LOOP('',(#4330,#4331,#4332,#4339));
#4330 = ORIENTED_EDGE('',*,*,#4315,.T.);
#4331 = ORIENTED_EDGE('',*,*,#3960,.F.);
#4332 = ORIENTED_EDGE('',*,*,#4333,.T.);
#4333 = EDGE_CURVE('',#3961,#3742,#4334,.T.);
#4334 = CIRCLE('',#4335,17.5);
#4335 = AXIS2_PLACEMENT_3D('',#4336,#4337,#4338);
#4336 = CARTESIAN_POINT('',(-1.78E-15,5.33E-15,16.));
#4337 = DIRECTION('',(0.,0.,-1.));
#4338 = DIRECTION('',(1.,0.,0.));
#4339 = ORIENTED_EDGE('',*,*,#3750,.F.);
#4340 = CYLINDRICAL_SURFACE('',#4341,17.5);
#4341 = AXIS2_PLACEMENT_3D('',#4342,#4343,#4344);
#4342 = CARTESIAN_POINT('',(-1.78E-15,5.33E-15,13.));
#4343 = DIRECTION('',(-0.,-0.,-1.));
#4344 = DIRECTION('',(1.,0.,0.));
#4345 = ADVANCED_FACE('',(#4346),#4352,.T.);
#4346 = FACE_BOUND('',#4347,.T.);
#4347 = EDGE_LOOP('',(#4348,#4349,#4350,#4351));
#4348 = ORIENTED_EDGE('',*,*,#4333,.F.);
#4349 = ORIENTED_EDGE('',*,*,#3973,.F.);
#4350 = ORIENTED_EDGE('',*,*,#4099,.F.);
#4351 = ORIENTED_EDGE('',*,*,#3741,.F.);
#4352 = PLANE('',#4353);
#4353 = AXIS2_PLACEMENT_3D('',#4354,#4355,#4356);
#4354 = CARTESIAN_POINT('',(-28.,-23.,16.));
#4355 = DIRECTION('',(0.,2.2E-16,1.));
#4356 = DIRECTION('',(0.,1.,-2.2E-16));
#4357 = ADVANCED_FACE('',(#4358),#4377,.F.);
#4358 = FACE_BOUND('',#4359,.F.);
#4359 = EDGE_LOOP('',(#4360,#4361,#4369,#4376));
#4360 = ORIENTED_EDGE('',*,*,#4024,.F.);
#4361 = ORIENTED_EDGE('',*,*,#4362,.T.);
#4362 = EDGE_CURVE('',#4025,#4363,#4365,.T.);
#4363 = VERTEX_POINT('',#4364);
#4364 = CARTESIAN_POINT('',(-11.15,-8.75,5.));
#4365 = LINE('',#4366,#4367);
#4366 = CARTESIAN_POINT('',(-11.15,-8.75,0.));
#4367 = VECTOR('',#4368,1.);
#4368 = DIRECTION('',(0.,0.,1.));
#4369 = ORIENTED_EDGE('',*,*,#4370,.T.);
#4370 = EDGE_CURVE('',#4363,#4363,#4371,.T.);
#4371 = CIRCLE('',#4372,1.6);
#4372 = AXIS2_PLACEMENT_3D('',#4373,#4374,#4375);
#4373 = CARTESIAN_POINT('',(-12.75,-8.75,5.));
#4374 = DIRECTION('',(0.,0.,-1.));
#4375 = DIRECTION('',(1.,0.,0.));
#4376 = ORIENTED_EDGE('',*,*,#4362,.F.);
#4377 = CYLINDRICAL_SURFACE('',#4378,1.6);
#4378 = AXIS2_PLACEMENT_3D('',#4379,#4380,#4381);
#4379 = CARTESIAN_POINT('',(-12.75,-8.75,0.));
#4380 = DIRECTION('',(0.,0.,-1.));
#4381 = DIRECTION('',(1.,0.,0.));
#4382 = ADVANCED_FACE('',(#4383),#4402,.F.);
#4383 = FACE_BOUND('',#4384,.F.);
#4384 = EDGE_LOOP('',(#4385,#4386,#4394,#4401));
#4385 = ORIENTED_EDGE('',*,*,#4044,.F.);
#4386 = ORIENTED_EDGE('',*,*,#4387,.T.);
#4387 = EDGE_CURVE('',#4045,#4388,#4390,.T.);
#4388 = VERTEX_POINT('',#4389);
#4389 = CARTESIAN_POINT('',(14.35,-8.75,5.));
#4390 = LINE('',#4391,#4392);
#4391 = CARTESIAN_POINT('',(14.35,-8.75,0.));
#4392 = VECTOR('',#4393,1.);
#4393 = DIRECTION('',(0.,0.,1.));
#4394 = ORIENTED_EDGE('',*,*,#4395,.T.);
#4395 = EDGE_CURVE('',#4388,#4388,#4396,.T.);
#4396 = CIRCLE('',#4397,1.6);
#4397 = AXIS2_PLACEMENT_3D('',#4398,#4399,#4400);
#4398 = CARTESIAN_POINT('',(12.75,-8.75,5.));
#4399 = DIRECTION('',(0.,0.,-1.));
#4400 = DIRECTION('',(1.,0.,0.));
#4401 = ORIENTED_EDGE('',*,*,#4387,.F.);
#4402 = CYLINDRICAL_SURFACE('',#4403,1.6);
#4403 = AXIS2_PLACEMENT_3D('',#4404,#4405,#4406);
#4404 = CARTESIAN_POINT('',(12.75,-8.75,0.));
#4405 = DIRECTION('',(0.,0.,-1.));
#4406 = DIRECTION('',(1.,0.,0.));
#4407 = ADVANCED_FACE('',(#4408),#4427,.F.);
#4408 = FACE_BOUND('',#4409,.F.);
#4409 = EDGE_LOOP('',(#4410,#4411,#4419,#4426));
#4410 = ORIENTED_EDGE('',*,*,#4064,.F.);
#4411 = ORIENTED_EDGE('',*,*,#4412,.T.);
#4412 = EDGE_CURVE('',#4065,#4413,#4415,.T.);
#4413 = VERTEX_POINT('',#4414);
#4414 = CARTESIAN_POINT('',(-11.15,8.75,5.));
#4415 = LINE('',#4416,#4417);
#4416 = CARTESIAN_POINT('',(-11.15,8.75,0.));
#4417 = VECTOR('',#4418,1.);
#4418 = DIRECTION('',(0.,0.,1.));
#4419 = ORIENTED_EDGE('',*,*,#4420,.T.);
#4420 = EDGE_CURVE('',#4413,#4413,#4421,.T.);
#4421 = CIRCLE('',#4422,1.6);
#4422 = AXIS2_PLACEMENT_3D('',#4423,#4424,#4425);
#4423 = CARTESIAN_POINT('',(-12.75,8.75,5.));
#4424 = DIRECTION('',(0.,0.,-1.));
#4425 = DIRECTION('',(1.,0.,0.));
#4426 = ORIENTED_EDGE('',*,*,#4412,.F.);
#4427 = CYLINDRICAL_SURFACE('',#4428,1.6);
#4428 = AXIS2_PLACEMENT_3D('',#4429,#4430,#4431);
#4429 = CARTESIAN_POINT('',(-12.75,8.75,0.));
#4430 = DIRECTION('',(0.,0.,-1.));
#4431 = DIRECTION('',(1.,0.,0.));
#4432 = ADVANCED_FACE('',(#4433),#4452,.F.);
#4433 = FACE_BOUND('',#4434,.F.);
#4434 = EDGE_LOOP('',(#4435,#4436,#4444,#4451));
#4435 = ORIENTED_EDGE('',*,*,#4143,.F.);
#4436 = ORIENTED_EDGE('',*,*,#4437,.T.);
#4437 = EDGE_CURVE('',#4144,#4438,#4440,.T.);
#4438 = VERTEX_POINT('',#4439);
#4439 = CARTESIAN_POINT('',(14.35,8.75,5.));
#4440 = LINE('',#4441,#4442);
#4441 = CARTESIAN_POINT('',(14.35,8.75,0.));
#4442 = VECTOR('',#4443,1.);
#4443 = DIRECTION('',(0.,0.,1.));
#4444 = ORIENTED_EDGE('',*,*,#4445,.T.);
#4445 = EDGE_CURVE('',#4438,#4438,#4446,.T.);
#4446 = CIRCLE('',#4447,1.6);
#4447 = AXIS2_PLACEMENT_3D('',#4448,#4449,#4450);
#4448 = CARTESIAN_POINT('',(12.75,8.75,5.));
#4449 = DIRECTION('',(0.,0.,-1.));
#4450 = DIRECTION('',(1.,0.,0.));
#4451 = ORIENTED_EDGE('',*,*,#4437,.F.);
#4452 = CYLINDRICAL_SURFACE('',#4453,1.6);
#4453 = AXIS2_PLACEMENT_3D('',#4454,#4455,#4456);
#4454 = CARTESIAN_POINT('',(12.75,8.75,0.));
#4455 = DIRECTION('',(0.,0.,-1.));
#4456 = DIRECTION('',(1.,0.,0.));
#4457 = ADVANCED_FACE('',(#4458),#4461,.F.);
#4458 = FACE_BOUND('',#4459,.T.);
#4459 = EDGE_LOOP('',(#4460));
#4460 = ORIENTED_EDGE('',*,*,#4370,.T.);
#4461 = PLANE('',#4462);
#4462 = AXIS2_PLACEMENT_3D('',#4463,#4464,#4465);
#4463 = CARTESIAN_POINT('',(-8.5E-16,3.7E-16,5.));
#4464 = DIRECTION('',(0.,0.,1.));
#4465 = DIRECTION('',(1.,0.,0.));
#4466 = ADVANCED_FACE('',(#4467),#4470,.F.);
#4467 = FACE_BOUND('',#4468,.T.);
#4468 = EDGE_LOOP('',(#4469));
#4469 = ORIENTED_EDGE('',*,*,#4395,.T.);
#4470 = PLANE('',#4471);
#4471 = AXIS2_PLACEMENT_3D('',#4472,#4473,#4474);
#4472 = CARTESIAN_POINT('',(-8.5E-16,3.7E-16,5.));
#4473 = DIRECTION('',(0.,0.,1.));
#4474 = DIRECTION('',(1.,0.,0.));
#4475 = ADVANCED_FACE('',(#4476),#4479,.F.);
#4476 = FACE_BOUND('',#4477,.T.);
#4477 = EDGE_LOOP('',(#4478));
#4478 = ORIENTED_EDGE('',*,*,#4420,.T.);
#4479 = PLANE('',#4480);
#4480 = AXIS2_PLACEMENT_3D('',#4481,#4482,#4483);
#4481 = CARTESIAN_POINT('',(-8.5E-16,3.7E-16,5.));
#4482 = DIRECTION('',(0.,0.,1.));
#4483 = DIRECTION('',(1.,0.,0.));
#4484 = ADVANCED_FACE('',(#4485),#4488,.F.);
#4485 = FACE_BOUND('',#4486,.T.);
#4486 = EDGE_LOOP('',(#4487));
#4487 = ORIENTED_EDGE('',*,*,#4445,.T.);
#4488 = PLANE('',#4489);
#4489 = AXIS2_PLACEMENT_3D('',#4490,#4491,#4492);
#4490 = CARTESIAN_POINT('',(-8.5E-16,3.7E-16,5.));
#4491 = DIRECTION('',(0.,0.,1.));
#4492 = DIRECTION('',(1.,0.,0.));
#4493 = ORIENTED_CLOSED_SHELL('',*,#4494,.F.);
#4494 = CLOSED_SHELL('',(#4495,#4535,#4566,#4597,#4614,#4631));
#4495 = ADVANCED_FACE('',(#4496),#4530,.F.);
#4496 = FACE_BOUND('',#4497,.F.);
#4497 = EDGE_LOOP('',(#4498,#4508,#4516,#4524));
#4498 = ORIENTED_EDGE('',*,*,#4499,.T.);
#4499 = EDGE_CURVE('',#4500,#4502,#4504,.T.);
#4500 = VERTEX_POINT('',#4501);
#4501 = CARTESIAN_POINT('',(-5.,-54.39965619804,3.07271042949));
#4502 = VERTEX_POINT('',#4503);
#4503 = CARTESIAN_POINT('',(-5.,-54.5706662697,3.542556739883));
#4504 = LINE('',#4505,#4506);
#4505 = CARTESIAN_POINT('',(-5.,-54.39965619804,3.07271042949));
#4506 = VECTOR('',#4507,1.);
#4507 = DIRECTION('',(0.,-0.342020143326,0.939692620786));
#4508 = ORIENTED_EDGE('',*,*,#4509,.T.);
#4509 = EDGE_CURVE('',#4502,#4510,#4512,.T.);
#4510 = VERTEX_POINT('',#4511);
#4511 = CARTESIAN_POINT('',(-5.,-54.94654331801,3.405748682553));
#4512 = LINE('',#4513,#4514);
#4513 = CARTESIAN_POINT('',(-5.,-54.5706662697,3.542556739883));
#4514 = VECTOR('',#4515,1.);
#4515 = DIRECTION('',(0.,-0.939692620786,-0.342020143326));
#4516 = ORIENTED_EDGE('',*,*,#4517,.F.);
#4517 = EDGE_CURVE('',#4518,#4510,#4520,.T.);
#4518 = VERTEX_POINT('',#4519);
#4519 = CARTESIAN_POINT('',(-5.,-54.77553324635,2.93590237216));
#4520 = LINE('',#4521,#4522);
#4521 = CARTESIAN_POINT('',(-5.,-54.77553324635,2.93590237216));
#4522 = VECTOR('',#4523,1.);
#4523 = DIRECTION('',(0.,-0.342020143326,0.939692620786));
#4524 = ORIENTED_EDGE('',*,*,#4525,.F.);
#4525 = EDGE_CURVE('',#4500,#4518,#4526,.T.);
#4526 = LINE('',#4527,#4528);
#4527 = CARTESIAN_POINT('',(-5.,-54.39965619804,3.07271042949));
#4528 = VECTOR('',#4529,1.);
#4529 = DIRECTION('',(0.,-0.939692620786,-0.342020143326));
#4530 = PLANE('',#4531);
#4531 = AXIS2_PLACEMENT_3D('',#4532,#4533,#4534);
#4532 = CARTESIAN_POINT('',(-5.,-54.39965619804,3.07271042949));
#4533 = DIRECTION('',(1.,0.,0.));
#4534 = DIRECTION('',(0.,-0.939692620786,-0.342020143326));
#4535 = ADVANCED_FACE('',(#4536),#4561,.F.);
#4536 = FACE_BOUND('',#4537,.F.);
#4537 = EDGE_LOOP('',(#4538,#4548,#4554,#4555));
#4538 = ORIENTED_EDGE('',*,*,#4539,.T.);
#4539 = EDGE_CURVE('',#4540,#4542,#4544,.T.);
#4540 = VERTEX_POINT('',#4541);
#4541 = CARTESIAN_POINT('',(5.,-54.39965619804,3.07271042949));
#4542 = VERTEX_POINT('',#4543);
#4543 = CARTESIAN_POINT('',(5.,-54.5706662697,3.542556739883));
#4544 = LINE('',#4545,#4546);
#4545 = CARTESIAN_POINT('',(5.,-54.39965619804,3.07271042949));
#4546 = VECTOR('',#4547,1.);
#4547 = DIRECTION('',(0.,-0.342020143326,0.939692620786));
#4548 = ORIENTED_EDGE('',*,*,#4549,.T.);
#4549 = EDGE_CURVE('',#4542,#4502,#4550,.T.);
#4550 = LINE('',#4551,#4552);
#4551 = CARTESIAN_POINT('',(5.,-54.5706662697,3.542556739883));
#4552 = VECTOR('',#4553,1.);
#4553 = DIRECTION('',(-1.,0.,0.));
#4554 = ORIENTED_EDGE('',*,*,#4499,.F.);
#4555 = ORIENTED_EDGE('',*,*,#4556,.F.);
#4556 = EDGE_CURVE('',#4540,#4500,#4557,.T.);
#4557 = LINE('',#4558,#4559);
#4558 = CARTESIAN_POINT('',(5.,-54.39965619804,3.07271042949));
#4559 = VECTOR('',#4560,1.);
#4560 = DIRECTION('',(-1.,0.,0.));
#4561 = PLANE('',#4562);
#4562 = AXIS2_PLACEMENT_3D('',#4563,#4564,#4565);
#4563 = CARTESIAN_POINT('',(5.,-54.39965619804,3.07271042949));
#4564 = DIRECTION('',(-0.,-0.939692620786,-0.342020143326));
#4565 = DIRECTION('',(-1.,0.,0.));
#4566 = ADVANCED_FACE('',(#4567),#4592,.F.);
#4567 = FACE_BOUND('',#4568,.F.);
#4568 = EDGE_LOOP('',(#4569,#4570,#4578,#4586));
#4569 = ORIENTED_EDGE('',*,*,#4517,.T.);
#4570 = ORIENTED_EDGE('',*,*,#4571,.T.);
#4571 = EDGE_CURVE('',#4510,#4572,#4574,.T.);
#4572 = VERTEX_POINT('',#4573);
#4573 = CARTESIAN_POINT('',(5.,-54.94654331801,3.405748682553));
#4574 = LINE('',#4575,#4576);
#4575 = CARTESIAN_POINT('',(-5.,-54.94654331801,3.405748682553));
#4576 = VECTOR('',#4577,1.);
#4577 = DIRECTION('',(1.,0.,0.));
#4578 = ORIENTED_EDGE('',*,*,#4579,.F.);
#4579 = EDGE_CURVE('',#4580,#4572,#4582,.T.);
#4580 = VERTEX_POINT('',#4581);
#4581 = CARTESIAN_POINT('',(5.,-54.77553324635,2.93590237216));
#4582 = LINE('',#4583,#4584);
#4583 = CARTESIAN_POINT('',(5.,-54.77553324635,2.93590237216));
#4584 = VECTOR('',#4585,1.);
#4585 = DIRECTION('',(0.,-0.342020143326,0.939692620786));
#4586 = ORIENTED_EDGE('',*,*,#4587,.F.);
#4587 = EDGE_CURVE('',#4518,#4580,#4588,.T.);
#4588 = LINE('',#4589,#4590);
#4589 = CARTESIAN_POINT('',(-5.,-54.77553324635,2.93590237216));
#4590 = VECTOR('',#4591,1.);
#4591 = DIRECTION('',(1.,0.,0.));
#4592 = PLANE('',#4593);
#4593 = AXIS2_PLACEMENT_3D('',#4594,#4595,#4596);
#4594 = CARTESIAN_POINT('',(-5.,-54.77553324635,2.93590237216));
#4595 = DIRECTION('',(0.,0.939692620786,0.342020143326));
#4596 = DIRECTION('',(1.,0.,0.));
#4597 = ADVANCED_FACE('',(#4598),#4609,.F.);
#4598 = FACE_BOUND('',#4599,.F.);
#4599 = EDGE_LOOP('',(#4600,#4601,#4602,#4608));
#4600 = ORIENTED_EDGE('',*,*,#4525,.T.);
#4601 = ORIENTED_EDGE('',*,*,#4587,.T.);
#4602 = ORIENTED_EDGE('',*,*,#4603,.T.);
#4603 = EDGE_CURVE('',#4580,#4540,#4604,.T.);
#4604 = LINE('',#4605,#4606);
#4605 = CARTESIAN_POINT('',(5.,-54.77553324635,2.93590237216));
#4606 = VECTOR('',#4607,1.);
#4607 = DIRECTION('',(0.,0.939692620786,0.342020143326));
#4608 = ORIENTED_EDGE('',*,*,#4556,.T.);
#4609 = PLANE('',#4610);
#4610 = AXIS2_PLACEMENT_3D('',#4611,#4612,#4613);
#4611 = CARTESIAN_POINT('',(0.,-54.58759472219,3.004306400825));
#4612 = DIRECTION('',(0.,-0.342020143326,0.939692620786));
#4613 = DIRECTION('',(0.,0.939692620786,0.342020143326));
#4614 = ADVANCED_FACE('',(#4615),#4626,.T.);
#4615 = FACE_BOUND('',#4616,.T.);
#4616 = EDGE_LOOP('',(#4617,#4618,#4619,#4625));
#4617 = ORIENTED_EDGE('',*,*,#4509,.T.);
#4618 = ORIENTED_EDGE('',*,*,#4571,.T.);
#4619 = ORIENTED_EDGE('',*,*,#4620,.T.);
#4620 = EDGE_CURVE('',#4572,#4542,#4621,.T.);
#4621 = LINE('',#4622,#4623);
#4622 = CARTESIAN_POINT('',(5.,-54.94654331801,3.405748682553));
#4623 = VECTOR('',#4624,1.);
#4624 = DIRECTION('',(0.,0.939692620786,0.342020143326));
#4625 = ORIENTED_EDGE('',*,*,#4549,.T.);
#4626 = PLANE('',#4627);
#4627 = AXIS2_PLACEMENT_3D('',#4628,#4629,#4630);
#4628 = CARTESIAN_POINT('',(0.,-54.75860479386,3.474152711218));
#4629 = DIRECTION('',(0.,-0.342020143326,0.939692620786));
#4630 = DIRECTION('',(0.,0.939692620786,0.342020143326));
#4631 = ADVANCED_FACE('',(#4632),#4638,.F.);
#4632 = FACE_BOUND('',#4633,.F.);
#4633 = EDGE_LOOP('',(#4634,#4635,#4636,#4637));
#4634 = ORIENTED_EDGE('',*,*,#4579,.T.);
#4635 = ORIENTED_EDGE('',*,*,#4620,.T.);
#4636 = ORIENTED_EDGE('',*,*,#4539,.F.);
#4637 = ORIENTED_EDGE('',*,*,#4603,.F.);
#4638 = PLANE('',#4639);
#4639 = AXIS2_PLACEMENT_3D('',#4640,#4641,#4642);
#4640 = CARTESIAN_POINT('',(5.,-54.77553324635,2.93590237216));
#4641 = DIRECTION('',(-1.,0.,0.));
#4642 = DIRECTION('',(0.,0.939692620786,0.342020143326));
#4643 = ( GEOMETRIC_REPRESENTATION_CONTEXT(3) 
GLOBAL_UNCERTAINTY_ASSIGNED_CONTEXT((#4647)) 
GLOBAL_UNIT_ASSIGNED_CONTEXT((#4644,#4645,#4646)) REPRESENTATION_CONTEXT
('Context #1','3D Context with UNIT and UNCERTAINTY') );
#4644 = ( LENGTH_UNIT() NAMED_UNIT(*) SI_UNIT(.MILLI.,.METRE.) );
#4645 = ( NAMED_UNIT(*) PLANE_ANGLE_UNIT() SI_UNIT($,.RADIAN.) );
#4646 = ( NAMED_UNIT(*) SI_UNIT($,.STERADIAN.) SOLID_ANGLE_UNIT() );
#4647 = UNCERTAINTY_MEASURE_WITH_UNIT(LENGTH_MEASURE(1.E-05),#4644,
  'distance_accuracy_value','confusion accuracy');
#4648 = PRODUCT_RELATED_PRODUCT_CATEGORY('part',$,(#7));
#4649 = MECHANICAL_DESIGN_GEOMETRIC_PRESENTATION_REPRESENTATION('',(
    #4650),#4643);
#4650 = STYLED_ITEM('color',(#4651),#15);
#4651 = PRESENTATION_STYLE_ASSIGNMENT((#4652,#4660));
#4652 = SURFACE_STYLE_USAGE(.BOTH.,#4653);
#4653 = SURFACE_SIDE_STYLE('',(#4654,#4658));
#4654 = SURFACE_STYLE_FILL_AREA(#4655);
#4655 = FILL_AREA_STYLE('',(#4656));
#4656 = FILL_AREA_STYLE_COLOUR('',#4657);
#4657 = COLOUR_RGB('',7.058823929811E-02,0.815686284108,0.749019635948);
#4658 = SURFACE_STYLE_RENDERING_WITH_PROPERTIES(.NORMAL_SHADING.,#4657,(
    #4659));
#4659 = SURFACE_STYLE_TRANSPARENT(0.800000011921);
#4660 = CURVE_STYLE('',#4661,POSITIVE_LENGTH_MEASURE(0.1),#4662);
#4661 = DRAUGHTING_PRE_DEFINED_CURVE_FONT('continuous');
#4662 = COLOUR_RGB('',9.803921802644E-02,9.803921802644E-02,
  9.803921802644E-02);
ENDSEC;
END-ISO-10303-21;
